INFO 2025-09-15 00:16:40,172 autoreload 6800 29476 Watching for file changes with StatReloader
INFO 2025-09-15 00:17:44,455 basehttp 6800 12500 "GET / HTTP/1.1" 200 110109
INFO 2025-09-15 00:17:44,523 basehttp 6800 22916 "GET /static/main/mainnn.css HTTP/1.1" 304 0
INFO 2025-09-15 00:17:44,523 basehttp 6800 29168 "GET /static/main/make.js HTTP/1.1" 304 0
INFO 2025-09-15 00:17:44,536 basehttp 6800 12500 "GET / HTTP/1.1" 200 110109
INFO 2025-09-15 00:17:46,143 basehttp 6800 12500 "GET /total_orders HTTP/1.1" 200 50409
INFO 2025-09-15 00:17:54,971 basehttp 6800 14052 "GET /total_orders/month_sales?m=3&y=2024 HTTP/1.1" 200 39130
INFO 2025-09-15 00:18:00,273 basehttp 6800 14052 "GET /order_info/9 HTTP/1.1" 200 35250
INFO 2025-09-15 00:18:00,282 basehttp 6800 14052 "GET /static/main/order_table.js HTTP/1.1" 304 0
INFO 2025-09-15 00:18:08,218 basehttp 6800 14052 "GET /coming_order/45 HTTP/1.1" 200 36034
INFO 2025-09-15 00:18:18,443 basehttp 6800 23880 "GET /total_orders HTTP/1.1" 200 50409
INFO 2025-09-15 00:18:19,112 basehttp 6800 23880 "GET /users/ HTTP/1.1" 200 71293
INFO 2025-09-15 00:18:19,121 basehttp 6800 23880 "GET /static/main/users_search.js HTTP/1.1" 304 0
INFO 2025-09-15 00:18:22,018 basehttp 6800 23880 "GET /users/1 HTTP/1.1" 200 44702
WARNING 2025-09-15 00:18:27,776 log 6800 23880 Not Found: /.well-known/appspecific/com.chrome.devtools.json
WARNING 2025-09-15 00:18:27,777 basehttp 6800 23880 "GET /.well-known/appspecific/com.chrome.devtools.json HTTP/1.1" 404 10362
INFO 2025-09-15 00:21:41,147 basehttp 6800 11328 "GET /users/1 HTTP/1.1" 200 45641
WARNING 2025-09-15 00:21:41,226 log 6800 11328 Not Found: /.well-known/appspecific/com.chrome.devtools.json
WARNING 2025-09-15 00:21:41,226 basehttp 6800 11328 "GET /.well-known/appspecific/com.chrome.devtools.json HTTP/1.1" 404 10362
INFO 2025-09-15 00:22:13,943 autoreload 12600 27880 Watching for file changes with StatReloader
WARNING 2025-09-15 00:22:14,158 log 12600 18244 Not Found: /users/1555
WARNING 2025-09-15 00:22:14,158 basehttp 12600 18244 "GET /users/1555 HTTP/1.1" 404 3916
WARNING 2025-09-15 00:22:14,211 log 12600 18244 Not Found: /.well-known/appspecific/com.chrome.devtools.json
WARNING 2025-09-15 00:22:14,211 basehttp 12600 18244 "GET /.well-known/appspecific/com.chrome.devtools.json HTTP/1.1" 404 10362
INFO 2025-09-15 00:23:59,014 autoreload 12600 27880 C:\D\Cooding\GENERAL\Al-Asel\asel\settings.py changed, reloading.
INFO 2025-09-15 00:23:59,705 autoreload 22384 9264 Watching for file changes with StatReloader
INFO 2025-09-15 00:24:05,087 autoreload 22384 9264 C:\D\Cooding\GENERAL\Al-Asel\asel\settings.py changed, reloading.
INFO 2025-09-15 00:24:05,716 autoreload 12572 29000 Watching for file changes with StatReloader
INFO 2025-09-15 00:24:11,087 autoreload 12572 29000 C:\D\Cooding\GENERAL\Al-Asel\asel\settings.py changed, reloading.
INFO 2025-09-15 00:24:11,746 autoreload 20476 24544 Watching for file changes with StatReloader
INFO 2025-09-15 00:24:18,175 autoreload 20476 24544 C:\D\Cooding\GENERAL\Al-Asel\asel\settings.py changed, reloading.
INFO 2025-09-15 00:24:18,758 autoreload 28824 952 Watching for file changes with StatReloader
INFO 2025-09-15 00:24:42,517 autoreload 28824 952 C:\D\Cooding\GENERAL\Al-Asel\asel\settings.py changed, reloading.
INFO 2025-09-15 00:24:43,180 autoreload 26656 14032 Watching for file changes with StatReloader
INFO 2025-09-15 00:24:45,485 autoreload 26656 14032 C:\D\Cooding\GENERAL\Al-Asel\asel\settings.py changed, reloading.
INFO 2025-09-15 00:24:46,074 autoreload 5416 16744 Watching for file changes with StatReloader
WARNING 2025-09-15 00:24:52,022 base 5416 28592 Session data corrupted
INFO 2025-09-15 00:24:52,034 basehttp 5416 28592 "GET /users/1555 HTTP/1.1" 302 0
INFO 2025-09-15 00:24:52,053 basehttp 5416 28592 "GET /login/?next=/users/1555 HTTP/1.1" 200 4931
WARNING 2025-09-15 00:24:52,104 log 5416 28592 Not Found: /.well-known/appspecific/com.chrome.devtools.json
WARNING 2025-09-15 00:24:52,104 basehttp 5416 28592 "GET /.well-known/appspecific/com.chrome.devtools.json HTTP/1.1" 404 179
INFO 2025-09-15 00:25:00,643 basehttp 5416 29152 "POST /login/ HTTP/1.1" 302 0
WARNING 2025-09-15 00:25:00,653 log 5416 29152 Not Found: /users/1555
WARNING 2025-09-15 00:25:00,654 basehttp 5416 29152 "GET /users/1555 HTTP/1.1" 404 179
WARNING 2025-09-15 00:25:00,696 log 5416 29152 Not Found: /.well-known/appspecific/com.chrome.devtools.json
WARNING 2025-09-15 00:25:00,697 basehttp 5416 29152 "GET /.well-known/appspecific/com.chrome.devtools.json HTTP/1.1" 404 179
WARNING 2025-09-15 00:25:10,247 log 5416 1552 Not Found: /users/1555
WARNING 2025-09-15 00:25:10,248 basehttp 5416 1552 "GET /users/1555 HTTP/1.1" 404 179
WARNING 2025-09-15 00:25:10,292 log 5416 1552 Not Found: /.well-known/appspecific/com.chrome.devtools.json
WARNING 2025-09-15 00:25:10,293 basehttp 5416 1552 "GET /.well-known/appspecific/com.chrome.devtools.json HTTP/1.1" 404 179
INFO 2025-09-15 00:25:17,761 autoreload 23184 27340 Watching for file changes with StatReloader
WARNING 2025-09-15 00:25:19,354 log 23184 14112 Not Found: /users/1555
WARNING 2025-09-15 00:25:19,355 basehttp 23184 14112 "GET /users/1555 HTTP/1.1" 404 3916
WARNING 2025-09-15 00:25:19,407 log 23184 14112 Not Found: /.well-known/appspecific/com.chrome.devtools.json
WARNING 2025-09-15 00:25:19,409 basehttp 23184 14112 "GET /.well-known/appspecific/com.chrome.devtools.json HTTP/1.1" 404 10362
WARNING 2025-09-15 00:25:23,987 log 23184 22780 Not Found: /users/1555
WARNING 2025-09-15 00:25:23,988 basehttp 23184 22780 "GET /users/1555 HTTP/1.1" 404 3916
WARNING 2025-09-15 00:25:24,036 log 23184 22780 Not Found: /.well-known/appspecific/com.chrome.devtools.json
WARNING 2025-09-15 00:25:24,039 basehttp 23184 22780 "GET /.well-known/appspecific/com.chrome.devtools.json HTTP/1.1" 404 10362
INFO 2025-09-22 02:16:17,001 autoreload 12956 12968 Watching for file changes with StatReloader
INFO 2025-09-22 02:16:19,106 basehttp 12956 28380 "GET / HTTP/1.1" 302 0
INFO 2025-09-22 02:16:19,157 basehttp 12956 28380 "GET /login/?next=/ HTTP/1.1" 200 4921
INFO 2025-09-22 02:16:19,237 basehttp 12956 28380 "GET /static/main/logoamr.png HTTP/1.1" 200 38244
WARNING 2025-09-22 02:16:19,599 log 12956 3736 Not Found: /favicon.ico
WARNING 2025-09-22 02:16:19,600 basehttp 12956 3736 "GET /favicon.ico HTTP/1.1" 404 10251
INFO 2025-09-22 02:16:21,841 basehttp 12956 3736 "POST /login/ HTTP/1.1" 200 5238
INFO 2025-09-22 02:16:26,787 basehttp 12956 3736 "POST /login/ HTTP/1.1" 302 0
INFO 2025-09-22 02:16:26,828 basehttp 12956 3736 "GET / HTTP/1.1" 200 110109
INFO 2025-09-22 02:16:26,843 basehttp 12956 28464 "GET /static/main/make.js HTTP/1.1" 200 1496
INFO 2025-09-22 02:16:26,843 basehttp 12956 3736 "GET /static/main/mainnn.css HTTP/1.1" 200 10858
INFO 2025-09-22 02:16:28,818 basehttp 12956 28464 "POST / HTTP/1.1" 302 0
INFO 2025-09-22 02:16:28,873 basehttp 12956 28464 "GET /order_info/38 HTTP/1.1" 200 35256
INFO 2025-09-22 02:16:28,892 basehttp 12956 28464 "GET /static/main/order_table.js HTTP/1.1" 200 2226
INFO 2025-09-22 02:16:40,925 basehttp 12956 28464 "GET /total_orders HTTP/1.1" 200 55032
INFO 2025-09-22 02:16:47,228 basehttp 12956 28464 "GET /users/ HTTP/1.1" 200 72234
INFO 2025-09-22 02:16:47,235 basehttp 12956 28464 "GET /static/main/users_search.js HTTP/1.1" 200 2469
INFO 2025-09-22 02:16:50,793 basehttp 12956 28464 "GET /order_info/38 HTTP/1.1" 200 35256
WARNING 2025-09-22 02:16:54,304 log 12956 28464 Not Found: /.well-known/appspecific/com.chrome.devtools.json
WARNING 2025-09-22 02:16:54,305 basehttp 12956 28464 "GET /.well-known/appspecific/com.chrome.devtools.json HTTP/1.1" 404 10362
INFO 2025-09-22 02:18:35,061 basehttp 12956 28524 "GET /order_info/38 HTTP/1.1" 200 35256
INFO 2025-09-22 02:18:36,156 basehttp 12956 28524 "GET /order_info/38 HTTP/1.1" 200 35256
WARNING 2025-09-22 02:18:37,994 log 12956 28524 Not Found: /.well-known/appspecific/com.chrome.devtools.json
WARNING 2025-09-22 02:18:37,994 basehttp 12956 28524 "GET /.well-known/appspecific/com.chrome.devtools.json HTTP/1.1" 404 10362
INFO 2025-09-22 02:18:39,455 basehttp 12956 28524 "GET /order_info/38 HTTP/1.1" 200 35256
WARNING 2025-09-22 02:18:39,516 log 12956 28524 Not Found: /.well-known/appspecific/com.chrome.devtools.json
WARNING 2025-09-22 02:18:39,517 basehttp 12956 28524 "GET /.well-known/appspecific/com.chrome.devtools.json HTTP/1.1" 404 10362
INFO 2025-09-22 02:18:43,241 basehttp 12956 28524 "GET /order_info/38 HTTP/1.1" 200 35256
WARNING 2025-09-22 02:18:43,291 log 12956 28524 Not Found: /.well-known/appspecific/com.chrome.devtools.json
WARNING 2025-09-22 02:18:43,293 basehttp 12956 28524 "GET /.well-known/appspecific/com.chrome.devtools.json HTTP/1.1" 404 10362
WARNING 2025-09-22 02:18:51,012 log 12956 29184 Not Found: /.well-known/appspecific/com.chrome.devtools.json
WARNING 2025-09-22 02:18:51,014 basehttp 12956 29184 "GET /.well-known/appspecific/com.chrome.devtools.json HTTP/1.1" 404 10362
WARNING 2025-09-22 02:18:51,039 log 12956 29184 Not Found: /.well-known/appspecific/com.chrome.devtools.json
WARNING 2025-09-22 02:18:51,041 basehttp 12956 29184 "GET /.well-known/appspecific/com.chrome.devtools.json HTTP/1.1" 404 10362
INFO 2025-09-22 02:18:57,286 basehttp 12956 29184 "GET /create_item HTTP/1.1" 200 34285
WARNING 2025-09-22 02:18:57,368 log 12956 29184 Not Found: /.well-known/appspecific/com.chrome.devtools.json
WARNING 2025-09-22 02:18:57,370 basehttp 12956 29184 "GET /.well-known/appspecific/com.chrome.devtools.json HTTP/1.1" 404 10362
INFO 2025-09-22 02:18:58,806 basehttp 12956 29184 "GET / HTTP/1.1" 200 116437
WARNING 2025-09-22 02:18:58,908 log 12956 29184 Not Found: /.well-known/appspecific/com.chrome.devtools.json
WARNING 2025-09-22 02:18:58,909 basehttp 12956 29184 "GET /.well-known/appspecific/com.chrome.devtools.json HTTP/1.1" 404 10362
INFO 2025-09-22 02:19:01,374 basehttp 12956 27564 "POST / HTTP/1.1" 302 0
INFO 2025-09-22 02:19:01,394 basehttp 12956 27564 "GET /order_info/39 HTTP/1.1" 200 35255
WARNING 2025-09-22 02:19:01,481 log 12956 27564 Not Found: /.well-known/appspecific/com.chrome.devtools.json
WARNING 2025-09-22 02:19:01,482 basehttp 12956 27564 "GET /.well-known/appspecific/com.chrome.devtools.json HTTP/1.1" 404 10362
INFO 2025-09-22 02:19:13,707 basehttp 12956 21636 "POST /edit_order/39 HTTP/1.1" 302 0
INFO 2025-09-22 02:19:13,728 basehttp 12956 21636 "GET /edit_order/39 HTTP/1.1" 200 35513
WARNING 2025-09-22 02:19:13,832 log 12956 21636 Not Found: /.well-known/appspecific/com.chrome.devtools.json
WARNING 2025-09-22 02:19:13,834 basehttp 12956 21636 "GET /.well-known/appspecific/com.chrome.devtools.json HTTP/1.1" 404 10362
INFO 2025-09-22 02:20:31,695 basehttp 12956 12328 "GET / HTTP/1.1" 200 116437
WARNING 2025-09-22 02:20:46,215 log 12956 10908 Not Found: /.well-known/appspecific/com.chrome.devtools.json
WARNING 2025-09-22 02:20:46,216 basehttp 12956 10908 "GET /.well-known/appspecific/com.chrome.devtools.json HTTP/1.1" 404 10362
INFO 2025-09-22 02:22:25,700 basehttp 12956 4044 "GET / HTTP/1.1" 200 117641
WARNING 2025-09-22 02:22:25,746 log 12956 4044 Not Found: /.well-known/appspecific/com.chrome.devtools.json
WARNING 2025-09-22 02:22:25,747 basehttp 12956 4044 "GET /.well-known/appspecific/com.chrome.devtools.json HTTP/1.1" 404 10362
INFO 2025-09-22 02:22:27,997 basehttp 12956 4044 "GET /edit_order/39 HTTP/1.1" 200 35475
WARNING 2025-09-22 02:22:28,036 log 12956 4044 Not Found: /.well-known/appspecific/com.chrome.devtools.json
WARNING 2025-09-22 02:22:28,037 basehttp 12956 4044 "GET /.well-known/appspecific/com.chrome.devtools.json HTTP/1.1" 404 10362
INFO 2025-09-22 02:22:28,882 basehttp 12956 4044 "GET /edit_order/39 HTTP/1.1" 200 35475
WARNING 2025-09-22 02:22:28,924 log 12956 4044 Not Found: /.well-known/appspecific/com.chrome.devtools.json
WARNING 2025-09-22 02:22:28,926 basehttp 12956 4044 "GET /.well-known/appspecific/com.chrome.devtools.json HTTP/1.1" 404 10362
INFO 2025-09-22 02:22:30,029 basehttp 12956 11580 "GET /edit_order/39 HTTP/1.1" 200 35475
WARNING 2025-09-22 02:22:30,089 log 12956 11580 Not Found: /.well-known/appspecific/com.chrome.devtools.json
WARNING 2025-09-22 02:22:30,090 basehttp 12956 11580 "GET /.well-known/appspecific/com.chrome.devtools.json HTTP/1.1" 404 10362
INFO 2025-09-22 02:22:35,317 basehttp 12956 11580 "GET /edit_order/39 HTTP/1.1" 200 35475
WARNING 2025-09-22 02:22:35,398 log 12956 11580 Not Found: /.well-known/appspecific/com.chrome.devtools.json
WARNING 2025-09-22 02:22:35,399 basehttp 12956 11580 "GET /.well-known/appspecific/com.chrome.devtools.json HTTP/1.1" 404 10362
INFO 2025-09-22 02:22:37,192 basehttp 12956 11580 "GET /edit_order/39 HTTP/1.1" 200 35475
WARNING 2025-09-22 02:22:37,259 log 12956 11580 Not Found: /.well-known/appspecific/com.chrome.devtools.json
WARNING 2025-09-22 02:22:37,261 basehttp 12956 11580 "GET /.well-known/appspecific/com.chrome.devtools.json HTTP/1.1" 404 10362
INFO 2025-09-22 02:22:57,912 basehttp 12956 18636 "GET /edit_order/39 HTTP/1.1" 200 35475
WARNING 2025-09-22 02:22:57,957 log 12956 18636 Not Found: /.well-known/appspecific/com.chrome.devtools.json
WARNING 2025-09-22 02:22:57,958 basehttp 12956 18636 "GET /.well-known/appspecific/com.chrome.devtools.json HTTP/1.1" 404 10362
INFO 2025-09-22 02:23:39,142 basehttp 12956 28516 "GET /edit_order/39 HTTP/1.1" 200 35483
WARNING 2025-09-22 02:23:39,184 log 12956 28516 Not Found: /.well-known/appspecific/com.chrome.devtools.json
WARNING 2025-09-22 02:23:39,185 basehttp 12956 28516 "GET /.well-known/appspecific/com.chrome.devtools.json HTTP/1.1" 404 10362
INFO 2025-09-22 02:23:40,081 basehttp 12956 2820 "GET /edit_order/39 HTTP/1.1" 200 35483
WARNING 2025-09-22 02:23:40,118 log 12956 2820 Not Found: /.well-known/appspecific/com.chrome.devtools.json
WARNING 2025-09-22 02:23:40,119 basehttp 12956 2820 "GET /.well-known/appspecific/com.chrome.devtools.json HTTP/1.1" 404 10362
INFO 2025-09-22 02:24:06,894 basehttp 12956 16836 "GET /edit_order/39 HTTP/1.1" 200 35486
WARNING 2025-09-22 02:24:06,930 log 12956 16836 Not Found: /.well-known/appspecific/com.chrome.devtools.json
WARNING 2025-09-22 02:24:06,931 basehttp 12956 16836 "GET /.well-known/appspecific/com.chrome.devtools.json HTTP/1.1" 404 10362
INFO 2025-09-22 02:24:17,261 autoreload 23876 21416 Watching for file changes with StatReloader
INFO 2025-09-22 02:24:17,618 basehttp 23876 3232 "GET /edit_order/39 HTTP/1.1" 200 35486
WARNING 2025-09-22 02:24:17,685 log 23876 3232 Not Found: /.well-known/appspecific/com.chrome.devtools.json
WARNING 2025-09-22 02:24:17,687 basehttp 23876 3232 "GET /.well-known/appspecific/com.chrome.devtools.json HTTP/1.1" 404 10362
INFO 2025-09-22 02:24:18,386 basehttp 23876 3232 "GET /edit_order/39 HTTP/1.1" 200 35486
WARNING 2025-09-22 02:24:18,496 log 23876 3232 Not Found: /.well-known/appspecific/com.chrome.devtools.json
WARNING 2025-09-22 02:24:18,498 basehttp 23876 3232 "GET /.well-known/appspecific/com.chrome.devtools.json HTTP/1.1" 404 10362
INFO 2025-09-22 02:24:23,504 basehttp 23876 29384 "GET /edit_order/39 HTTP/1.1" 200 35483
WARNING 2025-09-22 02:24:23,576 log 23876 29384 Not Found: /.well-known/appspecific/com.chrome.devtools.json
WARNING 2025-09-22 02:24:23,579 basehttp 23876 29384 "GET /.well-known/appspecific/com.chrome.devtools.json HTTP/1.1" 404 10362
INFO 2025-09-22 02:25:44,533 basehttp 23876 19300 "GET / HTTP/1.1" 200 117641
WARNING 2025-09-22 02:25:44,591 log 23876 19300 Not Found: /.well-known/appspecific/com.chrome.devtools.json
WARNING 2025-09-22 02:25:44,592 basehttp 23876 19300 "GET /.well-known/appspecific/com.chrome.devtools.json HTTP/1.1" 404 10362
INFO 2025-09-22 02:26:28,055 basehttp 23876 25564 "GET / HTTP/1.1" 200 117641
WARNING 2025-09-22 02:26:28,107 log 23876 25564 Not Found: /.well-known/appspecific/com.chrome.devtools.json
WARNING 2025-09-22 02:26:28,108 basehttp 23876 25564 "GET /.well-known/appspecific/com.chrome.devtools.json HTTP/1.1" 404 10362
INFO 2025-09-22 02:26:38,157 basehttp 23876 19524 "GET /edit_order/39 HTTP/1.1" 200 35474
WARNING 2025-09-22 02:26:38,340 log 23876 19524 Not Found: /.well-known/appspecific/com.chrome.devtools.json
WARNING 2025-09-22 02:26:38,341 basehttp 23876 19524 "GET /.well-known/appspecific/com.chrome.devtools.json HTTP/1.1" 404 10362
INFO 2025-09-22 02:26:38,853 basehttp 23876 19524 "GET /edit_order/39 HTTP/1.1" 200 35474
WARNING 2025-09-22 02:26:38,898 log 23876 19524 Not Found: /.well-known/appspecific/com.chrome.devtools.json
WARNING 2025-09-22 02:26:38,899 basehttp 23876 19524 "GET /.well-known/appspecific/com.chrome.devtools.json HTTP/1.1" 404 10362
INFO 2025-09-22 02:27:32,037 basehttp 23876 24012 "GET /edit_order/39 HTTP/1.1" 200 35474
WARNING 2025-09-22 02:27:32,118 log 23876 24012 Not Found: /.well-known/appspecific/com.chrome.devtools.json
WARNING 2025-09-22 02:27:32,120 basehttp 23876 24012 "GET /.well-known/appspecific/com.chrome.devtools.json HTTP/1.1" 404 10362
INFO 2025-09-22 02:27:38,100 basehttp 23876 24012 "POST /edit_order/39 HTTP/1.1" 302 0
INFO 2025-09-22 02:27:38,130 basehttp 23876 24012 "GET /edit_order/39 HTTP/1.1" 200 35494
WARNING 2025-09-22 02:27:38,175 log 23876 24012 Not Found: /.well-known/appspecific/com.chrome.devtools.json
WARNING 2025-09-22 02:27:38,176 basehttp 23876 24012 "GET /.well-known/appspecific/com.chrome.devtools.json HTTP/1.1" 404 10362
INFO 2025-09-22 02:28:03,940 basehttp 23876 6912 "GET /edit_order/39 HTTP/1.1" 200 35494
WARNING 2025-09-22 02:28:03,983 log 23876 6912 Not Found: /.well-known/appspecific/com.chrome.devtools.json
WARNING 2025-09-22 02:28:03,984 basehttp 23876 6912 "GET /.well-known/appspecific/com.chrome.devtools.json HTTP/1.1" 404 10362
INFO 2025-09-22 02:28:13,556 basehttp 23876 2916 "GET /edit_order/39 HTTP/1.1" 200 35494
WARNING 2025-09-22 02:28:14,529 log 23876 2916 Not Found: /.well-known/appspecific/com.chrome.devtools.json
WARNING 2025-09-22 02:28:14,530 basehttp 23876 2916 "GET /.well-known/appspecific/com.chrome.devtools.json HTTP/1.1" 404 10362
INFO 2025-09-22 02:28:20,018 basehttp 23876 2916 "POST /edit_order/39 HTTP/1.1" 302 0
INFO 2025-09-22 02:28:20,040 basehttp 23876 2916 "GET /edit_order/39 HTTP/1.1" 200 35472
WARNING 2025-09-22 02:28:20,092 log 23876 2916 Not Found: /.well-known/appspecific/com.chrome.devtools.json
WARNING 2025-09-22 02:28:20,094 basehttp 23876 2916 "GET /.well-known/appspecific/com.chrome.devtools.json HTTP/1.1" 404 10362
INFO 2025-09-22 02:28:43,933 basehttp 23876 24496 "GET /edit_order/39 HTTP/1.1" 200 35472
WARNING 2025-09-22 02:28:43,979 log 23876 24496 Not Found: /.well-known/appspecific/com.chrome.devtools.json
WARNING 2025-09-22 02:28:43,980 basehttp 23876 24496 "GET /.well-known/appspecific/com.chrome.devtools.json HTTP/1.1" 404 10362
INFO 2025-09-22 02:28:46,829 basehttp 23876 24496 "POST /edit_order/39 HTTP/1.1" 302 0
INFO 2025-09-22 02:28:46,849 basehttp 23876 24496 "GET /edit_order/39 HTTP/1.1" 200 35478
WARNING 2025-09-22 02:28:46,899 log 23876 24496 Not Found: /.well-known/appspecific/com.chrome.devtools.json
WARNING 2025-09-22 02:28:46,900 basehttp 23876 24496 "GET /.well-known/appspecific/com.chrome.devtools.json HTTP/1.1" 404 10362
INFO 2025-09-22 02:29:08,302 basehttp 23876 27144 "POST /edit_order/39 HTTP/1.1" 302 0
INFO 2025-09-22 02:29:08,323 basehttp 23876 27144 "GET /edit_order/39 HTTP/1.1" 200 35472
WARNING 2025-09-22 02:29:08,366 log 23876 27144 Not Found: /.well-known/appspecific/com.chrome.devtools.json
WARNING 2025-09-22 02:29:08,367 basehttp 23876 27144 "GET /.well-known/appspecific/com.chrome.devtools.json HTTP/1.1" 404 10362
ERROR 2025-09-22 02:29:20,394 log 23876 25116 Internal Server Error: /edit_order/39
Traceback (most recent call last):
  File "C:\Users\mahmo\AppData\Roaming\Python\Python313\site-packages\django\utils\datastructures.py", line 84, in __getitem__
    list_ = super().__getitem__(key)
KeyError: 'quantity_1 x item_1: 24 in Order #39 - Price: 5.00'

During handling of the above exception, another exception occurred:

Traceback (most recent call last):
  File "C:\Users\mahmo\AppData\Roaming\Python\Python313\site-packages\django\core\handlers\exception.py", line 55, in inner
    response = get_response(request)
  File "C:\Users\mahmo\AppData\Roaming\Python\Python313\site-packages\django\core\handlers\base.py", line 197, in _get_response
    response = wrapped_callback(request, *callback_args, **callback_kwargs)
  File "C:\Users\mahmo\AppData\Roaming\Python\Python313\site-packages\django\views\generic\base.py", line 104, in view
    return self.dispatch(request, *args, **kwargs)
           ~~~~~~~~~~~~~^^^^^^^^^^^^^^^^^^^^^^^^^^
  File "C:\Users\mahmo\AppData\Roaming\Python\Python313\site-packages\django\contrib\auth\mixins.py", line 73, in dispatch
    return super().dispatch(request, *args, **kwargs)
           ~~~~~~~~~~~~~~~~^^^^^^^^^^^^^^^^^^^^^^^^^^
  File "C:\Users\mahmo\AppData\Roaming\Python\Python313\site-packages\django\views\generic\base.py", line 143, in dispatch
    return handler(request, *args, **kwargs)
  File "C:\D\Cooding\GENERAL\Al-Asel\main\views_cbv.py", line 348, in post
    new_quantity = request.POST[f"quantity_{order_item}"]
                   ~~~~~~~~~~~~^^^^^^^^^^^^^^^^^^^^^^^^^^
  File "C:\Users\mahmo\AppData\Roaming\Python\Python313\site-packages\django\utils\datastructures.py", line 86, in __getitem__
    raise MultiValueDictKeyError(key)
django.utils.datastructures.MultiValueDictKeyError: 'quantity_1 x item_1: 24 in Order #39 - Price: 5.00'
ERROR 2025-09-22 02:29:20,406 basehttp 23876 25116 "POST /edit_order/39 HTTP/1.1" 500 98646
WARNING 2025-09-22 02:29:20,445 log 23876 25116 Not Found: /.well-known/appspecific/com.chrome.devtools.json
WARNING 2025-09-22 02:29:20,446 basehttp 23876 25116 "GET /.well-known/appspecific/com.chrome.devtools.json HTTP/1.1" 404 10362
WARNING 2025-09-22 02:29:22,397 log 23876 23568 Not Found: /.well-known/appspecific/com.chrome.devtools.json
WARNING 2025-09-22 02:29:22,398 basehttp 23876 23568 "GET /.well-known/appspecific/com.chrome.devtools.json HTTP/1.1" 404 10362
INFO 2025-09-22 02:29:23,494 basehttp 23876 23568 "GET /edit_order/39 HTTP/1.1" 200 35472
WARNING 2025-09-22 02:29:23,535 log 23876 23568 Not Found: /.well-known/appspecific/com.chrome.devtools.json
WARNING 2025-09-22 02:29:23,536 basehttp 23876 23568 "GET /.well-known/appspecific/com.chrome.devtools.json HTTP/1.1" 404 10362
ERROR 2025-09-22 02:29:26,056 log 23876 23568 Internal Server Error: /edit_order/39
Traceback (most recent call last):
  File "C:\Users\mahmo\AppData\Roaming\Python\Python313\site-packages\django\utils\datastructures.py", line 84, in __getitem__
    list_ = super().__getitem__(key)
KeyError: 'quantity_1 x item_1: 24 in Order #39 - Price: 5.00'

During handling of the above exception, another exception occurred:

Traceback (most recent call last):
  File "C:\Users\mahmo\AppData\Roaming\Python\Python313\site-packages\django\core\handlers\exception.py", line 55, in inner
    response = get_response(request)
  File "C:\Users\mahmo\AppData\Roaming\Python\Python313\site-packages\django\core\handlers\base.py", line 197, in _get_response
    response = wrapped_callback(request, *callback_args, **callback_kwargs)
  File "C:\Users\mahmo\AppData\Roaming\Python\Python313\site-packages\django\views\generic\base.py", line 104, in view
    return self.dispatch(request, *args, **kwargs)
           ~~~~~~~~~~~~~^^^^^^^^^^^^^^^^^^^^^^^^^^
  File "C:\Users\mahmo\AppData\Roaming\Python\Python313\site-packages\django\contrib\auth\mixins.py", line 73, in dispatch
    return super().dispatch(request, *args, **kwargs)
           ~~~~~~~~~~~~~~~~^^^^^^^^^^^^^^^^^^^^^^^^^^
  File "C:\Users\mahmo\AppData\Roaming\Python\Python313\site-packages\django\views\generic\base.py", line 143, in dispatch
    return handler(request, *args, **kwargs)
  File "C:\D\Cooding\GENERAL\Al-Asel\main\views_cbv.py", line 348, in post
    new_quantity = request.POST[f"quantity_{order_item}"]
                   ~~~~~~~~~~~~^^^^^^^^^^^^^^^^^^^^^^^^^^
  File "C:\Users\mahmo\AppData\Roaming\Python\Python313\site-packages\django\utils\datastructures.py", line 86, in __getitem__
    raise MultiValueDictKeyError(key)
django.utils.datastructures.MultiValueDictKeyError: 'quantity_1 x item_1: 24 in Order #39 - Price: 5.00'
ERROR 2025-09-22 02:29:26,059 basehttp 23876 23568 "POST /edit_order/39 HTTP/1.1" 500 98646
WARNING 2025-09-22 02:29:26,113 log 23876 23568 Not Found: /.well-known/appspecific/com.chrome.devtools.json
WARNING 2025-09-22 02:29:26,114 basehttp 23876 23568 "GET /.well-known/appspecific/com.chrome.devtools.json HTTP/1.1" 404 10362
WARNING 2025-09-22 02:29:29,634 log 23876 23568 Not Found: /.well-known/appspecific/com.chrome.devtools.json
WARNING 2025-09-22 02:29:29,634 basehttp 23876 23568 "GET /.well-known/appspecific/com.chrome.devtools.json HTTP/1.1" 404 10362
INFO 2025-09-22 02:29:32,282 basehttp 23876 7716 "GET /edit_order/39 HTTP/1.1" 200 35472
WARNING 2025-09-22 02:29:32,329 log 23876 7716 Not Found: /.well-known/appspecific/com.chrome.devtools.json
WARNING 2025-09-22 02:29:32,330 basehttp 23876 7716 "GET /.well-known/appspecific/com.chrome.devtools.json HTTP/1.1" 404 10362
INFO 2025-09-22 02:29:46,167 basehttp 23876 27940 "GET / HTTP/1.1" 200 117641
WARNING 2025-09-22 02:29:46,215 log 23876 27940 Not Found: /.well-known/appspecific/com.chrome.devtools.json
WARNING 2025-09-22 02:29:46,216 basehttp 23876 27940 "GET /.well-known/appspecific/com.chrome.devtools.json HTTP/1.1" 404 10362
INFO 2025-09-22 02:31:12,566 basehttp 23876 3884 "GET /edit_order/39 HTTP/1.1" 200 35472
WARNING 2025-09-22 02:31:12,642 log 23876 3884 Not Found: /.well-known/appspecific/com.chrome.devtools.json
WARNING 2025-09-22 02:31:12,645 basehttp 23876 3884 "GET /.well-known/appspecific/com.chrome.devtools.json HTTP/1.1" 404 10362
ERROR 2025-09-22 02:31:16,691 log 23876 3884 Internal Server Error: /edit_order/39
Traceback (most recent call last):
  File "C:\Users\mahmo\AppData\Roaming\Python\Python313\site-packages\django\utils\datastructures.py", line 84, in __getitem__
    list_ = super().__getitem__(key)
KeyError: 'quantity_1 x item_1: 24 in Order #39 - Price: 5.00'

During handling of the above exception, another exception occurred:

Traceback (most recent call last):
  File "C:\Users\mahmo\AppData\Roaming\Python\Python313\site-packages\django\core\handlers\exception.py", line 55, in inner
    response = get_response(request)
  File "C:\Users\mahmo\AppData\Roaming\Python\Python313\site-packages\django\core\handlers\base.py", line 197, in _get_response
    response = wrapped_callback(request, *callback_args, **callback_kwargs)
  File "C:\Users\mahmo\AppData\Roaming\Python\Python313\site-packages\django\views\generic\base.py", line 104, in view
    return self.dispatch(request, *args, **kwargs)
           ~~~~~~~~~~~~~^^^^^^^^^^^^^^^^^^^^^^^^^^
  File "C:\Users\mahmo\AppData\Roaming\Python\Python313\site-packages\django\contrib\auth\mixins.py", line 73, in dispatch
    return super().dispatch(request, *args, **kwargs)
           ~~~~~~~~~~~~~~~~^^^^^^^^^^^^^^^^^^^^^^^^^^
  File "C:\Users\mahmo\AppData\Roaming\Python\Python313\site-packages\django\views\generic\base.py", line 143, in dispatch
    return handler(request, *args, **kwargs)
  File "C:\D\Cooding\GENERAL\Al-Asel\main\views_cbv.py", line 348, in post
    new_quantity = request.POST[f"quantity_{order_item}"]
                   ~~~~~~~~~~~~^^^^^^^^^^^^^^^^^^^^^^^^^^
  File "C:\Users\mahmo\AppData\Roaming\Python\Python313\site-packages\django\utils\datastructures.py", line 86, in __getitem__
    raise MultiValueDictKeyError(key)
django.utils.datastructures.MultiValueDictKeyError: 'quantity_1 x item_1: 24 in Order #39 - Price: 5.00'
ERROR 2025-09-22 02:31:16,694 basehttp 23876 3884 "POST /edit_order/39 HTTP/1.1" 500 98649
WARNING 2025-09-22 02:31:16,781 log 23876 3884 Not Found: /.well-known/appspecific/com.chrome.devtools.json
WARNING 2025-09-22 02:31:16,784 basehttp 23876 3884 "GET /.well-known/appspecific/com.chrome.devtools.json HTTP/1.1" 404 10362
WARNING 2025-09-22 02:31:18,531 log 23876 3884 Not Found: /.well-known/appspecific/com.chrome.devtools.json
WARNING 2025-09-22 02:31:18,532 basehttp 23876 3884 "GET /.well-known/appspecific/com.chrome.devtools.json HTTP/1.1" 404 10362
INFO 2025-09-22 02:31:19,536 basehttp 23876 3884 "GET /edit_order/39 HTTP/1.1" 200 35472
WARNING 2025-09-22 02:31:19,645 log 23876 3884 Not Found: /.well-known/appspecific/com.chrome.devtools.json
WARNING 2025-09-22 02:31:19,647 basehttp 23876 3884 "GET /.well-known/appspecific/com.chrome.devtools.json HTTP/1.1" 404 10362
ERROR 2025-09-22 02:31:21,694 log 23876 26560 Internal Server Error: /edit_order/39
Traceback (most recent call last):
  File "C:\Users\mahmo\AppData\Roaming\Python\Python313\site-packages\django\utils\datastructures.py", line 84, in __getitem__
    list_ = super().__getitem__(key)
KeyError: 'quantity_1 x item_1: 24 in Order #39 - Price: 5.00'

During handling of the above exception, another exception occurred:

Traceback (most recent call last):
  File "C:\Users\mahmo\AppData\Roaming\Python\Python313\site-packages\django\core\handlers\exception.py", line 55, in inner
    response = get_response(request)
  File "C:\Users\mahmo\AppData\Roaming\Python\Python313\site-packages\django\core\handlers\base.py", line 197, in _get_response
    response = wrapped_callback(request, *callback_args, **callback_kwargs)
  File "C:\Users\mahmo\AppData\Roaming\Python\Python313\site-packages\django\views\generic\base.py", line 104, in view
    return self.dispatch(request, *args, **kwargs)
           ~~~~~~~~~~~~~^^^^^^^^^^^^^^^^^^^^^^^^^^
  File "C:\Users\mahmo\AppData\Roaming\Python\Python313\site-packages\django\contrib\auth\mixins.py", line 73, in dispatch
    return super().dispatch(request, *args, **kwargs)
           ~~~~~~~~~~~~~~~~^^^^^^^^^^^^^^^^^^^^^^^^^^
  File "C:\Users\mahmo\AppData\Roaming\Python\Python313\site-packages\django\views\generic\base.py", line 143, in dispatch
    return handler(request, *args, **kwargs)
  File "C:\D\Cooding\GENERAL\Al-Asel\main\views_cbv.py", line 348, in post
    new_quantity = request.POST[f"quantity_{order_item}"]
                   ~~~~~~~~~~~~^^^^^^^^^^^^^^^^^^^^^^^^^^
  File "C:\Users\mahmo\AppData\Roaming\Python\Python313\site-packages\django\utils\datastructures.py", line 86, in __getitem__
    raise MultiValueDictKeyError(key)
django.utils.datastructures.MultiValueDictKeyError: 'quantity_1 x item_1: 24 in Order #39 - Price: 5.00'
ERROR 2025-09-22 02:31:21,697 basehttp 23876 26560 "POST /edit_order/39 HTTP/1.1" 500 98646
WARNING 2025-09-22 02:31:21,750 log 23876 26560 Not Found: /.well-known/appspecific/com.chrome.devtools.json
WARNING 2025-09-22 02:31:21,751 basehttp 23876 26560 "GET /.well-known/appspecific/com.chrome.devtools.json HTTP/1.1" 404 10362
INFO 2025-09-22 02:32:41,727 basehttp 23876 6988 "GET /edit_order/39 HTTP/1.1" 200 35553
INFO 2025-09-22 02:32:42,371 basehttp 23876 6988 "GET /edit_order/39 HTTP/1.1" 200 35553
ERROR 2025-09-22 02:32:44,111 log 23876 6988 Internal Server Error: /edit_order/39
Traceback (most recent call last):
  File "C:\Users\mahmo\AppData\Roaming\Python\Python313\site-packages\django\utils\datastructures.py", line 84, in __getitem__
    list_ = super().__getitem__(key)
KeyError: 'quantity_1 x item_1: 24 in Order #39 - Price: 5.00'

During handling of the above exception, another exception occurred:

Traceback (most recent call last):
  File "C:\Users\mahmo\AppData\Roaming\Python\Python313\site-packages\django\core\handlers\exception.py", line 55, in inner
    response = get_response(request)
  File "C:\Users\mahmo\AppData\Roaming\Python\Python313\site-packages\django\core\handlers\base.py", line 197, in _get_response
    response = wrapped_callback(request, *callback_args, **callback_kwargs)
  File "C:\Users\mahmo\AppData\Roaming\Python\Python313\site-packages\django\views\generic\base.py", line 104, in view
    return self.dispatch(request, *args, **kwargs)
           ~~~~~~~~~~~~~^^^^^^^^^^^^^^^^^^^^^^^^^^
  File "C:\Users\mahmo\AppData\Roaming\Python\Python313\site-packages\django\contrib\auth\mixins.py", line 73, in dispatch
    return super().dispatch(request, *args, **kwargs)
           ~~~~~~~~~~~~~~~~^^^^^^^^^^^^^^^^^^^^^^^^^^
  File "C:\Users\mahmo\AppData\Roaming\Python\Python313\site-packages\django\views\generic\base.py", line 143, in dispatch
    return handler(request, *args, **kwargs)
  File "C:\D\Cooding\GENERAL\Al-Asel\main\views_cbv.py", line 348, in post
    new_quantity = request.POST[f"quantity_{order_item}"]
                   ~~~~~~~~~~~~^^^^^^^^^^^^^^^^^^^^^^^^^^
  File "C:\Users\mahmo\AppData\Roaming\Python\Python313\site-packages\django\utils\datastructures.py", line 86, in __getitem__
    raise MultiValueDictKeyError(key)
django.utils.datastructures.MultiValueDictKeyError: 'quantity_1 x item_1: 24 in Order #39 - Price: 5.00'
ERROR 2025-09-22 02:32:44,113 basehttp 23876 6988 "POST /edit_order/39 HTTP/1.1" 500 98626
INFO 2025-09-22 02:32:51,078 basehttp 23876 6988 "GET /delete_order/39 HTTP/1.1" 200 31434
INFO 2025-09-22 02:32:54,376 basehttp 23876 6988 "POST /delete_order/39 HTTP/1.1" 302 0
INFO 2025-09-22 02:32:54,410 basehttp 23876 6988 "GET /users/1 HTTP/1.1" 200 47924
INFO 2025-09-22 02:32:57,084 basehttp 23876 6988 "GET /users/ HTTP/1.1" 200 72234
INFO 2025-09-22 02:32:58,369 basehttp 23876 6988 "GET / HTTP/1.1" 200 117641
INFO 2025-09-22 02:33:06,912 basehttp 23876 6988 "POST / HTTP/1.1" 302 0
INFO 2025-09-22 02:33:06,934 basehttp 23876 6988 "GET /order_info/40 HTTP/1.1" 200 36754
INFO 2025-09-22 02:33:15,302 autoreload 15464 26988 Watching for file changes with StatReloader
INFO 2025-09-22 02:33:16,915 basehttp 15464 23764 "GET /order_info/40 HTTP/1.1" 200 36754
INFO 2025-09-22 02:33:21,996 basehttp 15464 23764 "POST /edit_order/40 HTTP/1.1" 302 0
INFO 2025-09-22 02:33:22,012 basehttp 15464 23764 "GET /edit_order/40 HTTP/1.1" 200 37010
INFO 2025-09-22 02:33:26,033 basehttp 15464 23764 "POST /edit_order/40 HTTP/1.1" 302 0
INFO 2025-09-22 02:33:26,049 basehttp 15464 23764 "GET /edit_order/40 HTTP/1.1" 200 37010
INFO 2025-09-22 02:33:35,585 basehttp 15464 23764 "POST /edit_order/40 HTTP/1.1" 302 0
INFO 2025-09-22 02:33:35,602 basehttp 15464 23764 "GET /edit_order/40 HTTP/1.1" 200 37010
INFO 2025-09-22 02:33:40,054 basehttp 15464 23764 "POST /edit_order/40 HTTP/1.1" 302 0
INFO 2025-09-22 02:33:40,069 basehttp 15464 23764 "GET /edit_order/40 HTTP/1.1" 200 37022
INFO 2025-09-22 02:33:41,300 basehttp 15464 23764 "GET /edit_order/40 HTTP/1.1" 200 37022
INFO 2025-09-22 02:33:50,965 basehttp 15464 23764 "POST /edit_order/40 HTTP/1.1" 302 0
INFO 2025-09-22 02:33:50,980 basehttp 15464 23764 "GET /edit_order/40 HTTP/1.1" 200 37010
ERROR 2025-09-22 02:34:03,518 log 15464 23764 Internal Server Error: /edit_order/40
Traceback (most recent call last):
  File "C:\Users\mahmo\AppData\Roaming\Python\Python313\site-packages\django\utils\datastructures.py", line 84, in __getitem__
    list_ = super().__getitem__(key)
KeyError: 'quantity_5 x item_1: 20 in Order #40 - Price: 25.00'

During handling of the above exception, another exception occurred:

Traceback (most recent call last):
  File "C:\Users\mahmo\AppData\Roaming\Python\Python313\site-packages\django\core\handlers\exception.py", line 55, in inner
    response = get_response(request)
  File "C:\Users\mahmo\AppData\Roaming\Python\Python313\site-packages\django\core\handlers\base.py", line 197, in _get_response
    response = wrapped_callback(request, *callback_args, **callback_kwargs)
  File "C:\Users\mahmo\AppData\Roaming\Python\Python313\site-packages\django\views\generic\base.py", line 104, in view
    return self.dispatch(request, *args, **kwargs)
           ~~~~~~~~~~~~~^^^^^^^^^^^^^^^^^^^^^^^^^^
  File "C:\Users\mahmo\AppData\Roaming\Python\Python313\site-packages\django\contrib\auth\mixins.py", line 73, in dispatch
    return super().dispatch(request, *args, **kwargs)
           ~~~~~~~~~~~~~~~~^^^^^^^^^^^^^^^^^^^^^^^^^^
  File "C:\Users\mahmo\AppData\Roaming\Python\Python313\site-packages\django\views\generic\base.py", line 143, in dispatch
    return handler(request, *args, **kwargs)
  File "C:\D\Cooding\GENERAL\Al-Asel\main\views_cbv.py", line 348, in post
    new_quantity = request.POST[f"quantity_{order_item}"]
                   ~~~~~~~~~~~~^^^^^^^^^^^^^^^^^^^^^^^^^^
  File "C:\Users\mahmo\AppData\Roaming\Python\Python313\site-packages\django\utils\datastructures.py", line 86, in __getitem__
    raise MultiValueDictKeyError(key)
django.utils.datastructures.MultiValueDictKeyError: 'quantity_5 x item_1: 20 in Order #40 - Price: 25.00'
ERROR 2025-09-22 02:34:03,521 basehttp 15464 23764 "POST /edit_order/40 HTTP/1.1" 500 98921
INFO 2025-09-22 02:34:51,337 autoreload 15464 26988 C:\D\Cooding\GENERAL\Al-Asel\main\views_cbv.py changed, reloading.
INFO 2025-09-22 02:34:52,058 autoreload 2896 28044 Watching for file changes with StatReloader
INFO 2025-09-22 02:35:03,644 basehttp 2896 18160 "GET /delete_order/40 HTTP/1.1" 200 31435
INFO 2025-09-22 02:35:06,849 basehttp 2896 18160 "POST /delete_order/40 HTTP/1.1" 302 0
INFO 2025-09-22 02:35:06,893 basehttp 2896 18160 "GET /users/1 HTTP/1.1" 200 47924
INFO 2025-09-22 02:35:07,811 basehttp 2896 18160 "GET /users/ HTTP/1.1" 200 72234
INFO 2025-09-22 02:35:09,124 basehttp 2896 18160 "GET / HTTP/1.1" 200 117641
INFO 2025-09-22 02:35:14,616 basehttp 2896 18160 "POST / HTTP/1.1" 302 0
INFO 2025-09-22 02:35:14,641 basehttp 2896 18160 "GET /order_info/41 HTTP/1.1" 200 36757
INFO 2025-09-22 02:35:15,387 autoreload 2896 28044 C:\D\Cooding\GENERAL\Al-Asel\main\views_cbv.py changed, reloading.
INFO 2025-09-22 02:35:16,102 autoreload 28148 23668 Watching for file changes with StatReloader
INFO 2025-09-22 02:35:18,441 basehttp 28148 5836 "GET /order_info/41 HTTP/1.1" 200 36757
INFO 2025-09-22 02:35:23,362 basehttp 28148 5836 "POST /edit_order/41 HTTP/1.1" 302 0
INFO 2025-09-22 02:35:23,374 basehttp 28148 5836 "GET /edit_order/41 HTTP/1.1" 200 37011
INFO 2025-09-22 02:35:31,890 basehttp 28148 5836 "POST /edit_order/41 HTTP/1.1" 302 0
INFO 2025-09-22 02:35:31,904 basehttp 28148 5836 "GET /edit_order/41 HTTP/1.1" 200 37013
INFO 2025-09-22 02:35:35,302 basehttp 28148 5836 "POST /edit_order/41 HTTP/1.1" 302 0
INFO 2025-09-22 02:35:35,316 basehttp 28148 5836 "GET /edit_order/41 HTTP/1.1" 200 37011
INFO 2025-09-22 02:35:38,067 basehttp 28148 5836 "POST /edit_order/41 HTTP/1.1" 302 0
INFO 2025-09-22 02:35:38,081 basehttp 28148 5836 "GET /edit_order/41 HTTP/1.1" 200 37013
INFO 2025-09-22 02:35:42,222 basehttp 28148 5836 "POST /edit_order/41 HTTP/1.1" 302 0
INFO 2025-09-22 02:35:42,235 basehttp 28148 5836 "GET /edit_order/41 HTTP/1.1" 200 37013
INFO 2025-09-22 02:35:55,753 basehttp 28148 5836 "GET /change_rank/41 HTTP/1.1" 302 0
INFO 2025-09-22 02:35:55,765 basehttp 28148 5836 "GET /edit_order/41 HTTP/1.1" 200 37013
INFO 2025-09-22 02:36:00,230 basehttp 28148 5836 "POST /edit_order/41 HTTP/1.1" 302 0
INFO 2025-09-22 02:36:00,243 basehttp 28148 5836 "GET /edit_order/41 HTTP/1.1" 200 37015
INFO 2025-09-22 02:36:02,015 basehttp 28148 5836 "GET /change_rank/41 HTTP/1.1" 302 0
INFO 2025-09-22 02:36:02,029 basehttp 28148 5836 "GET /edit_order/41 HTTP/1.1" 200 37015
INFO 2025-09-22 02:36:04,466 basehttp 28148 5836 "GET /change_rank/41 HTTP/1.1" 302 0
INFO 2025-09-22 02:36:04,479 basehttp 28148 5836 "GET /edit_order/41 HTTP/1.1" 200 37015
INFO 2025-09-22 02:36:06,322 basehttp 28148 5836 "GET /change_rank/41 HTTP/1.1" 302 0
INFO 2025-09-22 02:36:06,336 basehttp 28148 5836 "GET /edit_order/41 HTTP/1.1" 200 37015
INFO 2025-09-22 02:36:09,115 basehttp 28148 5836 "POST /edit_order/41 HTTP/1.1" 302 0
INFO 2025-09-22 02:36:09,130 basehttp 28148 5836 "GET /edit_order/41 HTTP/1.1" 200 37013
INFO 2025-09-22 02:36:13,434 basehttp 28148 5836 "POST /edit_order/41 HTTP/1.1" 302 0
INFO 2025-09-22 02:36:13,448 basehttp 28148 5836 "GET /edit_order/41 HTTP/1.1" 200 37015
INFO 2025-09-22 02:36:15,517 basehttp 28148 5836 "GET /change_rank/41 HTTP/1.1" 302 0
INFO 2025-09-22 02:36:15,529 basehttp 28148 5836 "GET /edit_order/41 HTTP/1.1" 200 37015
INFO 2025-09-22 02:36:17,231 basehttp 28148 5836 "GET /change_rank/41 HTTP/1.1" 302 0
INFO 2025-09-22 02:36:17,245 basehttp 28148 5836 "GET /edit_order/41 HTTP/1.1" 200 37015
INFO 2025-09-22 02:36:19,797 basehttp 28148 5836 "GET /put_rest?order_id=41 HTTP/1.1" 200 30760
INFO 2025-09-22 02:36:22,698 basehttp 28148 5836 "POST /put_rest?order_id=41 HTTP/1.1" 302 0
INFO 2025-09-22 02:36:22,713 basehttp 28148 5836 "GET /order_info/41 HTTP/1.1" 200 36981
INFO 2025-09-22 02:36:25,480 basehttp 28148 5836 "GET /order_info/41 HTTP/1.1" 200 36981
INFO 2025-09-22 02:36:40,679 basehttp 28148 5836 "GET /all_rest_orders HTTP/1.1" 200 37626
INFO 2025-09-22 02:36:51,236 basehttp 28148 5836 "GET /order_info/41 HTTP/1.1" 200 36981
INFO 2025-09-22 02:37:16,287 basehttp 28148 5836 "GET / HTTP/1.1" 200 117641
INFO 2025-09-22 02:38:35,938 basehttp 28148 5836 "GET / HTTP/1.1" 200 117641
WARNING 2025-09-22 02:38:36,044 log 28148 5836 Not Found: /.well-known/appspecific/com.chrome.devtools.json
WARNING 2025-09-22 02:38:36,046 basehttp 28148 5836 "GET /.well-known/appspecific/com.chrome.devtools.json HTTP/1.1" 404 10362
INFO 2025-09-22 02:38:37,758 basehttp 28148 5836 "GET / HTTP/1.1" 200 117641
WARNING 2025-09-22 02:38:37,865 log 28148 5836 Not Found: /.well-known/appspecific/com.chrome.devtools.json
WARNING 2025-09-22 02:38:37,865 basehttp 28148 5836 "GET /.well-known/appspecific/com.chrome.devtools.json HTTP/1.1" 404 10362
INFO 2025-09-22 02:38:42,560 basehttp 28148 5836 "GET / HTTP/1.1" 200 117641
WARNING 2025-09-22 02:38:42,670 log 28148 5836 Not Found: /.well-known/appspecific/com.chrome.devtools.json
WARNING 2025-09-22 02:38:42,672 basehttp 28148 5836 "GET /.well-known/appspecific/com.chrome.devtools.json HTTP/1.1" 404 10362
INFO 2025-09-22 02:38:44,010 basehttp 28148 5836 "GET / HTTP/1.1" 200 117641
WARNING 2025-09-22 02:38:44,146 log 28148 5836 Not Found: /.well-known/appspecific/com.chrome.devtools.json
WARNING 2025-09-22 02:38:44,147 basehttp 28148 5836 "GET /.well-known/appspecific/com.chrome.devtools.json HTTP/1.1" 404 10362
INFO 2025-09-22 02:38:45,500 basehttp 28148 5836 "GET / HTTP/1.1" 200 117641
WARNING 2025-09-22 02:38:45,544 log 28148 5836 Not Found: /.well-known/appspecific/com.chrome.devtools.json
WARNING 2025-09-22 02:38:45,546 basehttp 28148 5836 "GET /.well-known/appspecific/com.chrome.devtools.json HTTP/1.1" 404 10362
INFO 2025-09-22 02:39:03,713 basehttp 28148 440 "GET / HTTP/1.1" 200 131229
WARNING 2025-09-22 02:39:03,780 log 28148 440 Not Found: /.well-known/appspecific/com.chrome.devtools.json
WARNING 2025-09-22 02:39:03,780 basehttp 28148 440 "GET /.well-known/appspecific/com.chrome.devtools.json HTTP/1.1" 404 10362
INFO 2025-09-22 02:39:14,857 basehttp 28148 14700 "GET / HTTP/1.1" 200 131524
WARNING 2025-09-22 02:39:14,915 log 28148 14700 Not Found: /.well-known/appspecific/com.chrome.devtools.json
WARNING 2025-09-22 02:39:14,917 basehttp 28148 14700 "GET /.well-known/appspecific/com.chrome.devtools.json HTTP/1.1" 404 10362
INFO 2025-09-22 02:40:22,987 basehttp 28148 30584 "GET / HTTP/1.1" 200 131524
WARNING 2025-09-22 02:40:23,046 log 28148 30584 Not Found: /.well-known/appspecific/com.chrome.devtools.json
WARNING 2025-09-22 02:40:23,047 basehttp 28148 30584 "GET /.well-known/appspecific/com.chrome.devtools.json HTTP/1.1" 404 10362
INFO 2025-09-22 02:40:30,813 basehttp 28148 28220 "GET / HTTP/1.1" 200 131524
WARNING 2025-09-22 02:40:30,866 log 28148 28220 Not Found: /.well-known/appspecific/com.chrome.devtools.json
WARNING 2025-09-22 02:40:30,867 basehttp 28148 28220 "GET /.well-known/appspecific/com.chrome.devtools.json HTTP/1.1" 404 10362
INFO 2025-09-22 02:41:33,180 basehttp 28148 10104 "GET / HTTP/1.1" 200 131524
WARNING 2025-09-22 02:41:33,234 log 28148 10104 Not Found: /.well-known/appspecific/com.chrome.devtools.json
WARNING 2025-09-22 02:41:33,235 basehttp 28148 10104 "GET /.well-known/appspecific/com.chrome.devtools.json HTTP/1.1" 404 10362
INFO 2025-09-22 02:42:21,189 basehttp 28148 10104 "GET / HTTP/1.1" 200 131524
WARNING 2025-09-22 02:42:21,269 log 28148 10104 Not Found: /.well-known/appspecific/com.chrome.devtools.json
WARNING 2025-09-22 02:42:21,271 basehttp 28148 10104 "GET /.well-known/appspecific/com.chrome.devtools.json HTTP/1.1" 404 10362
INFO 2025-09-22 02:43:03,822 basehttp 28148 12428 "GET / HTTP/1.1" 200 135444
WARNING 2025-09-22 02:43:03,900 log 28148 12428 Not Found: /.well-known/appspecific/com.chrome.devtools.json
WARNING 2025-09-22 02:43:03,902 basehttp 28148 12428 "GET /.well-known/appspecific/com.chrome.devtools.json HTTP/1.1" 404 10362
INFO 2025-09-22 02:43:08,589 basehttp 28148 14748 "GET / HTTP/1.1" 200 135444
WARNING 2025-09-22 02:43:08,652 log 28148 14748 Not Found: /.well-known/appspecific/com.chrome.devtools.json
WARNING 2025-09-22 02:43:08,653 basehttp 28148 14748 "GET /.well-known/appspecific/com.chrome.devtools.json HTTP/1.1" 404 10362
INFO 2025-09-22 02:43:52,387 autoreload 5836 24388 Watching for file changes with StatReloader
INFO 2025-09-22 02:43:52,573 basehttp 5836 2892 "GET / HTTP/1.1" 200 135445
WARNING 2025-09-22 02:43:52,629 log 5836 22204 Not Found: /.well-known/appspecific/com.chrome.devtools.json
WARNING 2025-09-22 02:43:52,635 basehttp 5836 22204 "GET /.well-known/appspecific/com.chrome.devtools.json HTTP/1.1" 404 10362
INFO 2025-09-22 02:43:52,674 basehttp 5836 2892 "GET /static/main/makee.js HTTP/1.1" 200 4859
INFO 2025-09-22 02:44:51,987 basehttp 5836 30112 "GET / HTTP/1.1" 200 135445
INFO 2025-09-22 02:44:52,012 basehttp 5836 30112 "GET /static/main/makee.js HTTP/1.1" 304 0
WARNING 2025-09-22 02:44:52,120 log 5836 30112 Not Found: /.well-known/appspecific/com.chrome.devtools.json
WARNING 2025-09-22 02:44:52,121 basehttp 5836 30112 "GET /.well-known/appspecific/com.chrome.devtools.json HTTP/1.1" 404 10362
INFO 2025-09-22 02:44:57,615 basehttp 5836 28220 "GET / HTTP/1.1" 200 135445
WARNING 2025-09-22 02:44:57,669 log 5836 28220 Not Found: /.well-known/appspecific/com.chrome.devtools.json
WARNING 2025-09-22 02:44:57,671 basehttp 5836 28220 "GET /.well-known/appspecific/com.chrome.devtools.json HTTP/1.1" 404 10362
INFO 2025-09-22 02:44:59,097 basehttp 5836 28220 "GET / HTTP/1.1" 200 135473
INFO 2025-09-22 02:44:59,117 basehttp 5836 28220 "GET /static/main/makee.js HTTP/1.1" 304 0
WARNING 2025-09-22 02:44:59,146 log 5836 28220 Not Found: /.well-known/appspecific/com.chrome.devtools.json
WARNING 2025-09-22 02:44:59,148 basehttp 5836 28220 "GET /.well-known/appspecific/com.chrome.devtools.json HTTP/1.1" 404 10362
INFO 2025-09-22 02:45:18,684 basehttp 5836 13100 "GET / HTTP/1.1" 200 135515
INFO 2025-09-22 02:45:18,698 basehttp 5836 13100 "GET /static/main/makee.js HTTP/1.1" 304 0
INFO 2025-09-22 02:45:44,761 basehttp 5836 13100 "POST / HTTP/1.1" 302 0
INFO 2025-09-22 02:45:44,801 basehttp 5836 13100 "GET /order_info/42 HTTP/1.1" 200 38281
INFO 2025-09-22 02:45:51,808 basehttp 5836 13100 "GET /order_info/42/add_items HTTP/1.1" 200 103761
INFO 2025-09-22 02:45:51,818 basehttp 5836 13100 "GET /static/main/makee.js HTTP/1.1" 304 0
INFO 2025-09-22 02:45:54,300 basehttp 5836 13100 "POST /order_info/42/add_items HTTP/1.1" 302 0
INFO 2025-09-22 02:45:54,321 basehttp 5836 13100 "GET /order_info/42 HTTP/1.1" 200 39735
INFO 2025-09-22 02:46:00,980 basehttp 5836 13100 "GET /change_rank/42 HTTP/1.1" 302 0
INFO 2025-09-22 02:46:00,999 basehttp 5836 13100 "GET /edit_order/42 HTTP/1.1" 200 39992
INFO 2025-09-22 02:46:05,703 basehttp 5836 13100 "POST /edit_order/42 HTTP/1.1" 302 0
INFO 2025-09-22 02:46:05,733 basehttp 5836 13100 "GET /edit_order/42 HTTP/1.1" 200 39992
INFO 2025-09-22 02:46:11,493 basehttp 5836 13100 "POST /edit_order/42 HTTP/1.1" 302 0
INFO 2025-09-22 02:46:11,512 basehttp 5836 13100 "GET /edit_order/42 HTTP/1.1" 200 39989
INFO 2025-09-22 02:46:18,426 basehttp 5836 13100 "GET /delete_order_item/421 HTTP/1.1" 302 0
INFO 2025-09-22 02:46:18,443 basehttp 5836 13100 "GET /order_info/42 HTTP/1.1" 200 38279
INFO 2025-09-22 02:46:32,639 basehttp 5836 13100 "POST /edit_order/42 HTTP/1.1" 302 0
INFO 2025-09-22 02:46:32,658 basehttp 5836 13100 "GET /edit_order/42 HTTP/1.1" 200 38535
INFO 2025-09-22 02:46:46,120 basehttp 5836 13100 "POST /edit_order/42 HTTP/1.1" 302 0
INFO 2025-09-22 02:46:46,137 basehttp 5836 13100 "GET /edit_order/42 HTTP/1.1" 200 38535
INFO 2025-09-22 02:46:48,255 basehttp 5836 13100 "POST /edit_order/42 HTTP/1.1" 302 0
INFO 2025-09-22 02:46:48,272 basehttp 5836 13100 "GET /edit_order/42 HTTP/1.1" 200 38535
INFO 2025-09-22 02:46:58,539 basehttp 5836 13100 "POST /edit_order/42 HTTP/1.1" 302 0
INFO 2025-09-22 02:46:58,562 basehttp 5836 13100 "GET /edit_order/42 HTTP/1.1" 200 38535
INFO 2025-09-22 02:47:03,453 basehttp 5836 13100 "POST /edit_order/42 HTTP/1.1" 302 0
INFO 2025-09-22 02:47:03,469 basehttp 5836 13100 "GET /edit_order/42 HTTP/1.1" 200 38536
INFO 2025-09-22 02:47:06,027 basehttp 5836 13100 "GET /delete_order/42 HTTP/1.1" 200 31505
INFO 2025-09-22 02:47:08,783 basehttp 5836 13100 "POST /delete_order/42 HTTP/1.1" 302 0
INFO 2025-09-22 02:47:08,801 basehttp 5836 13100 "GET /users/1 HTTP/1.1" 200 49351
WARNING 2025-09-22 02:47:19,443 log 5836 13100 Not Found: /.well-known/appspecific/com.chrome.devtools.json
WARNING 2025-09-22 02:47:19,443 basehttp 5836 13100 "GET /.well-known/appspecific/com.chrome.devtools.json HTTP/1.1" 404 10362
INFO 2025-09-22 02:47:28,865 basehttp 5836 13100 "GET /users/ HTTP/1.1" 200 73246
INFO 2025-09-22 02:47:30,479 basehttp 5836 13100 "GET / HTTP/1.1" 200 135515
INFO 2025-09-22 02:47:30,489 basehttp 5836 13100 "GET /static/main/makee.js HTTP/1.1" 304 0
INFO 2025-09-22 02:47:31,694 basehttp 5836 13100 "GET /total_orders HTTP/1.1" 200 55110
INFO 2025-09-22 02:47:32,798 basehttp 5836 13100 "GET / HTTP/1.1" 200 135515
INFO 2025-09-22 02:47:33,749 basehttp 5836 13100 "GET /users/ HTTP/1.1" 200 73246
INFO 2025-09-22 02:47:37,417 basehttp 5836 13100 "GET /users/all_orders HTTP/1.1" 200 60601
INFO 2025-09-22 02:47:40,498 basehttp 5836 13100 "GET /all_rest_orders HTTP/1.1" 200 37696
INFO 2025-09-22 02:47:44,532 basehttp 5836 13100 "GET /coming_order HTTP/1.1" 200 94385
INFO 2025-09-22 02:47:51,168 basehttp 5836 13100 "GET /users/all_coming_orders HTTP/1.1" 200 55797
INFO 2025-09-22 02:48:07,483 basehttp 5836 13100 "GET /total_orders HTTP/1.1" 200 55110
INFO 2025-09-22 02:48:08,414 basehttp 5836 13100 "GET /users/ HTTP/1.1" 200 73246
INFO 2025-09-22 02:48:09,123 basehttp 5836 13100 "GET / HTTP/1.1" 200 135515
INFO 2025-09-22 02:48:09,135 basehttp 5836 13100 "GET /static/main/makee.js HTTP/1.1" 304 0
INFO 2025-09-22 02:48:13,553 basehttp 5836 13100 "GET /create_customer HTTP/1.1" 200 31622
INFO 2025-09-22 02:48:20,881 basehttp 5836 13100 "GET /create_item HTTP/1.1" 200 34355
INFO 2025-09-22 02:48:26,415 basehttp 5836 13100 "GET /create_customer HTTP/1.1" 200 31622
INFO 2025-09-22 02:51:02,777 autoreload 30272 27996 Watching for file changes with StatReloader
INFO 2025-09-22 02:51:11,996 basehttp 30272 8332 "GET / HTTP/1.1" 200 135514
INFO 2025-09-22 02:56:06,491 basehttp 30272 8332 "GET / HTTP/1.1" 200 135757
INFO 2025-11-28 18:59:02,740 autoreload 19144 24212 Watching for file changes with StatReloader
INFO 2025-11-28 18:59:08,236 basehttp 19144 20596 "GET / HTTP/1.1" 302 0
INFO 2025-11-28 18:59:08,269 basehttp 19144 20596 "GET /login/?next=/ HTTP/1.1" 200 5164
INFO 2025-11-28 18:59:08,417 basehttp 19144 20596 "GET /static/main/logoamr.png HTTP/1.1" 200 38244
INFO 2025-11-28 18:59:13,738 basehttp 19144 20596 "POST /login/ HTTP/1.1" 200 5481
INFO 2025-11-28 18:59:18,374 basehttp 19144 20596 "POST /login/ HTTP/1.1" 302 0
INFO 2025-11-28 18:59:18,417 basehttp 19144 20596 "GET / HTTP/1.1" 200 135757
INFO 2025-11-28 18:59:18,427 basehttp 19144 16960 "GET /static/main/make.js HTTP/1.1" 200 4857
INFO 2025-11-28 18:59:18,428 basehttp 19144 4672 "GET /static/main/logoamr.png HTTP/1.1" 304 0
INFO 2025-11-28 18:59:18,428 basehttp 19144 20596 "GET /static/main/mainnn.css HTTP/1.1" 200 10858
INFO 2025-11-28 18:59:22,272 basehttp 19144 20596 "GET /coming_order HTTP/1.1" 200 94627
INFO 2025-11-28 18:59:25,842 basehttp 19144 23344 "GET / HTTP/1.1" 200 135757
INFO 2025-11-28 18:59:26,909 basehttp 19144 23344 "GET /coming_order HTTP/1.1" 200 94627
INFO 2025-11-28 18:59:35,342 basehttp 19144 13452 "GET /users/ HTTP/1.1" 200 73489
INFO 2025-11-28 18:59:35,351 basehttp 19144 27520 "GET /static/main/users_search.js HTTP/1.1" 200 2469
INFO 2025-11-28 18:59:35,351 basehttp 19144 13452 "GET /static/main/mainnn.css HTTP/1.1" 304 0
INFO 2025-11-28 18:59:35,352 basehttp 19144 27532 "GET /static/main/logoamr.png HTTP/1.1" 304 0
INFO 2025-11-28 19:00:04,673 basehttp 19144 20532 "GET /users/all_orders HTTP/1.1" 200 60844
INFO 2025-11-28 19:00:04,680 basehttp 19144 20532 "GET /static/main/mainnn.css HTTP/1.1" 304 0
INFO 2025-11-28 19:00:04,681 basehttp 19144 20276 "GET /static/main/logoamr.png HTTP/1.1" 304 0
INFO 2025-11-28 19:00:12,142 basehttp 19144 20276 "GET /users/ HTTP/1.1" 200 73489
INFO 2025-11-28 19:00:12,150 basehttp 19144 20276 "GET /static/main/users_search.js HTTP/1.1" 304 0
INFO 2025-11-28 19:00:13,216 basehttp 19144 20276 "GET / HTTP/1.1" 200 135757
INFO 2025-11-28 19:00:13,224 basehttp 19144 20276 "GET /static/main/make.js HTTP/1.1" 304 0
INFO 2025-11-28 19:00:13,946 basehttp 19144 18112 "GET /total_orders HTTP/1.1" 200 55353
INFO 2025-11-28 19:00:23,279 basehttp 19144 18112 "GET /total_orders/month_sales?m=6&y=2023 HTTP/1.1" 200 39385
INFO 2025-11-28 19:00:23,289 basehttp 19144 2560 "GET /static/main/logoamr.png HTTP/1.1" 304 0
INFO 2025-11-28 19:00:23,289 basehttp 19144 18112 "GET /static/main/mainnn.css HTTP/1.1" 304 0
INFO 2025-11-28 19:00:28,435 basehttp 19144 16248 "GET /users/ HTTP/1.1" 200 73489
INFO 2025-11-28 19:00:28,443 basehttp 19144 16248 "GET /static/main/users_search.js HTTP/1.1" 304 0
INFO 2025-11-28 19:00:32,584 basehttp 19144 16248 "GET /coming_order HTTP/1.1" 200 94627
INFO 2025-11-28 19:00:32,592 basehttp 19144 16248 "GET /static/main/make.js HTTP/1.1" 304 0
INFO 2025-11-28 19:00:38,781 basehttp 19144 6892 "GET /users/ HTTP/1.1" 200 73489
INFO 2025-11-28 19:00:45,485 basehttp 19144 25288 "GET /manage/items HTTP/1.1" 200 148424
INFO 2025-11-28 19:00:45,493 basehttp 19144 25288 "GET /static/main/mainnn.css HTTP/1.1" 304 0
INFO 2025-11-28 19:00:45,493 basehttp 19144 556 "GET /static/main/logoamr.png HTTP/1.1" 304 0
INFO 2025-11-28 19:01:14,945 basehttp 19144 14344 "GET /manage/categories HTTP/1.1" 200 44800
INFO 2025-11-28 19:01:14,954 basehttp 19144 21036 "GET /static/main/logoamr.png HTTP/1.1" 304 0
INFO 2025-11-28 19:01:14,955 basehttp 19144 14344 "GET /static/main/mainnn.css HTTP/1.1" 304 0
INFO 2025-11-28 19:01:19,508 basehttp 19144 14344 "GET /create_customer HTTP/1.1" 200 31865
INFO 2025-11-28 19:01:41,812 basehttp 19144 24180 "GET /create_customer HTTP/1.1" 200 31865
INFO 2025-11-28 19:01:41,823 basehttp 19144 17316 "GET /static/main/logoamr.png HTTP/1.1" 304 0
INFO 2025-11-28 19:01:41,823 basehttp 19144 24180 "GET /static/main/mainnn.css HTTP/1.1" 304 0
INFO 2025-11-28 19:01:44,021 basehttp 19144 5016 "GET /create_item HTTP/1.1" 200 34598
INFO 2025-11-28 19:01:53,627 basehttp 19144 5016 "GET /manage/categories HTTP/1.1" 200 44800
INFO 2025-11-28 19:01:56,557 basehttp 19144 7496 "GET /users/ HTTP/1.1" 200 73489
INFO 2025-11-28 19:01:56,566 basehttp 19144 7496 "GET /static/main/users_search.js HTTP/1.1" 304 0
INFO 2025-11-28 19:01:58,163 basehttp 19144 7496 "GET /order_info/35 HTTP/1.1" 200 39988
INFO 2025-11-28 19:01:58,171 basehttp 19144 7496 "GET /static/main/order_table.js HTTP/1.1" 200 7510
INFO 2025-11-28 19:02:05,867 basehttp 19144 26076 "GET /users/1 HTTP/1.1" 200 49594
INFO 2025-11-28 19:02:05,874 basehttp 19144 26076 "GET /static/main/mainnn.css HTTP/1.1" 304 0
INFO 2025-11-28 19:02:05,874 basehttp 19144 6600 "GET /static/main/logoamr.png HTTP/1.1" 304 0
INFO 2025-11-28 19:02:58,166 basehttp 19144 18816 "GET / HTTP/1.1" 200 135757
INFO 2025-11-28 19:02:58,175 basehttp 19144 18816 "GET /static/main/mainnn.css HTTP/1.1" 304 0
INFO 2025-11-28 19:02:58,176 basehttp 19144 22364 "GET /static/main/logoamr.png HTTP/1.1" 304 0
INFO 2025-11-28 19:02:58,177 basehttp 19144 7120 "GET /static/main/make.js HTTP/1.1" 304 0
INFO 2025-11-28 19:02:59,466 basehttp 19144 7120 "GET /total_orders HTTP/1.1" 200 55353
INFO 2025-11-28 19:03:00,973 basehttp 19144 7120 "GET /users/ HTTP/1.1" 200 73489
INFO 2025-11-28 19:03:00,980 basehttp 19144 7120 "GET /static/main/users_search.js HTTP/1.1" 304 0
WARNING 2025-11-28 19:03:09,129 log 19144 7120 Not Found: /.well-known/appspecific/com.chrome.devtools.json
WARNING 2025-11-28 19:03:09,129 basehttp 19144 7120 "GET /.well-known/appspecific/com.chrome.devtools.json HTTP/1.1" 404 10362
INFO 2025-11-28 19:04:14,475 basehttp 19144 24080 "GET /users/ HTTP/1.1" 200 73489
INFO 2025-11-28 19:04:14,492 basehttp 19144 5872 "GET /static/main/logoamr.png HTTP/1.1" 304 0
INFO 2025-11-28 19:04:14,492 basehttp 19144 11704 "GET /static/main/users_search.js HTTP/1.1" 304 0
INFO 2025-11-28 19:04:14,493 basehttp 19144 24080 "GET /static/main/mainnn.css HTTP/1.1" 200 10819
WARNING 2025-11-28 19:04:14,518 log 19144 24080 Not Found: /.well-known/appspecific/com.chrome.devtools.json
WARNING 2025-11-28 19:04:14,519 basehttp 19144 24080 "GET /.well-known/appspecific/com.chrome.devtools.json HTTP/1.1" 404 10362
WARNING 2025-11-28 19:04:45,553 log 19144 13528 Not Found: /.well-known/appspecific/com.chrome.devtools.json
WARNING 2025-11-28 19:04:45,554 basehttp 19144 13528 "GET /.well-known/appspecific/com.chrome.devtools.json HTTP/1.1" 404 10362
INFO 2025-11-28 19:04:57,430 basehttp 19144 22540 "GET / HTTP/1.1" 200 135757
INFO 2025-11-28 19:04:57,453 basehttp 19144 22540 "GET /static/main/mainnn.css HTTP/1.1" 304 0
INFO 2025-11-28 19:04:57,453 basehttp 19144 23040 "GET /static/main/logoamr.png HTTP/1.1" 304 0
INFO 2025-11-28 19:04:57,454 basehttp 19144 24008 "GET /static/main/make.js HTTP/1.1" 304 0
WARNING 2025-11-28 19:04:57,482 log 19144 24008 Not Found: /.well-known/appspecific/com.chrome.devtools.json
WARNING 2025-11-28 19:04:57,483 basehttp 19144 24008 "GET /.well-known/appspecific/com.chrome.devtools.json HTTP/1.1" 404 10362
INFO 2025-11-28 19:05:49,559 basehttp 19144 11328 "GET /total_orders HTTP/1.1" 200 55353
INFO 2025-11-28 19:05:49,579 basehttp 19144 11328 "GET /static/main/mainnn.css HTTP/1.1" 304 0
INFO 2025-11-28 19:05:49,580 basehttp 19144 8856 "GET /static/main/logoamr.png HTTP/1.1" 304 0
WARNING 2025-11-28 19:05:49,606 log 19144 8856 Not Found: /.well-known/appspecific/com.chrome.devtools.json
WARNING 2025-11-28 19:05:49,608 basehttp 19144 8856 "GET /.well-known/appspecific/com.chrome.devtools.json HTTP/1.1" 404 10362
INFO 2025-11-28 19:05:55,692 basehttp 19144 8856 "GET /total_orders/month_sales?m=9&y=2025 HTTP/1.1" 200 38699
WARNING 2025-11-28 19:05:55,753 log 19144 8856 Not Found: /.well-known/appspecific/com.chrome.devtools.json
WARNING 2025-11-28 19:05:55,754 basehttp 19144 8856 "GET /.well-known/appspecific/com.chrome.devtools.json HTTP/1.1" 404 10362
INFO 2025-11-28 19:05:59,582 basehttp 19144 24068 "GET /users/ HTTP/1.1" 200 73489
INFO 2025-11-28 19:05:59,615 basehttp 19144 3512 "GET /static/main/users_search.js HTTP/1.1" 304 0
INFO 2025-11-28 19:05:59,616 basehttp 19144 24068 "GET /static/main/mainnn.css HTTP/1.1" 304 0
WARNING 2025-11-28 19:05:59,641 log 19144 24068 Not Found: /.well-known/appspecific/com.chrome.devtools.json
WARNING 2025-11-28 19:05:59,642 basehttp 19144 24068 "GET /.well-known/appspecific/com.chrome.devtools.json HTTP/1.1" 404 10362
INFO 2025-11-28 19:06:00,539 basehttp 19144 24068 "GET / HTTP/1.1" 200 135757
INFO 2025-11-28 19:06:00,567 basehttp 19144 24068 "GET /static/main/make.js HTTP/1.1" 304 0
WARNING 2025-11-28 19:06:00,598 log 19144 24068 Not Found: /.well-known/appspecific/com.chrome.devtools.json
WARNING 2025-11-28 19:06:00,599 basehttp 19144 24068 "GET /.well-known/appspecific/com.chrome.devtools.json HTTP/1.1" 404 10362
INFO 2025-11-28 19:06:01,614 basehttp 19144 24068 "GET /coming_order HTTP/1.1" 200 94627
WARNING 2025-11-28 19:06:01,684 log 19144 24068 Not Found: /.well-known/appspecific/com.chrome.devtools.json
WARNING 2025-11-28 19:06:01,685 basehttp 19144 24068 "GET /.well-known/appspecific/com.chrome.devtools.json HTTP/1.1" 404 10362
INFO 2025-11-28 19:06:36,443 basehttp 19144 25628 "GET /users/ HTTP/1.1" 200 73489
INFO 2025-11-28 19:06:36,467 basehttp 19144 25628 "GET /static/main/mainnn.css HTTP/1.1" 304 0
WARNING 2025-11-28 19:06:36,498 log 19144 25628 Not Found: /.well-known/appspecific/com.chrome.devtools.json
WARNING 2025-11-28 19:06:36,499 basehttp 19144 25628 "GET /.well-known/appspecific/com.chrome.devtools.json HTTP/1.1" 404 10362
INFO 2025-11-28 19:06:44,573 basehttp 19144 14064 "GET / HTTP/1.1" 200 135757
INFO 2025-11-28 19:06:44,598 basehttp 19144 14064 "GET /static/main/logoamr.png HTTP/1.1" 304 0
WARNING 2025-11-28 19:06:44,627 log 19144 14064 Not Found: /.well-known/appspecific/com.chrome.devtools.json
WARNING 2025-11-28 19:06:44,628 basehttp 19144 14064 "GET /.well-known/appspecific/com.chrome.devtools.json HTTP/1.1" 404 10362
INFO 2025-11-28 19:33:43,242 basehttp 19144 12020 "GET /coming_order HTTP/1.1" 200 94627
INFO 2025-11-28 19:33:43,253 basehttp 19144 12020 "GET /static/main/mainnn.css HTTP/1.1" 304 0
INFO 2025-11-28 19:33:43,254 basehttp 19144 9500 "GET /static/main/logoamr.png HTTP/1.1" 304 0
INFO 2025-11-28 19:33:43,254 basehttp 19144 16284 "GET /static/main/make.js HTTP/1.1" 304 0
INFO 2025-11-28 19:33:44,969 basehttp 19144 16284 "GET / HTTP/1.1" 200 135757
INFO 2025-11-28 19:39:44,139 basehttp 19144 22484 "GET / HTTP/1.1" 200 137417
INFO 2025-11-28 19:39:44,151 basehttp 19144 22484 "GET /static/main/mainnn.css HTTP/1.1" 304 0
INFO 2025-11-28 19:39:44,151 basehttp 19144 14040 "GET /static/main/make.js HTTP/1.1" 304 0
INFO 2025-11-28 19:39:44,153 basehttp 19144 23196 "GET /static/main/logoamr.png HTTP/1.1" 304 0
INFO 2025-11-28 19:39:50,094 basehttp 19144 23196 "POST / HTTP/1.1" 302 0
INFO 2025-11-28 19:39:50,119 basehttp 19144 23196 "GET / HTTP/1.1" 200 137417
INFO 2025-11-28 19:39:58,041 basehttp 19144 17424 "POST / HTTP/1.1" 302 0
INFO 2025-11-28 19:39:58,072 basehttp 19144 17424 "GET / HTTP/1.1" 200 137417
WARNING 2025-11-28 19:40:04,546 log 19144 27640 Not Found: /.well-known/appspecific/com.chrome.devtools.json
WARNING 2025-11-28 19:40:04,547 basehttp 19144 27640 "GET /.well-known/appspecific/com.chrome.devtools.json HTTP/1.1" 404 10362
WARNING 2025-11-28 19:40:35,546 basehttp 19144 26208 "GET /static/make.js HTTP/1.1" 404 1780
WARNING 2025-11-28 19:40:35,613 log 19144 26448 Not Found: /.well-known/appspecific/com.chrome.devtools.json
WARNING 2025-11-28 19:40:35,615 basehttp 19144 26448 "GET /.well-known/appspecific/com.chrome.devtools.json HTTP/1.1" 404 10362
WARNING 2025-11-28 19:40:35,628 log 19144 10636 Not Found: /favicon.ico
WARNING 2025-11-28 19:40:35,630 basehttp 19144 10636 "GET /favicon.ico HTTP/1.1" 404 10251
WARNING 2025-11-28 19:40:44,415 basehttp 19144 10840 "GET /static/css/main/make.js HTTP/1.1" 404 1807
WARNING 2025-11-28 19:40:44,474 log 19144 26776 Not Found: /.well-known/appspecific/com.chrome.devtools.json
WARNING 2025-11-28 19:40:44,475 basehttp 19144 26776 "GET /.well-known/appspecific/com.chrome.devtools.json HTTP/1.1" 404 10362
INFO 2025-11-28 19:41:14,127 basehttp 19144 27476 "GET //static/main/make.js HTTP/1.1" 200 4857
WARNING 2025-11-28 19:41:14,180 log 19144 27476 Not Found: /.well-known/appspecific/com.chrome.devtools.json
WARNING 2025-11-28 19:41:14,180 basehttp 19144 27476 "GET /.well-known/appspecific/com.chrome.devtools.json HTTP/1.1" 404 10362
INFO 2025-11-28 19:43:12,955 autoreload 19144 24212 C:\D\Cooding\GENERAL\Al-Asel\main\views_cbv.py changed, reloading.
INFO 2025-11-28 19:43:13,659 autoreload 20392 22764 Watching for file changes with StatReloader
INFO 2025-11-28 19:43:16,144 basehttp 20392 14468 "GET / HTTP/1.1" 200 137417
INFO 2025-11-28 19:43:34,568 autoreload 20392 22764 C:\D\Cooding\GENERAL\Al-Asel\main\views_cbv.py changed, reloading.
INFO 2025-11-28 19:43:35,105 autoreload 22204 9732 Watching for file changes with StatReloader
INFO 2025-11-28 19:43:57,812 basehttp 22204 4576 "GET / HTTP/1.1" 200 131763
INFO 2025-11-28 19:43:57,822 basehttp 22204 25300 "GET /static/main/mainnn.css HTTP/1.1" 304 0
INFO 2025-11-28 19:43:57,823 basehttp 22204 23620 "GET /static/main/logoamr.png HTTP/1.1" 304 0
INFO 2025-11-28 19:43:58,018 basehttp 22204 4576 "GET /static/main/makee.js HTTP/1.1" 200 5900
WARNING 2025-11-28 19:44:00,869 log 22204 4576 Not Found: /.well-known/appspecific/com.chrome.devtools.json
WARNING 2025-11-28 19:44:00,870 basehttp 22204 4576 "GET /.well-known/appspecific/com.chrome.devtools.json HTTP/1.1" 404 10362
INFO 2025-11-28 19:44:03,115 basehttp 22204 4576 "GET / HTTP/1.1" 200 131763
INFO 2025-11-28 19:44:03,132 basehttp 22204 4576 "GET /static/main/makee.js HTTP/1.1" 304 0
WARNING 2025-11-28 19:44:03,165 log 22204 4576 Not Found: /.well-known/appspecific/com.chrome.devtools.json
WARNING 2025-11-28 19:44:03,165 basehttp 22204 4576 "GET /.well-known/appspecific/com.chrome.devtools.json HTTP/1.1" 404 10362
INFO 2025-11-28 19:44:05,533 basehttp 22204 4576 "POST / HTTP/1.1" 302 0
INFO 2025-11-28 19:44:05,563 basehttp 22204 4576 "GET / HTTP/1.1" 200 131763
INFO 2025-11-28 19:44:05,576 basehttp 22204 4576 "GET /static/main/makee.js HTTP/1.1" 304 0
WARNING 2025-11-28 19:44:05,616 log 22204 4576 Not Found: /.well-known/appspecific/com.chrome.devtools.json
WARNING 2025-11-28 19:44:05,617 basehttp 22204 4576 "GET /.well-known/appspecific/com.chrome.devtools.json HTTP/1.1" 404 10362
INFO 2025-11-28 19:44:18,344 basehttp 22204 7204 "GET / HTTP/1.1" 200 131763
INFO 2025-11-28 19:44:18,362 basehttp 22204 7204 "GET /static/main/makee.js HTTP/1.1" 304 0
WARNING 2025-11-28 19:44:18,398 log 22204 7204 Not Found: /.well-known/appspecific/com.chrome.devtools.json
WARNING 2025-11-28 19:44:18,399 basehttp 22204 7204 "GET /.well-known/appspecific/com.chrome.devtools.json HTTP/1.1" 404 10362
INFO 2025-11-28 19:44:33,955 basehttp 22204 26760 "GET / HTTP/1.1" 302 0
INFO 2025-11-28 19:44:33,958 basehttp 22204 26760 "GET /login/?next=/ HTTP/1.1" 200 5164
INFO 2025-11-28 19:44:33,964 basehttp 22204 26760 "GET /static/main/logoamr.png HTTP/1.1" 200 38244
INFO 2025-11-28 19:44:39,791 basehttp 22204 23800 "POST /login/ HTTP/1.1" 302 0
INFO 2025-11-28 19:44:39,811 basehttp 22204 23800 "GET / HTTP/1.1" 200 131763
INFO 2025-11-28 19:44:39,819 basehttp 22204 23800 "GET /static/main/mainnn.css HTTP/1.1" 200 10819
INFO 2025-11-28 19:44:39,820 basehttp 22204 6020 "GET /static/main/makee.js HTTP/1.1" 200 5900
INFO 2025-11-28 19:44:42,627 basehttp 22204 6020 "POST / HTTP/1.1" 302 0
INFO 2025-11-28 19:44:42,652 basehttp 22204 6020 "GET / HTTP/1.1" 200 131763
INFO 2025-11-28 19:45:28,647 basehttp 22204 6228 "GET / HTTP/1.1" 200 131762
WARNING 2025-11-28 19:45:28,672 basehttp 22204 6228 "GET /static/main/make.js HTTP/1.1" 404 1795
WARNING 2025-11-28 19:45:28,693 log 22204 12040 Not Found: /.well-known/appspecific/com.chrome.devtools.json
WARNING 2025-11-28 19:45:28,696 basehttp 22204 12040 "GET /.well-known/appspecific/com.chrome.devtools.json HTTP/1.1" 404 10362
INFO 2025-11-28 19:45:37,223 basehttp 22204 20544 "POST / HTTP/1.1" 302 0
INFO 2025-11-28 19:45:37,243 basehttp 22204 20544 "GET / HTTP/1.1" 200 131762
WARNING 2025-11-28 19:45:37,265 basehttp 22204 20544 "GET /static/main/make.js HTTP/1.1" 404 1795
WARNING 2025-11-28 19:45:37,293 log 22204 21568 Not Found: /.well-known/appspecific/com.chrome.devtools.json
WARNING 2025-11-28 19:45:37,294 basehttp 22204 21568 "GET /.well-known/appspecific/com.chrome.devtools.json HTTP/1.1" 404 10362
INFO 2025-11-28 19:46:01,887 basehttp 22204 23800 "GET / HTTP/1.1" 200 131762
WARNING 2025-11-28 19:46:01,909 basehttp 22204 23800 "GET /static/main/make.js HTTP/1.1" 404 1795
WARNING 2025-11-28 19:46:01,942 log 22204 6428 Not Found: /.well-known/appspecific/com.chrome.devtools.json
WARNING 2025-11-28 19:46:01,943 basehttp 22204 6428 "GET /.well-known/appspecific/com.chrome.devtools.json HTTP/1.1" 404 10362
INFO 2025-11-28 19:46:03,909 basehttp 22204 6428 "GET / HTTP/1.1" 200 131762
WARNING 2025-11-28 19:46:03,922 basehttp 22204 6428 "GET /static/main/make.js HTTP/1.1" 404 1795
INFO 2025-11-28 19:46:06,075 basehttp 22204 27496 "POST / HTTP/1.1" 302 0
INFO 2025-11-28 19:46:06,108 basehttp 22204 27496 "GET / HTTP/1.1" 200 131762
WARNING 2025-11-28 19:46:06,122 basehttp 22204 27496 "GET /static/main/make.js HTTP/1.1" 404 1795
INFO 2025-11-28 19:46:09,553 basehttp 22204 1424 "GET / HTTP/1.1" 200 131762
WARNING 2025-11-28 19:46:09,567 basehttp 22204 1424 "GET /static/main/make.js HTTP/1.1" 404 1795
INFO 2025-11-28 19:46:47,790 autoreload 21188 22668 Watching for file changes with StatReloader
INFO 2025-11-28 19:53:24,438 basehttp 21188 6028 "GET / HTTP/1.1" 200 131763
INFO 2025-11-28 19:53:24,474 basehttp 21188 6028 "GET /static/main/mainnn.css HTTP/1.1" 304 0
INFO 2025-11-28 19:53:24,474 basehttp 21188 12084 "GET /static/main/logoamr.png HTTP/1.1" 304 0
INFO 2025-11-28 19:53:24,529 basehttp 21188 17944 "GET /static/main/makee.js HTTP/1.1" 200 5900
INFO 2025-11-28 19:53:50,476 basehttp 21188 17944 "POST / HTTP/1.1" 302 0
INFO 2025-11-28 19:53:50,522 basehttp 21188 17944 "GET /order_info/49 HTTP/1.1" 200 35614
INFO 2025-11-28 19:53:50,535 basehttp 21188 17944 "GET /static/main/order_table.js HTTP/1.1" 304 0
ERROR 2025-11-28 19:53:58,617 log 21188 1268 Internal Server Error: /
Traceback (most recent call last):
  File "C:\Users\mahmo\AppData\Roaming\Python\Python313\site-packages\django\db\backends\utils.py", line 89, in _execute
    return self.cursor.execute(sql, params)
           ~~~~~~~~~~~~~~~~~~~^^^^^^^^^^^^^
  File "C:\Users\mahmo\AppData\Roaming\Python\Python313\site-packages\django\db\backends\sqlite3\base.py", line 328, in execute
    return super().execute(query, params)
           ~~~~~~~~~~~~~~~^^^^^^^^^^^^^^^
sqlite3.IntegrityError: CHECK constraint failed: quantity

The above exception was the direct cause of the following exception:

Traceback (most recent call last):
  File "C:\Users\mahmo\AppData\Roaming\Python\Python313\site-packages\django\core\handlers\exception.py", line 55, in inner
    response = get_response(request)
  File "C:\Users\mahmo\AppData\Roaming\Python\Python313\site-packages\django\core\handlers\base.py", line 197, in _get_response
    response = wrapped_callback(request, *callback_args, **callback_kwargs)
  File "C:\Users\mahmo\AppData\Roaming\Python\Python313\site-packages\django\views\generic\base.py", line 104, in view
    return self.dispatch(request, *args, **kwargs)
           ~~~~~~~~~~~~~^^^^^^^^^^^^^^^^^^^^^^^^^^
  File "C:\Users\mahmo\AppData\Roaming\Python\Python313\site-packages\django\contrib\auth\mixins.py", line 73, in dispatch
    return super().dispatch(request, *args, **kwargs)
           ~~~~~~~~~~~~~~~~^^^^^^^^^^^^^^^^^^^^^^^^^^
  File "C:\Users\mahmo\AppData\Roaming\Python\Python313\site-packages\django\views\generic\base.py", line 143, in dispatch
    return handler(request, *args, **kwargs)
  File "C:\D\Cooding\GENERAL\Al-Asel\main\views_cbv.py", line 102, in post
    OrderItem.objects.create(order=order, item=item, quantity=quantity)
    ~~~~~~~~~~~~~~~~~~~~~~~~^^^^^^^^^^^^^^^^^^^^^^^^^^^^^^^^^^^^^^^^^^^
  File "C:\Users\mahmo\AppData\Roaming\Python\Python313\site-packages\django\db\models\manager.py", line 87, in manager_method
    return getattr(self.get_queryset(), name)(*args, **kwargs)
           ~~~~~~~~~~~~~~~~~~~~~~~~~~~~~~~~~~^^^^^^^^^^^^^^^^^
  File "C:\Users\mahmo\AppData\Roaming\Python\Python313\site-packages\django\db\models\query.py", line 658, in create
    obj.save(force_insert=True, using=self.db)
    ~~~~~~~~^^^^^^^^^^^^^^^^^^^^^^^^^^^^^^^^^^
  File "C:\D\Cooding\GENERAL\Al-Asel\main\models.py", line 176, in save
    self.item.update_item()
    ~~~~~~~~~~~~~~~~~~~~~^^
  File "C:\D\Cooding\GENERAL\Al-Asel\main\models.py", line 145, in update_item
    self.save()
    ~~~~~~~~~^^
  File "C:\Users\mahmo\AppData\Roaming\Python\Python313\site-packages\django\db\models\base.py", line 814, in save
    self.save_base(
    ~~~~~~~~~~~~~~^
        using=using,
        ^^^^^^^^^^^^
    ...<2 lines>...
        update_fields=update_fields,
        ^^^^^^^^^^^^^^^^^^^^^^^^^^^^
    )
    ^
  File "C:\Users\mahmo\AppData\Roaming\Python\Python313\site-packages\django\db\models\base.py", line 877, in save_base
    updated = self._save_table(
        raw,
    ...<4 lines>...
        update_fields,
    )
  File "C:\Users\mahmo\AppData\Roaming\Python\Python313\site-packages\django\db\models\base.py", line 990, in _save_table
    updated = self._do_update(
        base_qs, using, pk_val, values, update_fields, forced_update
    )
  File "C:\Users\mahmo\AppData\Roaming\Python\Python313\site-packages\django\db\models\base.py", line 1054, in _do_update
    return filtered._update(values) > 0
           ~~~~~~~~~~~~~~~~^^^^^^^^
  File "C:\Users\mahmo\AppData\Roaming\Python\Python313\site-packages\django\db\models\query.py", line 1231, in _update
    return query.get_compiler(self.db).execute_sql(CURSOR)
           ~~~~~~~~~~~~~~~~~~~~~~~~~~~~~~~~~~~~~~~^^^^^^^^
  File "C:\Users\mahmo\AppData\Roaming\Python\Python313\site-packages\django\db\models\sql\compiler.py", line 1984, in execute_sql
    cursor = super().execute_sql(result_type)
  File "C:\Users\mahmo\AppData\Roaming\Python\Python313\site-packages\django\db\models\sql\compiler.py", line 1562, in execute_sql
    cursor.execute(sql, params)
    ~~~~~~~~~~~~~~^^^^^^^^^^^^^
  File "C:\Users\mahmo\AppData\Roaming\Python\Python313\site-packages\django\db\backends\utils.py", line 102, in execute
    return super().execute(sql, params)
           ~~~~~~~~~~~~~~~^^^^^^^^^^^^^
  File "C:\Users\mahmo\AppData\Roaming\Python\Python313\site-packages\django\db\backends\utils.py", line 67, in execute
    return self._execute_with_wrappers(
           ~~~~~~~~~~~~~~~~~~~~~~~~~~~^
        sql, params, many=False, executor=self._execute
        ^^^^^^^^^^^^^^^^^^^^^^^^^^^^^^^^^^^^^^^^^^^^^^^
    )
    ^
  File "C:\Users\mahmo\AppData\Roaming\Python\Python313\site-packages\django\db\backends\utils.py", line 80, in _execute_with_wrappers
    return executor(sql, params, many, context)
  File "C:\Users\mahmo\AppData\Roaming\Python\Python313\site-packages\django\db\backends\utils.py", line 84, in _execute
    with self.db.wrap_database_errors:
         ^^^^^^^^^^^^^^^^^^^^^^^^^^^^
  File "C:\Users\mahmo\AppData\Roaming\Python\Python313\site-packages\django\db\utils.py", line 91, in __exit__
    raise dj_exc_value.with_traceback(traceback) from exc_value
  File "C:\Users\mahmo\AppData\Roaming\Python\Python313\site-packages\django\db\backends\utils.py", line 89, in _execute
    return self.cursor.execute(sql, params)
           ~~~~~~~~~~~~~~~~~~~^^^^^^^^^^^^^
  File "C:\Users\mahmo\AppData\Roaming\Python\Python313\site-packages\django\db\backends\sqlite3\base.py", line 328, in execute
    return super().execute(query, params)
           ~~~~~~~~~~~~~~~^^^^^^^^^^^^^^^
django.db.utils.IntegrityError: CHECK constraint failed: quantity
ERROR 2025-11-28 19:53:58,628 basehttp 21188 1268 "POST / HTTP/1.1" 500 200970
INFO 2025-11-28 19:54:02,193 basehttp 21188 1268 "GET / HTTP/1.1" 200 131760
INFO 2025-11-28 19:54:07,599 basehttp 21188 1268 "GET / HTTP/1.1" 200 131760
INFO 2025-11-28 19:54:07,607 basehttp 21188 1268 "GET /static/main/makee.js HTTP/1.1" 304 0
INFO 2025-11-28 19:54:08,708 basehttp 21188 1268 "POST / HTTP/1.1" 302 0
INFO 2025-11-28 19:54:08,741 basehttp 21188 1268 "GET / HTTP/1.1" 200 131760
INFO 2025-11-28 19:54:10,777 basehttp 21188 1268 "POST / HTTP/1.1" 302 0
INFO 2025-11-28 19:54:10,806 basehttp 21188 1268 "GET / HTTP/1.1" 200 131760
INFO 2025-11-28 19:54:12,536 basehttp 21188 1268 "POST / HTTP/1.1" 302 0
INFO 2025-11-28 19:54:12,561 basehttp 21188 1268 "GET / HTTP/1.1" 200 131760
INFO 2025-11-28 19:54:12,572 basehttp 21188 1268 "GET /static/main/makee.js HTTP/1.1" 304 0
INFO 2025-11-28 19:56:46,497 basehttp 21188 1268 "GET / HTTP/1.1" 200 131760
INFO 2025-11-28 19:56:46,506 basehttp 21188 1268 "GET /static/main/makee.js HTTP/1.1" 304 0
INFO 2025-11-28 19:56:52,267 basehttp 21188 1268 "POST / HTTP/1.1" 302 0
INFO 2025-11-28 19:56:52,292 basehttp 21188 1268 "GET / HTTP/1.1" 200 131760
INFO 2025-11-28 19:56:54,913 basehttp 21188 1268 "POST / HTTP/1.1" 302 0
INFO 2025-11-28 19:56:54,939 basehttp 21188 1268 "GET / HTTP/1.1" 200 131760
INFO 2025-11-28 19:56:58,509 basehttp 21188 1268 "POST / HTTP/1.1" 302 0
INFO 2025-11-28 19:56:58,532 basehttp 21188 1268 "GET / HTTP/1.1" 200 131760
INFO 2025-11-28 19:57:05,661 basehttp 21188 1268 "POST / HTTP/1.1" 302 0
INFO 2025-11-28 19:57:05,677 basehttp 21188 1268 "GET /order_info/57 HTTP/1.1" 200 35608
INFO 2025-11-28 19:57:12,397 basehttp 21188 1268 "POST / HTTP/1.1" 302 0
INFO 2025-11-28 19:57:12,418 basehttp 21188 1268 "GET /order_info/58 HTTP/1.1" 200 35608
INFO 2025-11-28 19:57:23,807 basehttp 21188 1268 "GET /total_orders HTTP/1.1" 200 55627
INFO 2025-11-28 19:57:30,370 basehttp 21188 1268 "GET /users/ HTTP/1.1" 200 77253
INFO 2025-11-28 19:57:30,381 basehttp 21188 1268 "GET /static/main/users_search.js HTTP/1.1" 304 0
INFO 2025-11-28 19:57:38,335 basehttp 21188 1268 "GET /order_info/49 HTTP/1.1" 200 35614
INFO 2025-11-28 19:57:40,956 basehttp 21188 1268 "GET /delete_order/49 HTTP/1.1" 200 31748
INFO 2025-11-28 19:57:43,315 basehttp 21188 1268 "POST /delete_order/49 HTTP/1.1" 302 0
INFO 2025-11-28 19:57:43,337 basehttp 21188 1268 "GET /users/1 HTTP/1.1" 200 53352
INFO 2025-11-28 19:57:45,561 basehttp 21188 1268 "GET /users/ HTTP/1.1" 200 76312
INFO 2025-11-28 19:57:46,703 basehttp 21188 1268 "GET /order_info/58 HTTP/1.1" 200 35608
INFO 2025-11-28 19:57:48,653 basehttp 21188 1268 "GET /delete_order/58 HTTP/1.1" 200 31747
INFO 2025-11-28 19:57:51,492 basehttp 21188 1268 "POST /delete_order/58 HTTP/1.1" 302 0
INFO 2025-11-28 19:57:51,512 basehttp 21188 1268 "GET /users/1 HTTP/1.1" 200 52324
INFO 2025-11-28 19:57:54,372 basehttp 21188 1268 "GET /users/ HTTP/1.1" 200 75371
INFO 2025-11-28 19:57:55,555 basehttp 21188 1268 "GET /order_info/57 HTTP/1.1" 200 35608
INFO 2025-11-28 19:57:57,347 basehttp 21188 1268 "GET /delete_order/57 HTTP/1.1" 200 31747
INFO 2025-11-28 19:58:00,781 basehttp 21188 23656 "POST /delete_order/57 HTTP/1.1" 302 0
INFO 2025-11-28 19:58:00,802 basehttp 21188 23656 "GET /users/1 HTTP/1.1" 200 51296
INFO 2025-11-28 19:58:02,647 basehttp 21188 23656 "GET /users/ HTTP/1.1" 200 74430
INFO 2025-11-28 19:58:03,847 basehttp 21188 23656 "GET /order_info/50 HTTP/1.1" 200 35610
INFO 2025-11-28 19:58:06,861 basehttp 21188 23656 "GET /delete_order/50 HTTP/1.1" 200 31746
INFO 2025-11-28 19:58:08,754 basehttp 21188 23656 "POST /delete_order/50 HTTP/1.1" 302 0
INFO 2025-11-28 19:58:08,775 basehttp 21188 23656 "GET /users/1 HTTP/1.1" 200 49594
INFO 2025-11-28 19:59:48,001 basehttp 21188 23656 "GET / HTTP/1.1" 200 131762
INFO 2025-11-28 19:59:48,013 basehttp 21188 15372 "GET /static/main/logoamr.png HTTP/1.1" 304 0
INFO 2025-11-28 19:59:48,014 basehttp 21188 23656 "GET /static/main/mainnn.css HTTP/1.1" 304 0
INFO 2025-11-28 19:59:48,015 basehttp 21188 4312 "GET /static/main/make.js HTTP/1.1" 200 7798
INFO 2025-11-28 19:59:51,113 basehttp 21188 4312 "GET /?search=1 HTTP/1.1" 200 131762
INFO 2025-11-28 19:59:51,211 basehttp 21188 4312 "GET /static/main/make.js HTTP/1.1" 304 0
INFO 2025-11-28 19:59:56,736 basehttp 21188 4312 "GET /?search=1 HTTP/1.1" 200 131762
INFO 2025-11-28 19:59:56,748 basehttp 21188 4312 "GET /static/main/make.js HTTP/1.1" 304 0
INFO 2025-11-28 20:00:05,444 basehttp 21188 4312 "GET /users/ HTTP/1.1" 200 73489
INFO 2025-11-28 20:00:09,665 basehttp 21188 4312 "GET / HTTP/1.1" 200 131762
INFO 2025-11-28 20:00:09,676 basehttp 21188 4312 "GET /static/main/make.js HTTP/1.1" 304 0
INFO 2025-11-28 20:00:12,987 basehttp 21188 4312 "POST / HTTP/1.1" 302 0
INFO 2025-11-28 20:00:13,006 basehttp 21188 4312 "GET /order_info/59 HTTP/1.1" 200 35610
INFO 2025-11-28 20:00:13,019 basehttp 21188 4312 "GET /static/main/order_table.js HTTP/1.1" 304 0
INFO 2025-11-28 20:00:15,986 basehttp 21188 4312 "GET /delete_order/59 HTTP/1.1" 200 31747
INFO 2025-11-28 20:00:20,317 basehttp 21188 4312 "POST /delete_order/59 HTTP/1.1" 302 0
INFO 2025-11-28 20:00:20,341 basehttp 21188 4312 "GET /users/1 HTTP/1.1" 200 49594
INFO 2025-11-28 20:01:29,194 basehttp 21188 4312 "GET /users/ HTTP/1.1" 200 73489
INFO 2025-11-28 20:01:30,119 basehttp 21188 4312 "GET / HTTP/1.1" 200 131762
INFO 2025-11-28 20:01:30,129 basehttp 21188 4312 "GET /static/main/make.js HTTP/1.1" 304 0
INFO 2025-11-28 20:04:20,515 basehttp 21188 4312 "GET /users/ HTTP/1.1" 200 73489
INFO 2025-11-28 20:04:20,527 basehttp 21188 4312 "GET /static/main/users_search.js HTTP/1.1" 304 0
INFO 2025-11-28 20:04:55,577 basehttp 21188 4312 "GET /manage/items HTTP/1.1" 200 148424
INFO 2025-11-28 20:06:51,182 basehttp 21188 19216 "GET /manage/items HTTP/1.1" 200 149960
INFO 2025-11-28 20:06:51,193 basehttp 21188 19216 "GET /static/main/mainnn.css HTTP/1.1" 304 0
INFO 2025-11-28 20:06:51,193 basehttp 21188 22560 "GET /static/main/logoamr.png HTTP/1.1" 304 0
INFO 2025-11-28 20:08:33,183 basehttp 21188 22560 "GET /manage/items HTTP/1.1" 200 149960
INFO 2025-11-28 20:08:39,156 basehttp 21188 22560 "GET / HTTP/1.1" 200 131763
INFO 2025-11-28 20:08:39,168 basehttp 21188 22560 "GET /static/main/makee.js HTTP/1.1" 200 6734
INFO 2025-11-28 20:09:14,594 basehttp 21188 22560 "GET /create_item HTTP/1.1" 200 34598
INFO 2025-11-28 20:09:19,223 basehttp 21188 22560 "GET /manage/items HTTP/1.1" 200 149960
INFO 2025-11-28 20:11:11,196 basehttp 21188 17352 "GET /manage/items HTTP/1.1" 200 151420
INFO 2025-11-28 20:11:17,142 basehttp 21188 17352 "GET /manage/items?search=11 HTTP/1.1" 200 151420
INFO 2025-11-28 20:11:21,461 basehttp 21188 13016 "GET /manage/items?search=11 HTTP/1.1" 200 151420
INFO 2025-11-28 20:11:23,767 basehttp 21188 13016 "GET /manage/items HTTP/1.1" 200 151420
INFO 2025-11-28 20:12:36,846 basehttp 21188 13016 "POST /manage/items HTTP/1.1" 200 151593
INFO 2025-11-28 20:14:00,885 basehttp 21188 13016 "GET /users/ HTTP/1.1" 200 73489
INFO 2025-11-28 20:14:00,901 basehttp 21188 8168 "GET /static/main/logoamr.png HTTP/1.1" 304 0
INFO 2025-11-28 20:14:00,902 basehttp 21188 13016 "GET /static/main/mainnn.css HTTP/1.1" 304 0
INFO 2025-11-28 20:14:00,902 basehttp 21188 26816 "GET /static/main/users_search.js HTTP/1.1" 304 0
INFO 2025-11-28 20:14:01,908 basehttp 21188 26816 "GET / HTTP/1.1" 200 131763
INFO 2025-11-28 20:14:01,919 basehttp 21188 26816 "GET /static/main/makee.js HTTP/1.1" 304 0
INFO 2025-11-28 20:14:03,082 basehttp 21188 26816 "GET /total_orders HTTP/1.1" 200 55353
INFO 2025-11-28 20:15:47,537 basehttp 21188 26816 "GET /users/ HTTP/1.1" 200 73489
INFO 2025-11-28 20:15:49,928 basehttp 21188 26816 "GET / HTTP/1.1" 200 131763
INFO 2025-11-28 20:15:49,941 basehttp 21188 26816 "GET /static/main/makee.js HTTP/1.1" 304 0
INFO 2025-11-28 20:16:02,557 basehttp 21188 26816 "GET /users/ HTTP/1.1" 200 73489
INFO 2025-11-28 20:16:06,094 basehttp 21188 26816 "GET /manage/items HTTP/1.1" 200 151420
INFO 2025-11-28 20:17:02,102 basehttp 21188 26816 "GET /users/ HTTP/1.1" 200 73489
INFO 2025-11-28 20:17:04,050 basehttp 21188 26816 "GET / HTTP/1.1" 200 131763
INFO 2025-11-28 20:17:04,061 basehttp 21188 26816 "GET /static/main/makee.js HTTP/1.1" 304 0
INFO 2025-11-28 20:17:16,434 basehttp 21188 988 "GET /total_orders HTTP/1.1" 200 55353
INFO 2025-11-28 20:17:17,538 basehttp 21188 988 "GET /users/ HTTP/1.1" 200 73489
INFO 2025-11-28 20:17:19,107 basehttp 21188 988 "GET / HTTP/1.1" 200 131763
INFO 2025-11-28 20:17:20,390 basehttp 21188 988 "GET /coming_order HTTP/1.1" 200 93662
INFO 2025-11-28 20:20:50,674 basehttp 21188 19960 "GET /coming_order HTTP/1.1" 200 93662
INFO 2025-11-28 20:20:50,687 basehttp 21188 19960 "GET /static/main/makee.js HTTP/1.1" 304 0
INFO 2025-11-28 20:20:58,000 basehttp 21188 7488 "GET /manage/items HTTP/1.1" 200 151420
INFO 2025-11-28 20:21:05,554 basehttp 21188 480 "GET /users/ HTTP/1.1" 200 73489
INFO 2025-11-28 20:21:05,564 basehttp 21188 480 "GET /static/main/mainnn.css HTTP/1.1" 304 0
INFO 2025-11-28 20:21:37,389 basehttp 21188 16512 "GET / HTTP/1.1" 200 131763
INFO 2025-11-28 20:23:14,963 basehttp 21188 15548 "GET /manage/items HTTP/1.1" 200 151420
INFO 2025-11-28 20:23:14,976 basehttp 21188 15548 "GET /static/main/logoamr.png HTTP/1.1" 304 0
INFO 2025-11-28 20:27:46,485 basehttp 21188 27500 "GET /manage/items HTTP/1.1" 200 151420
INFO 2025-11-28 20:27:48,460 basehttp 21188 27500 "GET /users/ HTTP/1.1" 200 73489
INFO 2025-11-28 20:27:48,470 basehttp 21188 27500 "GET /static/main/users_search.js HTTP/1.1" 304 0
INFO 2025-11-28 20:27:49,111 basehttp 21188 27500 "GET / HTTP/1.1" 200 131763
INFO 2025-11-28 20:27:49,122 basehttp 21188 27500 "GET /static/main/makee.js HTTP/1.1" 304 0
INFO 2025-11-28 20:28:03,533 autoreload 27444 26172 Watching for file changes with StatReloader
INFO 2025-11-28 20:28:10,577 basehttp 27444 26404 "GET / HTTP/1.1" 200 131763
INFO 2025-11-28 20:28:13,371 basehttp 27444 26404 "GET / HTTP/1.1" 200 131763
INFO 2025-11-28 20:28:14,329 basehttp 27444 26404 "GET / HTTP/1.1" 200 131763
INFO 2025-11-28 20:29:48,885 autoreload 27444 26172 C:\D\Cooding\GENERAL\Al-Asel\main\models.py changed, reloading.
INFO 2025-11-28 20:29:49,510 autoreload 4624 18480 Watching for file changes with StatReloader
INFO 2025-11-28 20:30:22,062 autoreload 4624 18480 C:\D\Cooding\GENERAL\Al-Asel\main\models.py changed, reloading.
INFO 2025-11-28 20:30:22,590 autoreload 14040 26464 Watching for file changes with StatReloader
INFO 2025-11-28 20:30:56,360 autoreload 14040 26464 C:\D\Cooding\GENERAL\Al-Asel\main\views_cbv.py changed, reloading.
INFO 2025-11-28 20:30:56,893 autoreload 22360 5884 Watching for file changes with StatReloader
INFO 2025-11-28 20:31:13,385 autoreload 22360 5884 C:\D\Cooding\GENERAL\Al-Asel\main\views_cbv.py changed, reloading.
INFO 2025-11-28 20:31:13,957 autoreload 15608 14432 Watching for file changes with StatReloader
INFO 2025-11-28 20:32:10,656 basehttp 15608 26928 "GET / HTTP/1.1" 200 131763
INFO 2025-11-28 20:32:10,670 basehttp 15608 26928 "GET /static/main/mainnn.css HTTP/1.1" 304 0
INFO 2025-11-28 20:32:10,670 basehttp 15608 23412 "GET /static/main/logoamr.png HTTP/1.1" 304 0
INFO 2025-11-28 20:32:10,671 basehttp 15608 7192 "GET /static/main/makee.js HTTP/1.1" 304 0
INFO 2025-11-28 20:32:28,670 autoreload 15608 14432 C:\D\Cooding\GENERAL\Al-Asel\main\urls.py changed, reloading.
INFO 2025-11-28 20:32:29,308 autoreload 5140 25464 Watching for file changes with StatReloader
INFO 2025-11-28 20:33:14,922 autoreload 10184 26808 Watching for file changes with StatReloader
INFO 2025-11-28 20:33:35,304 autoreload 10184 26808 C:\D\Cooding\GENERAL\Al-Asel\main\urls.py changed, reloading.
INFO 2025-11-28 20:33:36,029 autoreload 13248 11888 Watching for file changes with StatReloader
INFO 2025-11-28 20:33:39,199 autoreload 13248 11888 C:\D\Cooding\GENERAL\Al-Asel\main\urls.py changed, reloading.
INFO 2025-11-28 20:33:39,760 autoreload 22560 21452 Watching for file changes with StatReloader
INFO 2025-11-28 20:33:57,163 autoreload 22560 21452 C:\D\Cooding\GENERAL\Al-Asel\main\urls.py changed, reloading.
INFO 2025-11-28 20:33:57,705 autoreload 16096 15088 Watching for file changes with StatReloader
INFO 2025-11-28 20:33:59,753 basehttp 16096 27444 "GET / HTTP/1.1" 200 131763
INFO 2025-11-28 20:38:07,333 autoreload 16096 15088 C:\D\Cooding\GENERAL\Al-Asel\main\urls.py changed, reloading.
INFO 2025-11-28 20:38:07,947 autoreload 3328 16696 Watching for file changes with StatReloader
INFO 2025-11-28 20:38:50,194 basehttp 3328 1540 "GET / HTTP/1.1" 200 131763
INFO 2025-11-28 20:38:50,206 basehttp 3328 1540 "GET /static/main/makee.js HTTP/1.1" 304 0
INFO 2025-11-28 20:38:56,502 basehttp 3328 14348 "GET / HTTP/1.1" 302 0
INFO 2025-11-28 20:38:56,509 basehttp 3328 14348 "GET /login/?next=/ HTTP/1.1" 200 5164
INFO 2025-11-28 20:38:56,569 basehttp 3328 14348 "GET /static/main/logoamr.png HTTP/1.1" 200 38244
INFO 2025-11-28 20:38:59,938 basehttp 3328 14348 "POST /login/ HTTP/1.1" 200 5481
INFO 2025-11-28 20:39:05,445 basehttp 3328 5404 "POST /login/ HTTP/1.1" 302 0
INFO 2025-11-28 20:39:05,466 basehttp 3328 5404 "GET / HTTP/1.1" 200 131763
INFO 2025-11-28 20:39:05,475 basehttp 3328 4972 "GET /static/main/makee.js HTTP/1.1" 200 6734
INFO 2025-11-28 20:39:05,476 basehttp 3328 5404 "GET /static/main/mainnn.css HTTP/1.1" 200 10819
INFO 2025-11-28 20:40:33,732 autoreload 3328 16696 C:\D\Cooding\GENERAL\Al-Asel\main\models.py changed, reloading.
INFO 2025-11-28 20:40:34,384 autoreload 15408 9128 Watching for file changes with StatReloader
INFO 2025-11-28 20:41:22,310 autoreload 15408 9128 C:\D\Cooding\GENERAL\Al-Asel\main\views_cbv.py changed, reloading.
INFO 2025-11-28 20:41:22,862 autoreload 27456 11364 Watching for file changes with StatReloader
ERROR 2025-11-28 20:43:42,891 log 27456 27532 Internal Server Error: /
Traceback (most recent call last):
  File "C:\Users\mahmo\AppData\Roaming\Python\Python313\site-packages\django\template\base.py", line 505, in parse
    compile_func = self.tags[command]
                   ~~~~~~~~~^^^^^^^^^
KeyError: 'endblock'

During handling of the above exception, another exception occurred:

Traceback (most recent call last):
  File "C:\Users\mahmo\AppData\Roaming\Python\Python313\site-packages\django\core\handlers\exception.py", line 55, in inner
    response = get_response(request)
  File "C:\Users\mahmo\AppData\Roaming\Python\Python313\site-packages\django\core\handlers\base.py", line 220, in _get_response
    response = response.render()
  File "C:\Users\mahmo\AppData\Roaming\Python\Python313\site-packages\django\template\response.py", line 114, in render
    self.content = self.rendered_content
                   ^^^^^^^^^^^^^^^^^^^^^
  File "C:\Users\mahmo\AppData\Roaming\Python\Python313\site-packages\django\template\response.py", line 90, in rendered_content
    template = self.resolve_template(self.template_name)
  File "C:\Users\mahmo\AppData\Roaming\Python\Python313\site-packages\django\template\response.py", line 72, in resolve_template
    return select_template(template, using=self.using)
  File "C:\Users\mahmo\AppData\Roaming\Python\Python313\site-packages\django\template\loader.py", line 42, in select_template
    return engine.get_template(template_name)
           ~~~~~~~~~~~~~~~~~~~^^^^^^^^^^^^^^^
  File "C:\Users\mahmo\AppData\Roaming\Python\Python313\site-packages\django\template\backends\django.py", line 33, in get_template
    return Template(self.engine.get_template(template_name), self)
                    ~~~~~~~~~~~~~~~~~~~~~~~~^^^^^^^^^^^^^^^
  File "C:\Users\mahmo\AppData\Roaming\Python\Python313\site-packages\django\template\engine.py", line 175, in get_template
    template, origin = self.find_template(template_name)
                       ~~~~~~~~~~~~~~~~~~^^^^^^^^^^^^^^^
  File "C:\Users\mahmo\AppData\Roaming\Python\Python313\site-packages\django\template\engine.py", line 157, in find_template
    template = loader.get_template(name, skip=skip)
  File "C:\Users\mahmo\AppData\Roaming\Python\Python313\site-packages\django\template\loaders\cached.py", line 57, in get_template
    template = super().get_template(template_name, skip)
  File "C:\Users\mahmo\AppData\Roaming\Python\Python313\site-packages\django\template\loaders\base.py", line 28, in get_template
    return Template(
        contents,
    ...<2 lines>...
        self.engine,
    )
  File "C:\Users\mahmo\AppData\Roaming\Python\Python313\site-packages\django\template\base.py", line 154, in __init__
    self.nodelist = self.compile_nodelist()
                    ~~~~~~~~~~~~~~~~~~~~~^^
  File "C:\Users\mahmo\AppData\Roaming\Python\Python313\site-packages\django\template\base.py", line 200, in compile_nodelist
    return parser.parse()
           ~~~~~~~~~~~~^^
  File "C:\Users\mahmo\AppData\Roaming\Python\Python313\site-packages\django\template\base.py", line 513, in parse
    raise self.error(token, e)
  File "C:\Users\mahmo\AppData\Roaming\Python\Python313\site-packages\django\template\base.py", line 511, in parse
    compiled_result = compile_func(self, token)
  File "C:\Users\mahmo\AppData\Roaming\Python\Python313\site-packages\django\template\loader_tags.py", line 293, in do_extends
    nodelist = parser.parse()
  File "C:\Users\mahmo\AppData\Roaming\Python\Python313\site-packages\django\template\base.py", line 513, in parse
    raise self.error(token, e)
  File "C:\Users\mahmo\AppData\Roaming\Python\Python313\site-packages\django\template\base.py", line 511, in parse
    compiled_result = compile_func(self, token)
  File "C:\Users\mahmo\AppData\Roaming\Python\Python313\site-packages\django\template\loader_tags.py", line 232, in do_block
    nodelist = parser.parse(("endblock",))
  File "C:\Users\mahmo\AppData\Roaming\Python\Python313\site-packages\django\template\base.py", line 513, in parse
    raise self.error(token, e)
  File "C:\Users\mahmo\AppData\Roaming\Python\Python313\site-packages\django\template\base.py", line 511, in parse
    compiled_result = compile_func(self, token)
  File "C:\Users\mahmo\AppData\Roaming\Python\Python313\site-packages\django\template\defaulttags.py", line 853, in do_for
    nodelist_loop = parser.parse(
        (
    ...<2 lines>...
        )
    )
  File "C:\Users\mahmo\AppData\Roaming\Python\Python313\site-packages\django\template\base.py", line 507, in parse
    self.invalid_block_tag(token, command, parse_until)
    ~~~~~~~~~~~~~~~~~~~~~~^^^^^^^^^^^^^^^^^^^^^^^^^^^^^
  File "C:\Users\mahmo\AppData\Roaming\Python\Python313\site-packages\django\template\base.py", line 558, in invalid_block_tag
    raise self.error(
    ...<8 lines>...
    )
django.template.exceptions.TemplateSyntaxError: Invalid block tag on line 144: 'endblock', expected 'empty' or 'endfor'. Did you forget to register or load this tag?
ERROR 2025-11-28 20:43:42,898 basehttp 27456 27532 "GET / HTTP/1.1" 500 202286
ERROR 2025-11-28 20:44:10,499 log 27456 16224 Internal Server Error: /
Traceback (most recent call last):
  File "C:\Users\mahmo\AppData\Roaming\Python\Python313\site-packages\django\template\base.py", line 505, in parse
    compile_func = self.tags[command]
                   ~~~~~~~~~^^^^^^^^^
KeyError: 'endblock'

During handling of the above exception, another exception occurred:

Traceback (most recent call last):
  File "C:\Users\mahmo\AppData\Roaming\Python\Python313\site-packages\django\core\handlers\exception.py", line 55, in inner
    response = get_response(request)
  File "C:\Users\mahmo\AppData\Roaming\Python\Python313\site-packages\django\core\handlers\base.py", line 220, in _get_response
    response = response.render()
  File "C:\Users\mahmo\AppData\Roaming\Python\Python313\site-packages\django\template\response.py", line 114, in render
    self.content = self.rendered_content
                   ^^^^^^^^^^^^^^^^^^^^^
  File "C:\Users\mahmo\AppData\Roaming\Python\Python313\site-packages\django\template\response.py", line 90, in rendered_content
    template = self.resolve_template(self.template_name)
  File "C:\Users\mahmo\AppData\Roaming\Python\Python313\site-packages\django\template\response.py", line 72, in resolve_template
    return select_template(template, using=self.using)
  File "C:\Users\mahmo\AppData\Roaming\Python\Python313\site-packages\django\template\loader.py", line 42, in select_template
    return engine.get_template(template_name)
           ~~~~~~~~~~~~~~~~~~~^^^^^^^^^^^^^^^
  File "C:\Users\mahmo\AppData\Roaming\Python\Python313\site-packages\django\template\backends\django.py", line 33, in get_template
    return Template(self.engine.get_template(template_name), self)
                    ~~~~~~~~~~~~~~~~~~~~~~~~^^^^^^^^^^^^^^^
  File "C:\Users\mahmo\AppData\Roaming\Python\Python313\site-packages\django\template\engine.py", line 175, in get_template
    template, origin = self.find_template(template_name)
                       ~~~~~~~~~~~~~~~~~~^^^^^^^^^^^^^^^
  File "C:\Users\mahmo\AppData\Roaming\Python\Python313\site-packages\django\template\engine.py", line 157, in find_template
    template = loader.get_template(name, skip=skip)
  File "C:\Users\mahmo\AppData\Roaming\Python\Python313\site-packages\django\template\loaders\cached.py", line 57, in get_template
    template = super().get_template(template_name, skip)
  File "C:\Users\mahmo\AppData\Roaming\Python\Python313\site-packages\django\template\loaders\base.py", line 28, in get_template
    return Template(
        contents,
    ...<2 lines>...
        self.engine,
    )
  File "C:\Users\mahmo\AppData\Roaming\Python\Python313\site-packages\django\template\base.py", line 154, in __init__
    self.nodelist = self.compile_nodelist()
                    ~~~~~~~~~~~~~~~~~~~~~^^
  File "C:\Users\mahmo\AppData\Roaming\Python\Python313\site-packages\django\template\base.py", line 200, in compile_nodelist
    return parser.parse()
           ~~~~~~~~~~~~^^
  File "C:\Users\mahmo\AppData\Roaming\Python\Python313\site-packages\django\template\base.py", line 513, in parse
    raise self.error(token, e)
  File "C:\Users\mahmo\AppData\Roaming\Python\Python313\site-packages\django\template\base.py", line 511, in parse
    compiled_result = compile_func(self, token)
  File "C:\Users\mahmo\AppData\Roaming\Python\Python313\site-packages\django\template\loader_tags.py", line 293, in do_extends
    nodelist = parser.parse()
  File "C:\Users\mahmo\AppData\Roaming\Python\Python313\site-packages\django\template\base.py", line 513, in parse
    raise self.error(token, e)
  File "C:\Users\mahmo\AppData\Roaming\Python\Python313\site-packages\django\template\base.py", line 511, in parse
    compiled_result = compile_func(self, token)
  File "C:\Users\mahmo\AppData\Roaming\Python\Python313\site-packages\django\template\loader_tags.py", line 232, in do_block
    nodelist = parser.parse(("endblock",))
  File "C:\Users\mahmo\AppData\Roaming\Python\Python313\site-packages\django\template\base.py", line 513, in parse
    raise self.error(token, e)
  File "C:\Users\mahmo\AppData\Roaming\Python\Python313\site-packages\django\template\base.py", line 511, in parse
    compiled_result = compile_func(self, token)
  File "C:\Users\mahmo\AppData\Roaming\Python\Python313\site-packages\django\template\defaulttags.py", line 853, in do_for
    nodelist_loop = parser.parse(
        (
    ...<2 lines>...
        )
    )
  File "C:\Users\mahmo\AppData\Roaming\Python\Python313\site-packages\django\template\base.py", line 507, in parse
    self.invalid_block_tag(token, command, parse_until)
    ~~~~~~~~~~~~~~~~~~~~~~^^^^^^^^^^^^^^^^^^^^^^^^^^^^^
  File "C:\Users\mahmo\AppData\Roaming\Python\Python313\site-packages\django\template\base.py", line 558, in invalid_block_tag
    raise self.error(
    ...<8 lines>...
    )
django.template.exceptions.TemplateSyntaxError: Invalid block tag on line 144: 'endblock', expected 'empty' or 'endfor'. Did you forget to register or load this tag?
ERROR 2025-11-28 20:44:10,503 basehttp 27456 16224 "GET / HTTP/1.1" 500 202286
ERROR 2025-11-28 20:44:32,992 log 27456 20320 Internal Server Error: /
Traceback (most recent call last):
  File "C:\Users\mahmo\AppData\Roaming\Python\Python313\site-packages\django\template\base.py", line 505, in parse
    compile_func = self.tags[command]
                   ~~~~~~~~~^^^^^^^^^
KeyError: 'endblock'

During handling of the above exception, another exception occurred:

Traceback (most recent call last):
  File "C:\Users\mahmo\AppData\Roaming\Python\Python313\site-packages\django\core\handlers\exception.py", line 55, in inner
    response = get_response(request)
  File "C:\Users\mahmo\AppData\Roaming\Python\Python313\site-packages\django\core\handlers\base.py", line 220, in _get_response
    response = response.render()
  File "C:\Users\mahmo\AppData\Roaming\Python\Python313\site-packages\django\template\response.py", line 114, in render
    self.content = self.rendered_content
                   ^^^^^^^^^^^^^^^^^^^^^
  File "C:\Users\mahmo\AppData\Roaming\Python\Python313\site-packages\django\template\response.py", line 90, in rendered_content
    template = self.resolve_template(self.template_name)
  File "C:\Users\mahmo\AppData\Roaming\Python\Python313\site-packages\django\template\response.py", line 72, in resolve_template
    return select_template(template, using=self.using)
  File "C:\Users\mahmo\AppData\Roaming\Python\Python313\site-packages\django\template\loader.py", line 42, in select_template
    return engine.get_template(template_name)
           ~~~~~~~~~~~~~~~~~~~^^^^^^^^^^^^^^^
  File "C:\Users\mahmo\AppData\Roaming\Python\Python313\site-packages\django\template\backends\django.py", line 33, in get_template
    return Template(self.engine.get_template(template_name), self)
                    ~~~~~~~~~~~~~~~~~~~~~~~~^^^^^^^^^^^^^^^
  File "C:\Users\mahmo\AppData\Roaming\Python\Python313\site-packages\django\template\engine.py", line 175, in get_template
    template, origin = self.find_template(template_name)
                       ~~~~~~~~~~~~~~~~~~^^^^^^^^^^^^^^^
  File "C:\Users\mahmo\AppData\Roaming\Python\Python313\site-packages\django\template\engine.py", line 157, in find_template
    template = loader.get_template(name, skip=skip)
  File "C:\Users\mahmo\AppData\Roaming\Python\Python313\site-packages\django\template\loaders\cached.py", line 57, in get_template
    template = super().get_template(template_name, skip)
  File "C:\Users\mahmo\AppData\Roaming\Python\Python313\site-packages\django\template\loaders\base.py", line 28, in get_template
    return Template(
        contents,
    ...<2 lines>...
        self.engine,
    )
  File "C:\Users\mahmo\AppData\Roaming\Python\Python313\site-packages\django\template\base.py", line 154, in __init__
    self.nodelist = self.compile_nodelist()
                    ~~~~~~~~~~~~~~~~~~~~~^^
  File "C:\Users\mahmo\AppData\Roaming\Python\Python313\site-packages\django\template\base.py", line 200, in compile_nodelist
    return parser.parse()
           ~~~~~~~~~~~~^^
  File "C:\Users\mahmo\AppData\Roaming\Python\Python313\site-packages\django\template\base.py", line 513, in parse
    raise self.error(token, e)
  File "C:\Users\mahmo\AppData\Roaming\Python\Python313\site-packages\django\template\base.py", line 511, in parse
    compiled_result = compile_func(self, token)
  File "C:\Users\mahmo\AppData\Roaming\Python\Python313\site-packages\django\template\loader_tags.py", line 293, in do_extends
    nodelist = parser.parse()
  File "C:\Users\mahmo\AppData\Roaming\Python\Python313\site-packages\django\template\base.py", line 513, in parse
    raise self.error(token, e)
  File "C:\Users\mahmo\AppData\Roaming\Python\Python313\site-packages\django\template\base.py", line 511, in parse
    compiled_result = compile_func(self, token)
  File "C:\Users\mahmo\AppData\Roaming\Python\Python313\site-packages\django\template\loader_tags.py", line 232, in do_block
    nodelist = parser.parse(("endblock",))
  File "C:\Users\mahmo\AppData\Roaming\Python\Python313\site-packages\django\template\base.py", line 513, in parse
    raise self.error(token, e)
  File "C:\Users\mahmo\AppData\Roaming\Python\Python313\site-packages\django\template\base.py", line 511, in parse
    compiled_result = compile_func(self, token)
  File "C:\Users\mahmo\AppData\Roaming\Python\Python313\site-packages\django\template\defaulttags.py", line 853, in do_for
    nodelist_loop = parser.parse(
        (
    ...<2 lines>...
        )
    )
  File "C:\Users\mahmo\AppData\Roaming\Python\Python313\site-packages\django\template\base.py", line 507, in parse
    self.invalid_block_tag(token, command, parse_until)
    ~~~~~~~~~~~~~~~~~~~~~~^^^^^^^^^^^^^^^^^^^^^^^^^^^^^
  File "C:\Users\mahmo\AppData\Roaming\Python\Python313\site-packages\django\template\base.py", line 558, in invalid_block_tag
    raise self.error(
    ...<8 lines>...
    )
django.template.exceptions.TemplateSyntaxError: Invalid block tag on line 144: 'endblock', expected 'empty' or 'endfor'. Did you forget to register or load this tag?
ERROR 2025-11-28 20:44:32,997 basehttp 27456 20320 "GET / HTTP/1.1" 500 202286
ERROR 2025-11-28 20:44:34,163 log 27456 20320 Internal Server Error: /
Traceback (most recent call last):
  File "C:\Users\mahmo\AppData\Roaming\Python\Python313\site-packages\django\template\base.py", line 505, in parse
    compile_func = self.tags[command]
                   ~~~~~~~~~^^^^^^^^^
KeyError: 'endblock'

During handling of the above exception, another exception occurred:

Traceback (most recent call last):
  File "C:\Users\mahmo\AppData\Roaming\Python\Python313\site-packages\django\core\handlers\exception.py", line 55, in inner
    response = get_response(request)
  File "C:\Users\mahmo\AppData\Roaming\Python\Python313\site-packages\django\core\handlers\base.py", line 220, in _get_response
    response = response.render()
  File "C:\Users\mahmo\AppData\Roaming\Python\Python313\site-packages\django\template\response.py", line 114, in render
    self.content = self.rendered_content
                   ^^^^^^^^^^^^^^^^^^^^^
  File "C:\Users\mahmo\AppData\Roaming\Python\Python313\site-packages\django\template\response.py", line 90, in rendered_content
    template = self.resolve_template(self.template_name)
  File "C:\Users\mahmo\AppData\Roaming\Python\Python313\site-packages\django\template\response.py", line 72, in resolve_template
    return select_template(template, using=self.using)
  File "C:\Users\mahmo\AppData\Roaming\Python\Python313\site-packages\django\template\loader.py", line 42, in select_template
    return engine.get_template(template_name)
           ~~~~~~~~~~~~~~~~~~~^^^^^^^^^^^^^^^
  File "C:\Users\mahmo\AppData\Roaming\Python\Python313\site-packages\django\template\backends\django.py", line 33, in get_template
    return Template(self.engine.get_template(template_name), self)
                    ~~~~~~~~~~~~~~~~~~~~~~~~^^^^^^^^^^^^^^^
  File "C:\Users\mahmo\AppData\Roaming\Python\Python313\site-packages\django\template\engine.py", line 175, in get_template
    template, origin = self.find_template(template_name)
                       ~~~~~~~~~~~~~~~~~~^^^^^^^^^^^^^^^
  File "C:\Users\mahmo\AppData\Roaming\Python\Python313\site-packages\django\template\engine.py", line 157, in find_template
    template = loader.get_template(name, skip=skip)
  File "C:\Users\mahmo\AppData\Roaming\Python\Python313\site-packages\django\template\loaders\cached.py", line 57, in get_template
    template = super().get_template(template_name, skip)
  File "C:\Users\mahmo\AppData\Roaming\Python\Python313\site-packages\django\template\loaders\base.py", line 28, in get_template
    return Template(
        contents,
    ...<2 lines>...
        self.engine,
    )
  File "C:\Users\mahmo\AppData\Roaming\Python\Python313\site-packages\django\template\base.py", line 154, in __init__
    self.nodelist = self.compile_nodelist()
                    ~~~~~~~~~~~~~~~~~~~~~^^
  File "C:\Users\mahmo\AppData\Roaming\Python\Python313\site-packages\django\template\base.py", line 200, in compile_nodelist
    return parser.parse()
           ~~~~~~~~~~~~^^
  File "C:\Users\mahmo\AppData\Roaming\Python\Python313\site-packages\django\template\base.py", line 513, in parse
    raise self.error(token, e)
  File "C:\Users\mahmo\AppData\Roaming\Python\Python313\site-packages\django\template\base.py", line 511, in parse
    compiled_result = compile_func(self, token)
  File "C:\Users\mahmo\AppData\Roaming\Python\Python313\site-packages\django\template\loader_tags.py", line 293, in do_extends
    nodelist = parser.parse()
  File "C:\Users\mahmo\AppData\Roaming\Python\Python313\site-packages\django\template\base.py", line 513, in parse
    raise self.error(token, e)
  File "C:\Users\mahmo\AppData\Roaming\Python\Python313\site-packages\django\template\base.py", line 511, in parse
    compiled_result = compile_func(self, token)
  File "C:\Users\mahmo\AppData\Roaming\Python\Python313\site-packages\django\template\loader_tags.py", line 232, in do_block
    nodelist = parser.parse(("endblock",))
  File "C:\Users\mahmo\AppData\Roaming\Python\Python313\site-packages\django\template\base.py", line 513, in parse
    raise self.error(token, e)
  File "C:\Users\mahmo\AppData\Roaming\Python\Python313\site-packages\django\template\base.py", line 511, in parse
    compiled_result = compile_func(self, token)
  File "C:\Users\mahmo\AppData\Roaming\Python\Python313\site-packages\django\template\defaulttags.py", line 853, in do_for
    nodelist_loop = parser.parse(
        (
    ...<2 lines>...
        )
    )
  File "C:\Users\mahmo\AppData\Roaming\Python\Python313\site-packages\django\template\base.py", line 507, in parse
    self.invalid_block_tag(token, command, parse_until)
    ~~~~~~~~~~~~~~~~~~~~~~^^^^^^^^^^^^^^^^^^^^^^^^^^^^^
  File "C:\Users\mahmo\AppData\Roaming\Python\Python313\site-packages\django\template\base.py", line 558, in invalid_block_tag
    raise self.error(
    ...<8 lines>...
    )
django.template.exceptions.TemplateSyntaxError: Invalid block tag on line 144: 'endblock', expected 'empty' or 'endfor'. Did you forget to register or load this tag?
ERROR 2025-11-28 20:44:34,169 basehttp 27456 20320 "GET / HTTP/1.1" 500 202286
ERROR 2025-11-28 20:44:34,636 log 27456 20320 Internal Server Error: /
Traceback (most recent call last):
  File "C:\Users\mahmo\AppData\Roaming\Python\Python313\site-packages\django\template\base.py", line 505, in parse
    compile_func = self.tags[command]
                   ~~~~~~~~~^^^^^^^^^
KeyError: 'endblock'

During handling of the above exception, another exception occurred:

Traceback (most recent call last):
  File "C:\Users\mahmo\AppData\Roaming\Python\Python313\site-packages\django\core\handlers\exception.py", line 55, in inner
    response = get_response(request)
  File "C:\Users\mahmo\AppData\Roaming\Python\Python313\site-packages\django\core\handlers\base.py", line 220, in _get_response
    response = response.render()
  File "C:\Users\mahmo\AppData\Roaming\Python\Python313\site-packages\django\template\response.py", line 114, in render
    self.content = self.rendered_content
                   ^^^^^^^^^^^^^^^^^^^^^
  File "C:\Users\mahmo\AppData\Roaming\Python\Python313\site-packages\django\template\response.py", line 90, in rendered_content
    template = self.resolve_template(self.template_name)
  File "C:\Users\mahmo\AppData\Roaming\Python\Python313\site-packages\django\template\response.py", line 72, in resolve_template
    return select_template(template, using=self.using)
  File "C:\Users\mahmo\AppData\Roaming\Python\Python313\site-packages\django\template\loader.py", line 42, in select_template
    return engine.get_template(template_name)
           ~~~~~~~~~~~~~~~~~~~^^^^^^^^^^^^^^^
  File "C:\Users\mahmo\AppData\Roaming\Python\Python313\site-packages\django\template\backends\django.py", line 33, in get_template
    return Template(self.engine.get_template(template_name), self)
                    ~~~~~~~~~~~~~~~~~~~~~~~~^^^^^^^^^^^^^^^
  File "C:\Users\mahmo\AppData\Roaming\Python\Python313\site-packages\django\template\engine.py", line 175, in get_template
    template, origin = self.find_template(template_name)
                       ~~~~~~~~~~~~~~~~~~^^^^^^^^^^^^^^^
  File "C:\Users\mahmo\AppData\Roaming\Python\Python313\site-packages\django\template\engine.py", line 157, in find_template
    template = loader.get_template(name, skip=skip)
  File "C:\Users\mahmo\AppData\Roaming\Python\Python313\site-packages\django\template\loaders\cached.py", line 57, in get_template
    template = super().get_template(template_name, skip)
  File "C:\Users\mahmo\AppData\Roaming\Python\Python313\site-packages\django\template\loaders\base.py", line 28, in get_template
    return Template(
        contents,
    ...<2 lines>...
        self.engine,
    )
  File "C:\Users\mahmo\AppData\Roaming\Python\Python313\site-packages\django\template\base.py", line 154, in __init__
    self.nodelist = self.compile_nodelist()
                    ~~~~~~~~~~~~~~~~~~~~~^^
  File "C:\Users\mahmo\AppData\Roaming\Python\Python313\site-packages\django\template\base.py", line 200, in compile_nodelist
    return parser.parse()
           ~~~~~~~~~~~~^^
  File "C:\Users\mahmo\AppData\Roaming\Python\Python313\site-packages\django\template\base.py", line 513, in parse
    raise self.error(token, e)
  File "C:\Users\mahmo\AppData\Roaming\Python\Python313\site-packages\django\template\base.py", line 511, in parse
    compiled_result = compile_func(self, token)
  File "C:\Users\mahmo\AppData\Roaming\Python\Python313\site-packages\django\template\loader_tags.py", line 293, in do_extends
    nodelist = parser.parse()
  File "C:\Users\mahmo\AppData\Roaming\Python\Python313\site-packages\django\template\base.py", line 513, in parse
    raise self.error(token, e)
  File "C:\Users\mahmo\AppData\Roaming\Python\Python313\site-packages\django\template\base.py", line 511, in parse
    compiled_result = compile_func(self, token)
  File "C:\Users\mahmo\AppData\Roaming\Python\Python313\site-packages\django\template\loader_tags.py", line 232, in do_block
    nodelist = parser.parse(("endblock",))
  File "C:\Users\mahmo\AppData\Roaming\Python\Python313\site-packages\django\template\base.py", line 513, in parse
    raise self.error(token, e)
  File "C:\Users\mahmo\AppData\Roaming\Python\Python313\site-packages\django\template\base.py", line 511, in parse
    compiled_result = compile_func(self, token)
  File "C:\Users\mahmo\AppData\Roaming\Python\Python313\site-packages\django\template\defaulttags.py", line 853, in do_for
    nodelist_loop = parser.parse(
        (
    ...<2 lines>...
        )
    )
  File "C:\Users\mahmo\AppData\Roaming\Python\Python313\site-packages\django\template\base.py", line 507, in parse
    self.invalid_block_tag(token, command, parse_until)
    ~~~~~~~~~~~~~~~~~~~~~~^^^^^^^^^^^^^^^^^^^^^^^^^^^^^
  File "C:\Users\mahmo\AppData\Roaming\Python\Python313\site-packages\django\template\base.py", line 558, in invalid_block_tag
    raise self.error(
    ...<8 lines>...
    )
django.template.exceptions.TemplateSyntaxError: Invalid block tag on line 144: 'endblock', expected 'empty' or 'endfor'. Did you forget to register or load this tag?
ERROR 2025-11-28 20:44:34,641 basehttp 27456 20320 "GET / HTTP/1.1" 500 202286
ERROR 2025-11-28 20:46:43,013 log 27456 20136 Internal Server Error: /
Traceback (most recent call last):
  File "C:\Users\mahmo\AppData\Roaming\Python\Python313\site-packages\django\core\handlers\exception.py", line 55, in inner
    response = get_response(request)
  File "C:\Users\mahmo\AppData\Roaming\Python\Python313\site-packages\django\core\handlers\base.py", line 220, in _get_response
    response = response.render()
  File "C:\Users\mahmo\AppData\Roaming\Python\Python313\site-packages\django\template\response.py", line 114, in render
    self.content = self.rendered_content
                   ^^^^^^^^^^^^^^^^^^^^^
  File "C:\Users\mahmo\AppData\Roaming\Python\Python313\site-packages\django\template\response.py", line 90, in rendered_content
    template = self.resolve_template(self.template_name)
  File "C:\Users\mahmo\AppData\Roaming\Python\Python313\site-packages\django\template\response.py", line 72, in resolve_template
    return select_template(template, using=self.using)
  File "C:\Users\mahmo\AppData\Roaming\Python\Python313\site-packages\django\template\loader.py", line 42, in select_template
    return engine.get_template(template_name)
           ~~~~~~~~~~~~~~~~~~~^^^^^^^^^^^^^^^
  File "C:\Users\mahmo\AppData\Roaming\Python\Python313\site-packages\django\template\backends\django.py", line 33, in get_template
    return Template(self.engine.get_template(template_name), self)
                    ~~~~~~~~~~~~~~~~~~~~~~~~^^^^^^^^^^^^^^^
  File "C:\Users\mahmo\AppData\Roaming\Python\Python313\site-packages\django\template\engine.py", line 175, in get_template
    template, origin = self.find_template(template_name)
                       ~~~~~~~~~~~~~~~~~~^^^^^^^^^^^^^^^
  File "C:\Users\mahmo\AppData\Roaming\Python\Python313\site-packages\django\template\engine.py", line 157, in find_template
    template = loader.get_template(name, skip=skip)
  File "C:\Users\mahmo\AppData\Roaming\Python\Python313\site-packages\django\template\loaders\cached.py", line 57, in get_template
    template = super().get_template(template_name, skip)
  File "C:\Users\mahmo\AppData\Roaming\Python\Python313\site-packages\django\template\loaders\base.py", line 28, in get_template
    return Template(
        contents,
    ...<2 lines>...
        self.engine,
    )
  File "C:\Users\mahmo\AppData\Roaming\Python\Python313\site-packages\django\template\base.py", line 154, in __init__
    self.nodelist = self.compile_nodelist()
                    ~~~~~~~~~~~~~~~~~~~~~^^
  File "C:\Users\mahmo\AppData\Roaming\Python\Python313\site-packages\django\template\base.py", line 200, in compile_nodelist
    return parser.parse()
           ~~~~~~~~~~~~^^
  File "C:\Users\mahmo\AppData\Roaming\Python\Python313\site-packages\django\template\base.py", line 513, in parse
    raise self.error(token, e)
  File "C:\Users\mahmo\AppData\Roaming\Python\Python313\site-packages\django\template\base.py", line 511, in parse
    compiled_result = compile_func(self, token)
  File "C:\Users\mahmo\AppData\Roaming\Python\Python313\site-packages\django\template\loader_tags.py", line 293, in do_extends
    nodelist = parser.parse()
  File "C:\Users\mahmo\AppData\Roaming\Python\Python313\site-packages\django\template\base.py", line 513, in parse
    raise self.error(token, e)
  File "C:\Users\mahmo\AppData\Roaming\Python\Python313\site-packages\django\template\base.py", line 511, in parse
    compiled_result = compile_func(self, token)
  File "C:\Users\mahmo\AppData\Roaming\Python\Python313\site-packages\django\template\loader_tags.py", line 232, in do_block
    nodelist = parser.parse(("endblock",))
  File "C:\Users\mahmo\AppData\Roaming\Python\Python313\site-packages\django\template\base.py", line 513, in parse
    raise self.error(token, e)
  File "C:\Users\mahmo\AppData\Roaming\Python\Python313\site-packages\django\template\base.py", line 511, in parse
    compiled_result = compile_func(self, token)
  File "C:\Users\mahmo\AppData\Roaming\Python\Python313\site-packages\django\template\defaulttags.py", line 853, in do_for
    nodelist_loop = parser.parse(
        (
    ...<2 lines>...
        )
    )
  File "C:\Users\mahmo\AppData\Roaming\Python\Python313\site-packages\django\template\base.py", line 513, in parse
    raise self.error(token, e)
  File "C:\Users\mahmo\AppData\Roaming\Python\Python313\site-packages\django\template\base.py", line 511, in parse
    compiled_result = compile_func(self, token)
  File "C:\Users\mahmo\AppData\Roaming\Python\Python313\site-packages\django\template\defaulttags.py", line 853, in do_for
    nodelist_loop = parser.parse(
        (
    ...<2 lines>...
        )
    )
  File "C:\Users\mahmo\AppData\Roaming\Python\Python313\site-packages\django\template\base.py", line 513, in parse
    raise self.error(token, e)
  File "C:\Users\mahmo\AppData\Roaming\Python\Python313\site-packages\django\template\base.py", line 511, in parse
    compiled_result = compile_func(self, token)
  File "C:\Users\mahmo\AppData\Roaming\Python\Python313\site-packages\django\template\loader_tags.py", line 293, in do_extends
    nodelist = parser.parse()
  File "C:\Users\mahmo\AppData\Roaming\Python\Python313\site-packages\django\template\base.py", line 513, in parse
    raise self.error(token, e)
  File "C:\Users\mahmo\AppData\Roaming\Python\Python313\site-packages\django\template\base.py", line 511, in parse
    compiled_result = compile_func(self, token)
  File "C:\Users\mahmo\AppData\Roaming\Python\Python313\site-packages\django\template\loader_tags.py", line 226, in do_block
    raise TemplateSyntaxError(
        "'%s' tag with name '%s' appears more than once" % (bits[0], block_name)
    )
django.template.exceptions.TemplateSyntaxError: 'block' tag with name 'body' appears more than once
ERROR 2025-11-28 20:46:43,017 basehttp 27456 20136 "GET / HTTP/1.1" 500 302865
ERROR 2025-11-28 20:47:06,725 log 27456 20196 Internal Server Error: /
Traceback (most recent call last):
  File "C:\Users\mahmo\AppData\Roaming\Python\Python313\site-packages\django\core\handlers\exception.py", line 55, in inner
    response = get_response(request)
  File "C:\Users\mahmo\AppData\Roaming\Python\Python313\site-packages\django\core\handlers\base.py", line 220, in _get_response
    response = response.render()
  File "C:\Users\mahmo\AppData\Roaming\Python\Python313\site-packages\django\template\response.py", line 114, in render
    self.content = self.rendered_content
                   ^^^^^^^^^^^^^^^^^^^^^
  File "C:\Users\mahmo\AppData\Roaming\Python\Python313\site-packages\django\template\response.py", line 90, in rendered_content
    template = self.resolve_template(self.template_name)
  File "C:\Users\mahmo\AppData\Roaming\Python\Python313\site-packages\django\template\response.py", line 72, in resolve_template
    return select_template(template, using=self.using)
  File "C:\Users\mahmo\AppData\Roaming\Python\Python313\site-packages\django\template\loader.py", line 42, in select_template
    return engine.get_template(template_name)
           ~~~~~~~~~~~~~~~~~~~^^^^^^^^^^^^^^^
  File "C:\Users\mahmo\AppData\Roaming\Python\Python313\site-packages\django\template\backends\django.py", line 33, in get_template
    return Template(self.engine.get_template(template_name), self)
                    ~~~~~~~~~~~~~~~~~~~~~~~~^^^^^^^^^^^^^^^
  File "C:\Users\mahmo\AppData\Roaming\Python\Python313\site-packages\django\template\engine.py", line 175, in get_template
    template, origin = self.find_template(template_name)
                       ~~~~~~~~~~~~~~~~~~^^^^^^^^^^^^^^^
  File "C:\Users\mahmo\AppData\Roaming\Python\Python313\site-packages\django\template\engine.py", line 157, in find_template
    template = loader.get_template(name, skip=skip)
  File "C:\Users\mahmo\AppData\Roaming\Python\Python313\site-packages\django\template\loaders\cached.py", line 57, in get_template
    template = super().get_template(template_name, skip)
  File "C:\Users\mahmo\AppData\Roaming\Python\Python313\site-packages\django\template\loaders\base.py", line 28, in get_template
    return Template(
        contents,
    ...<2 lines>...
        self.engine,
    )
  File "C:\Users\mahmo\AppData\Roaming\Python\Python313\site-packages\django\template\base.py", line 154, in __init__
    self.nodelist = self.compile_nodelist()
                    ~~~~~~~~~~~~~~~~~~~~~^^
  File "C:\Users\mahmo\AppData\Roaming\Python\Python313\site-packages\django\template\base.py", line 200, in compile_nodelist
    return parser.parse()
           ~~~~~~~~~~~~^^
  File "C:\Users\mahmo\AppData\Roaming\Python\Python313\site-packages\django\template\base.py", line 513, in parse
    raise self.error(token, e)
  File "C:\Users\mahmo\AppData\Roaming\Python\Python313\site-packages\django\template\base.py", line 511, in parse
    compiled_result = compile_func(self, token)
  File "C:\Users\mahmo\AppData\Roaming\Python\Python313\site-packages\django\template\loader_tags.py", line 293, in do_extends
    nodelist = parser.parse()
  File "C:\Users\mahmo\AppData\Roaming\Python\Python313\site-packages\django\template\base.py", line 513, in parse
    raise self.error(token, e)
  File "C:\Users\mahmo\AppData\Roaming\Python\Python313\site-packages\django\template\base.py", line 511, in parse
    compiled_result = compile_func(self, token)
  File "C:\Users\mahmo\AppData\Roaming\Python\Python313\site-packages\django\template\loader_tags.py", line 232, in do_block
    nodelist = parser.parse(("endblock",))
  File "C:\Users\mahmo\AppData\Roaming\Python\Python313\site-packages\django\template\base.py", line 513, in parse
    raise self.error(token, e)
  File "C:\Users\mahmo\AppData\Roaming\Python\Python313\site-packages\django\template\base.py", line 511, in parse
    compiled_result = compile_func(self, token)
  File "C:\Users\mahmo\AppData\Roaming\Python\Python313\site-packages\django\template\defaulttags.py", line 853, in do_for
    nodelist_loop = parser.parse(
        (
    ...<2 lines>...
        )
    )
  File "C:\Users\mahmo\AppData\Roaming\Python\Python313\site-packages\django\template\base.py", line 513, in parse
    raise self.error(token, e)
  File "C:\Users\mahmo\AppData\Roaming\Python\Python313\site-packages\django\template\base.py", line 511, in parse
    compiled_result = compile_func(self, token)
  File "C:\Users\mahmo\AppData\Roaming\Python\Python313\site-packages\django\template\defaulttags.py", line 853, in do_for
    nodelist_loop = parser.parse(
        (
    ...<2 lines>...
        )
    )
  File "C:\Users\mahmo\AppData\Roaming\Python\Python313\site-packages\django\template\base.py", line 513, in parse
    raise self.error(token, e)
  File "C:\Users\mahmo\AppData\Roaming\Python\Python313\site-packages\django\template\base.py", line 511, in parse
    compiled_result = compile_func(self, token)
  File "C:\Users\mahmo\AppData\Roaming\Python\Python313\site-packages\django\template\loader_tags.py", line 293, in do_extends
    nodelist = parser.parse()
  File "C:\Users\mahmo\AppData\Roaming\Python\Python313\site-packages\django\template\base.py", line 513, in parse
    raise self.error(token, e)
  File "C:\Users\mahmo\AppData\Roaming\Python\Python313\site-packages\django\template\base.py", line 511, in parse
    compiled_result = compile_func(self, token)
  File "C:\Users\mahmo\AppData\Roaming\Python\Python313\site-packages\django\template\loader_tags.py", line 226, in do_block
    raise TemplateSyntaxError(
        "'%s' tag with name '%s' appears more than once" % (bits[0], block_name)
    )
django.template.exceptions.TemplateSyntaxError: 'block' tag with name 'body' appears more than once
ERROR 2025-11-28 20:47:06,730 basehttp 27456 20196 "GET / HTTP/1.1" 500 302865
ERROR 2025-11-28 20:47:57,173 log 27456 16192 Internal Server Error: /
Traceback (most recent call last):
  File "C:\Users\mahmo\AppData\Roaming\Python\Python313\site-packages\django\core\handlers\exception.py", line 55, in inner
    response = get_response(request)
  File "C:\Users\mahmo\AppData\Roaming\Python\Python313\site-packages\django\core\handlers\base.py", line 220, in _get_response
    response = response.render()
  File "C:\Users\mahmo\AppData\Roaming\Python\Python313\site-packages\django\template\response.py", line 114, in render
    self.content = self.rendered_content
                   ^^^^^^^^^^^^^^^^^^^^^
  File "C:\Users\mahmo\AppData\Roaming\Python\Python313\site-packages\django\template\response.py", line 90, in rendered_content
    template = self.resolve_template(self.template_name)
  File "C:\Users\mahmo\AppData\Roaming\Python\Python313\site-packages\django\template\response.py", line 72, in resolve_template
    return select_template(template, using=self.using)
  File "C:\Users\mahmo\AppData\Roaming\Python\Python313\site-packages\django\template\loader.py", line 42, in select_template
    return engine.get_template(template_name)
           ~~~~~~~~~~~~~~~~~~~^^^^^^^^^^^^^^^
  File "C:\Users\mahmo\AppData\Roaming\Python\Python313\site-packages\django\template\backends\django.py", line 33, in get_template
    return Template(self.engine.get_template(template_name), self)
                    ~~~~~~~~~~~~~~~~~~~~~~~~^^^^^^^^^^^^^^^
  File "C:\Users\mahmo\AppData\Roaming\Python\Python313\site-packages\django\template\engine.py", line 175, in get_template
    template, origin = self.find_template(template_name)
                       ~~~~~~~~~~~~~~~~~~^^^^^^^^^^^^^^^
  File "C:\Users\mahmo\AppData\Roaming\Python\Python313\site-packages\django\template\engine.py", line 157, in find_template
    template = loader.get_template(name, skip=skip)
  File "C:\Users\mahmo\AppData\Roaming\Python\Python313\site-packages\django\template\loaders\cached.py", line 57, in get_template
    template = super().get_template(template_name, skip)
  File "C:\Users\mahmo\AppData\Roaming\Python\Python313\site-packages\django\template\loaders\base.py", line 28, in get_template
    return Template(
        contents,
    ...<2 lines>...
        self.engine,
    )
  File "C:\Users\mahmo\AppData\Roaming\Python\Python313\site-packages\django\template\base.py", line 154, in __init__
    self.nodelist = self.compile_nodelist()
                    ~~~~~~~~~~~~~~~~~~~~~^^
  File "C:\Users\mahmo\AppData\Roaming\Python\Python313\site-packages\django\template\base.py", line 200, in compile_nodelist
    return parser.parse()
           ~~~~~~~~~~~~^^
  File "C:\Users\mahmo\AppData\Roaming\Python\Python313\site-packages\django\template\base.py", line 513, in parse
    raise self.error(token, e)
  File "C:\Users\mahmo\AppData\Roaming\Python\Python313\site-packages\django\template\base.py", line 511, in parse
    compiled_result = compile_func(self, token)
  File "C:\Users\mahmo\AppData\Roaming\Python\Python313\site-packages\django\template\loader_tags.py", line 293, in do_extends
    nodelist = parser.parse()
  File "C:\Users\mahmo\AppData\Roaming\Python\Python313\site-packages\django\template\base.py", line 513, in parse
    raise self.error(token, e)
  File "C:\Users\mahmo\AppData\Roaming\Python\Python313\site-packages\django\template\base.py", line 511, in parse
    compiled_result = compile_func(self, token)
  File "C:\Users\mahmo\AppData\Roaming\Python\Python313\site-packages\django\template\loader_tags.py", line 232, in do_block
    nodelist = parser.parse(("endblock",))
  File "C:\Users\mahmo\AppData\Roaming\Python\Python313\site-packages\django\template\base.py", line 513, in parse
    raise self.error(token, e)
  File "C:\Users\mahmo\AppData\Roaming\Python\Python313\site-packages\django\template\base.py", line 511, in parse
    compiled_result = compile_func(self, token)
  File "C:\Users\mahmo\AppData\Roaming\Python\Python313\site-packages\django\template\defaulttags.py", line 853, in do_for
    nodelist_loop = parser.parse(
        (
    ...<2 lines>...
        )
    )
  File "C:\Users\mahmo\AppData\Roaming\Python\Python313\site-packages\django\template\base.py", line 513, in parse
    raise self.error(token, e)
  File "C:\Users\mahmo\AppData\Roaming\Python\Python313\site-packages\django\template\base.py", line 511, in parse
    compiled_result = compile_func(self, token)
  File "C:\Users\mahmo\AppData\Roaming\Python\Python313\site-packages\django\template\defaulttags.py", line 853, in do_for
    nodelist_loop = parser.parse(
        (
    ...<2 lines>...
        )
    )
  File "C:\Users\mahmo\AppData\Roaming\Python\Python313\site-packages\django\template\base.py", line 513, in parse
    raise self.error(token, e)
  File "C:\Users\mahmo\AppData\Roaming\Python\Python313\site-packages\django\template\base.py", line 511, in parse
    compiled_result = compile_func(self, token)
  File "C:\Users\mahmo\AppData\Roaming\Python\Python313\site-packages\django\template\loader_tags.py", line 293, in do_extends
    nodelist = parser.parse()
  File "C:\Users\mahmo\AppData\Roaming\Python\Python313\site-packages\django\template\base.py", line 513, in parse
    raise self.error(token, e)
  File "C:\Users\mahmo\AppData\Roaming\Python\Python313\site-packages\django\template\base.py", line 511, in parse
    compiled_result = compile_func(self, token)
  File "C:\Users\mahmo\AppData\Roaming\Python\Python313\site-packages\django\template\loader_tags.py", line 226, in do_block
    raise TemplateSyntaxError(
        "'%s' tag with name '%s' appears more than once" % (bits[0], block_name)
    )
django.template.exceptions.TemplateSyntaxError: 'block' tag with name 'body' appears more than once
ERROR 2025-11-28 20:47:57,178 basehttp 27456 16192 "GET / HTTP/1.1" 500 302865
ERROR 2025-11-28 20:48:26,005 log 27456 10916 Internal Server Error: /
Traceback (most recent call last):
  File "C:\Users\mahmo\AppData\Roaming\Python\Python313\site-packages\django\core\handlers\exception.py", line 55, in inner
    response = get_response(request)
  File "C:\Users\mahmo\AppData\Roaming\Python\Python313\site-packages\django\core\handlers\base.py", line 220, in _get_response
    response = response.render()
  File "C:\Users\mahmo\AppData\Roaming\Python\Python313\site-packages\django\template\response.py", line 114, in render
    self.content = self.rendered_content
                   ^^^^^^^^^^^^^^^^^^^^^
  File "C:\Users\mahmo\AppData\Roaming\Python\Python313\site-packages\django\template\response.py", line 90, in rendered_content
    template = self.resolve_template(self.template_name)
  File "C:\Users\mahmo\AppData\Roaming\Python\Python313\site-packages\django\template\response.py", line 72, in resolve_template
    return select_template(template, using=self.using)
  File "C:\Users\mahmo\AppData\Roaming\Python\Python313\site-packages\django\template\loader.py", line 42, in select_template
    return engine.get_template(template_name)
           ~~~~~~~~~~~~~~~~~~~^^^^^^^^^^^^^^^
  File "C:\Users\mahmo\AppData\Roaming\Python\Python313\site-packages\django\template\backends\django.py", line 33, in get_template
    return Template(self.engine.get_template(template_name), self)
                    ~~~~~~~~~~~~~~~~~~~~~~~~^^^^^^^^^^^^^^^
  File "C:\Users\mahmo\AppData\Roaming\Python\Python313\site-packages\django\template\engine.py", line 175, in get_template
    template, origin = self.find_template(template_name)
                       ~~~~~~~~~~~~~~~~~~^^^^^^^^^^^^^^^
  File "C:\Users\mahmo\AppData\Roaming\Python\Python313\site-packages\django\template\engine.py", line 157, in find_template
    template = loader.get_template(name, skip=skip)
  File "C:\Users\mahmo\AppData\Roaming\Python\Python313\site-packages\django\template\loaders\cached.py", line 57, in get_template
    template = super().get_template(template_name, skip)
  File "C:\Users\mahmo\AppData\Roaming\Python\Python313\site-packages\django\template\loaders\base.py", line 28, in get_template
    return Template(
        contents,
    ...<2 lines>...
        self.engine,
    )
  File "C:\Users\mahmo\AppData\Roaming\Python\Python313\site-packages\django\template\base.py", line 154, in __init__
    self.nodelist = self.compile_nodelist()
                    ~~~~~~~~~~~~~~~~~~~~~^^
  File "C:\Users\mahmo\AppData\Roaming\Python\Python313\site-packages\django\template\base.py", line 200, in compile_nodelist
    return parser.parse()
           ~~~~~~~~~~~~^^
  File "C:\Users\mahmo\AppData\Roaming\Python\Python313\site-packages\django\template\base.py", line 513, in parse
    raise self.error(token, e)
  File "C:\Users\mahmo\AppData\Roaming\Python\Python313\site-packages\django\template\base.py", line 511, in parse
    compiled_result = compile_func(self, token)
  File "C:\Users\mahmo\AppData\Roaming\Python\Python313\site-packages\django\template\loader_tags.py", line 293, in do_extends
    nodelist = parser.parse()
  File "C:\Users\mahmo\AppData\Roaming\Python\Python313\site-packages\django\template\base.py", line 513, in parse
    raise self.error(token, e)
  File "C:\Users\mahmo\AppData\Roaming\Python\Python313\site-packages\django\template\base.py", line 511, in parse
    compiled_result = compile_func(self, token)
  File "C:\Users\mahmo\AppData\Roaming\Python\Python313\site-packages\django\template\loader_tags.py", line 232, in do_block
    nodelist = parser.parse(("endblock",))
  File "C:\Users\mahmo\AppData\Roaming\Python\Python313\site-packages\django\template\base.py", line 513, in parse
    raise self.error(token, e)
  File "C:\Users\mahmo\AppData\Roaming\Python\Python313\site-packages\django\template\base.py", line 511, in parse
    compiled_result = compile_func(self, token)
  File "C:\Users\mahmo\AppData\Roaming\Python\Python313\site-packages\django\template\defaulttags.py", line 853, in do_for
    nodelist_loop = parser.parse(
        (
    ...<2 lines>...
        )
    )
  File "C:\Users\mahmo\AppData\Roaming\Python\Python313\site-packages\django\template\base.py", line 513, in parse
    raise self.error(token, e)
  File "C:\Users\mahmo\AppData\Roaming\Python\Python313\site-packages\django\template\base.py", line 511, in parse
    compiled_result = compile_func(self, token)
  File "C:\Users\mahmo\AppData\Roaming\Python\Python313\site-packages\django\template\defaulttags.py", line 853, in do_for
    nodelist_loop = parser.parse(
        (
    ...<2 lines>...
        )
    )
  File "C:\Users\mahmo\AppData\Roaming\Python\Python313\site-packages\django\template\base.py", line 513, in parse
    raise self.error(token, e)
  File "C:\Users\mahmo\AppData\Roaming\Python\Python313\site-packages\django\template\base.py", line 511, in parse
    compiled_result = compile_func(self, token)
  File "C:\Users\mahmo\AppData\Roaming\Python\Python313\site-packages\django\template\loader_tags.py", line 293, in do_extends
    nodelist = parser.parse()
  File "C:\Users\mahmo\AppData\Roaming\Python\Python313\site-packages\django\template\base.py", line 513, in parse
    raise self.error(token, e)
  File "C:\Users\mahmo\AppData\Roaming\Python\Python313\site-packages\django\template\base.py", line 511, in parse
    compiled_result = compile_func(self, token)
  File "C:\Users\mahmo\AppData\Roaming\Python\Python313\site-packages\django\template\loader_tags.py", line 226, in do_block
    raise TemplateSyntaxError(
        "'%s' tag with name '%s' appears more than once" % (bits[0], block_name)
    )
django.template.exceptions.TemplateSyntaxError: 'block' tag with name 'body' appears more than once
ERROR 2025-11-28 20:48:26,010 basehttp 27456 10916 "GET / HTTP/1.1" 500 302865
ERROR 2025-11-28 20:48:26,708 log 27456 10916 Internal Server Error: /
Traceback (most recent call last):
  File "C:\Users\mahmo\AppData\Roaming\Python\Python313\site-packages\django\core\handlers\exception.py", line 55, in inner
    response = get_response(request)
  File "C:\Users\mahmo\AppData\Roaming\Python\Python313\site-packages\django\core\handlers\base.py", line 220, in _get_response
    response = response.render()
  File "C:\Users\mahmo\AppData\Roaming\Python\Python313\site-packages\django\template\response.py", line 114, in render
    self.content = self.rendered_content
                   ^^^^^^^^^^^^^^^^^^^^^
  File "C:\Users\mahmo\AppData\Roaming\Python\Python313\site-packages\django\template\response.py", line 90, in rendered_content
    template = self.resolve_template(self.template_name)
  File "C:\Users\mahmo\AppData\Roaming\Python\Python313\site-packages\django\template\response.py", line 72, in resolve_template
    return select_template(template, using=self.using)
  File "C:\Users\mahmo\AppData\Roaming\Python\Python313\site-packages\django\template\loader.py", line 42, in select_template
    return engine.get_template(template_name)
           ~~~~~~~~~~~~~~~~~~~^^^^^^^^^^^^^^^
  File "C:\Users\mahmo\AppData\Roaming\Python\Python313\site-packages\django\template\backends\django.py", line 33, in get_template
    return Template(self.engine.get_template(template_name), self)
                    ~~~~~~~~~~~~~~~~~~~~~~~~^^^^^^^^^^^^^^^
  File "C:\Users\mahmo\AppData\Roaming\Python\Python313\site-packages\django\template\engine.py", line 175, in get_template
    template, origin = self.find_template(template_name)
                       ~~~~~~~~~~~~~~~~~~^^^^^^^^^^^^^^^
  File "C:\Users\mahmo\AppData\Roaming\Python\Python313\site-packages\django\template\engine.py", line 157, in find_template
    template = loader.get_template(name, skip=skip)
  File "C:\Users\mahmo\AppData\Roaming\Python\Python313\site-packages\django\template\loaders\cached.py", line 57, in get_template
    template = super().get_template(template_name, skip)
  File "C:\Users\mahmo\AppData\Roaming\Python\Python313\site-packages\django\template\loaders\base.py", line 28, in get_template
    return Template(
        contents,
    ...<2 lines>...
        self.engine,
    )
  File "C:\Users\mahmo\AppData\Roaming\Python\Python313\site-packages\django\template\base.py", line 154, in __init__
    self.nodelist = self.compile_nodelist()
                    ~~~~~~~~~~~~~~~~~~~~~^^
  File "C:\Users\mahmo\AppData\Roaming\Python\Python313\site-packages\django\template\base.py", line 200, in compile_nodelist
    return parser.parse()
           ~~~~~~~~~~~~^^
  File "C:\Users\mahmo\AppData\Roaming\Python\Python313\site-packages\django\template\base.py", line 513, in parse
    raise self.error(token, e)
  File "C:\Users\mahmo\AppData\Roaming\Python\Python313\site-packages\django\template\base.py", line 511, in parse
    compiled_result = compile_func(self, token)
  File "C:\Users\mahmo\AppData\Roaming\Python\Python313\site-packages\django\template\loader_tags.py", line 293, in do_extends
    nodelist = parser.parse()
  File "C:\Users\mahmo\AppData\Roaming\Python\Python313\site-packages\django\template\base.py", line 513, in parse
    raise self.error(token, e)
  File "C:\Users\mahmo\AppData\Roaming\Python\Python313\site-packages\django\template\base.py", line 511, in parse
    compiled_result = compile_func(self, token)
  File "C:\Users\mahmo\AppData\Roaming\Python\Python313\site-packages\django\template\loader_tags.py", line 232, in do_block
    nodelist = parser.parse(("endblock",))
  File "C:\Users\mahmo\AppData\Roaming\Python\Python313\site-packages\django\template\base.py", line 513, in parse
    raise self.error(token, e)
  File "C:\Users\mahmo\AppData\Roaming\Python\Python313\site-packages\django\template\base.py", line 511, in parse
    compiled_result = compile_func(self, token)
  File "C:\Users\mahmo\AppData\Roaming\Python\Python313\site-packages\django\template\defaulttags.py", line 853, in do_for
    nodelist_loop = parser.parse(
        (
    ...<2 lines>...
        )
    )
  File "C:\Users\mahmo\AppData\Roaming\Python\Python313\site-packages\django\template\base.py", line 513, in parse
    raise self.error(token, e)
  File "C:\Users\mahmo\AppData\Roaming\Python\Python313\site-packages\django\template\base.py", line 511, in parse
    compiled_result = compile_func(self, token)
  File "C:\Users\mahmo\AppData\Roaming\Python\Python313\site-packages\django\template\defaulttags.py", line 853, in do_for
    nodelist_loop = parser.parse(
        (
    ...<2 lines>...
        )
    )
  File "C:\Users\mahmo\AppData\Roaming\Python\Python313\site-packages\django\template\base.py", line 513, in parse
    raise self.error(token, e)
  File "C:\Users\mahmo\AppData\Roaming\Python\Python313\site-packages\django\template\base.py", line 511, in parse
    compiled_result = compile_func(self, token)
  File "C:\Users\mahmo\AppData\Roaming\Python\Python313\site-packages\django\template\loader_tags.py", line 293, in do_extends
    nodelist = parser.parse()
  File "C:\Users\mahmo\AppData\Roaming\Python\Python313\site-packages\django\template\base.py", line 513, in parse
    raise self.error(token, e)
  File "C:\Users\mahmo\AppData\Roaming\Python\Python313\site-packages\django\template\base.py", line 511, in parse
    compiled_result = compile_func(self, token)
  File "C:\Users\mahmo\AppData\Roaming\Python\Python313\site-packages\django\template\loader_tags.py", line 226, in do_block
    raise TemplateSyntaxError(
        "'%s' tag with name '%s' appears more than once" % (bits[0], block_name)
    )
django.template.exceptions.TemplateSyntaxError: 'block' tag with name 'body' appears more than once
ERROR 2025-11-28 20:48:26,713 basehttp 27456 10916 "GET / HTTP/1.1" 500 302865
ERROR 2025-11-28 20:48:37,579 log 27456 10916 Internal Server Error: /
Traceback (most recent call last):
  File "C:\Users\mahmo\AppData\Roaming\Python\Python313\site-packages\django\core\handlers\exception.py", line 55, in inner
    response = get_response(request)
  File "C:\Users\mahmo\AppData\Roaming\Python\Python313\site-packages\django\core\handlers\base.py", line 220, in _get_response
    response = response.render()
  File "C:\Users\mahmo\AppData\Roaming\Python\Python313\site-packages\django\template\response.py", line 114, in render
    self.content = self.rendered_content
                   ^^^^^^^^^^^^^^^^^^^^^
  File "C:\Users\mahmo\AppData\Roaming\Python\Python313\site-packages\django\template\response.py", line 90, in rendered_content
    template = self.resolve_template(self.template_name)
  File "C:\Users\mahmo\AppData\Roaming\Python\Python313\site-packages\django\template\response.py", line 72, in resolve_template
    return select_template(template, using=self.using)
  File "C:\Users\mahmo\AppData\Roaming\Python\Python313\site-packages\django\template\loader.py", line 42, in select_template
    return engine.get_template(template_name)
           ~~~~~~~~~~~~~~~~~~~^^^^^^^^^^^^^^^
  File "C:\Users\mahmo\AppData\Roaming\Python\Python313\site-packages\django\template\backends\django.py", line 33, in get_template
    return Template(self.engine.get_template(template_name), self)
                    ~~~~~~~~~~~~~~~~~~~~~~~~^^^^^^^^^^^^^^^
  File "C:\Users\mahmo\AppData\Roaming\Python\Python313\site-packages\django\template\engine.py", line 175, in get_template
    template, origin = self.find_template(template_name)
                       ~~~~~~~~~~~~~~~~~~^^^^^^^^^^^^^^^
  File "C:\Users\mahmo\AppData\Roaming\Python\Python313\site-packages\django\template\engine.py", line 157, in find_template
    template = loader.get_template(name, skip=skip)
  File "C:\Users\mahmo\AppData\Roaming\Python\Python313\site-packages\django\template\loaders\cached.py", line 57, in get_template
    template = super().get_template(template_name, skip)
  File "C:\Users\mahmo\AppData\Roaming\Python\Python313\site-packages\django\template\loaders\base.py", line 28, in get_template
    return Template(
        contents,
    ...<2 lines>...
        self.engine,
    )
  File "C:\Users\mahmo\AppData\Roaming\Python\Python313\site-packages\django\template\base.py", line 154, in __init__
    self.nodelist = self.compile_nodelist()
                    ~~~~~~~~~~~~~~~~~~~~~^^
  File "C:\Users\mahmo\AppData\Roaming\Python\Python313\site-packages\django\template\base.py", line 200, in compile_nodelist
    return parser.parse()
           ~~~~~~~~~~~~^^
  File "C:\Users\mahmo\AppData\Roaming\Python\Python313\site-packages\django\template\base.py", line 513, in parse
    raise self.error(token, e)
  File "C:\Users\mahmo\AppData\Roaming\Python\Python313\site-packages\django\template\base.py", line 511, in parse
    compiled_result = compile_func(self, token)
  File "C:\Users\mahmo\AppData\Roaming\Python\Python313\site-packages\django\template\loader_tags.py", line 293, in do_extends
    nodelist = parser.parse()
  File "C:\Users\mahmo\AppData\Roaming\Python\Python313\site-packages\django\template\base.py", line 513, in parse
    raise self.error(token, e)
  File "C:\Users\mahmo\AppData\Roaming\Python\Python313\site-packages\django\template\base.py", line 511, in parse
    compiled_result = compile_func(self, token)
  File "C:\Users\mahmo\AppData\Roaming\Python\Python313\site-packages\django\template\loader_tags.py", line 232, in do_block
    nodelist = parser.parse(("endblock",))
  File "C:\Users\mahmo\AppData\Roaming\Python\Python313\site-packages\django\template\base.py", line 513, in parse
    raise self.error(token, e)
  File "C:\Users\mahmo\AppData\Roaming\Python\Python313\site-packages\django\template\base.py", line 511, in parse
    compiled_result = compile_func(self, token)
  File "C:\Users\mahmo\AppData\Roaming\Python\Python313\site-packages\django\template\defaulttags.py", line 853, in do_for
    nodelist_loop = parser.parse(
        (
    ...<2 lines>...
        )
    )
  File "C:\Users\mahmo\AppData\Roaming\Python\Python313\site-packages\django\template\base.py", line 513, in parse
    raise self.error(token, e)
  File "C:\Users\mahmo\AppData\Roaming\Python\Python313\site-packages\django\template\base.py", line 511, in parse
    compiled_result = compile_func(self, token)
  File "C:\Users\mahmo\AppData\Roaming\Python\Python313\site-packages\django\template\defaulttags.py", line 853, in do_for
    nodelist_loop = parser.parse(
        (
    ...<2 lines>...
        )
    )
  File "C:\Users\mahmo\AppData\Roaming\Python\Python313\site-packages\django\template\base.py", line 513, in parse
    raise self.error(token, e)
  File "C:\Users\mahmo\AppData\Roaming\Python\Python313\site-packages\django\template\base.py", line 511, in parse
    compiled_result = compile_func(self, token)
  File "C:\Users\mahmo\AppData\Roaming\Python\Python313\site-packages\django\template\loader_tags.py", line 293, in do_extends
    nodelist = parser.parse()
  File "C:\Users\mahmo\AppData\Roaming\Python\Python313\site-packages\django\template\base.py", line 513, in parse
    raise self.error(token, e)
  File "C:\Users\mahmo\AppData\Roaming\Python\Python313\site-packages\django\template\base.py", line 511, in parse
    compiled_result = compile_func(self, token)
  File "C:\Users\mahmo\AppData\Roaming\Python\Python313\site-packages\django\template\loader_tags.py", line 226, in do_block
    raise TemplateSyntaxError(
        "'%s' tag with name '%s' appears more than once" % (bits[0], block_name)
    )
django.template.exceptions.TemplateSyntaxError: 'block' tag with name 'body' appears more than once
ERROR 2025-11-28 20:48:37,583 basehttp 27456 10916 "GET / HTTP/1.1" 500 302865
ERROR 2025-11-28 20:49:41,357 log 27456 8856 Internal Server Error: /
Traceback (most recent call last):
  File "C:\Users\mahmo\AppData\Roaming\Python\Python313\site-packages\django\core\handlers\exception.py", line 55, in inner
    response = get_response(request)
  File "C:\Users\mahmo\AppData\Roaming\Python\Python313\site-packages\django\core\handlers\base.py", line 220, in _get_response
    response = response.render()
  File "C:\Users\mahmo\AppData\Roaming\Python\Python313\site-packages\django\template\response.py", line 114, in render
    self.content = self.rendered_content
                   ^^^^^^^^^^^^^^^^^^^^^
  File "C:\Users\mahmo\AppData\Roaming\Python\Python313\site-packages\django\template\response.py", line 90, in rendered_content
    template = self.resolve_template(self.template_name)
  File "C:\Users\mahmo\AppData\Roaming\Python\Python313\site-packages\django\template\response.py", line 72, in resolve_template
    return select_template(template, using=self.using)
  File "C:\Users\mahmo\AppData\Roaming\Python\Python313\site-packages\django\template\loader.py", line 42, in select_template
    return engine.get_template(template_name)
           ~~~~~~~~~~~~~~~~~~~^^^^^^^^^^^^^^^
  File "C:\Users\mahmo\AppData\Roaming\Python\Python313\site-packages\django\template\backends\django.py", line 33, in get_template
    return Template(self.engine.get_template(template_name), self)
                    ~~~~~~~~~~~~~~~~~~~~~~~~^^^^^^^^^^^^^^^
  File "C:\Users\mahmo\AppData\Roaming\Python\Python313\site-packages\django\template\engine.py", line 175, in get_template
    template, origin = self.find_template(template_name)
                       ~~~~~~~~~~~~~~~~~~^^^^^^^^^^^^^^^
  File "C:\Users\mahmo\AppData\Roaming\Python\Python313\site-packages\django\template\engine.py", line 157, in find_template
    template = loader.get_template(name, skip=skip)
  File "C:\Users\mahmo\AppData\Roaming\Python\Python313\site-packages\django\template\loaders\cached.py", line 57, in get_template
    template = super().get_template(template_name, skip)
  File "C:\Users\mahmo\AppData\Roaming\Python\Python313\site-packages\django\template\loaders\base.py", line 28, in get_template
    return Template(
        contents,
    ...<2 lines>...
        self.engine,
    )
  File "C:\Users\mahmo\AppData\Roaming\Python\Python313\site-packages\django\template\base.py", line 154, in __init__
    self.nodelist = self.compile_nodelist()
                    ~~~~~~~~~~~~~~~~~~~~~^^
  File "C:\Users\mahmo\AppData\Roaming\Python\Python313\site-packages\django\template\base.py", line 200, in compile_nodelist
    return parser.parse()
           ~~~~~~~~~~~~^^
  File "C:\Users\mahmo\AppData\Roaming\Python\Python313\site-packages\django\template\base.py", line 513, in parse
    raise self.error(token, e)
  File "C:\Users\mahmo\AppData\Roaming\Python\Python313\site-packages\django\template\base.py", line 511, in parse
    compiled_result = compile_func(self, token)
  File "C:\Users\mahmo\AppData\Roaming\Python\Python313\site-packages\django\template\loader_tags.py", line 293, in do_extends
    nodelist = parser.parse()
  File "C:\Users\mahmo\AppData\Roaming\Python\Python313\site-packages\django\template\base.py", line 513, in parse
    raise self.error(token, e)
  File "C:\Users\mahmo\AppData\Roaming\Python\Python313\site-packages\django\template\base.py", line 511, in parse
    compiled_result = compile_func(self, token)
  File "C:\Users\mahmo\AppData\Roaming\Python\Python313\site-packages\django\template\loader_tags.py", line 232, in do_block
    nodelist = parser.parse(("endblock",))
  File "C:\Users\mahmo\AppData\Roaming\Python\Python313\site-packages\django\template\base.py", line 513, in parse
    raise self.error(token, e)
  File "C:\Users\mahmo\AppData\Roaming\Python\Python313\site-packages\django\template\base.py", line 511, in parse
    compiled_result = compile_func(self, token)
  File "C:\Users\mahmo\AppData\Roaming\Python\Python313\site-packages\django\template\defaulttags.py", line 853, in do_for
    nodelist_loop = parser.parse(
        (
    ...<2 lines>...
        )
    )
  File "C:\Users\mahmo\AppData\Roaming\Python\Python313\site-packages\django\template\base.py", line 513, in parse
    raise self.error(token, e)
  File "C:\Users\mahmo\AppData\Roaming\Python\Python313\site-packages\django\template\base.py", line 511, in parse
    compiled_result = compile_func(self, token)
  File "C:\Users\mahmo\AppData\Roaming\Python\Python313\site-packages\django\template\defaulttags.py", line 853, in do_for
    nodelist_loop = parser.parse(
        (
    ...<2 lines>...
        )
    )
  File "C:\Users\mahmo\AppData\Roaming\Python\Python313\site-packages\django\template\base.py", line 513, in parse
    raise self.error(token, e)
  File "C:\Users\mahmo\AppData\Roaming\Python\Python313\site-packages\django\template\base.py", line 511, in parse
    compiled_result = compile_func(self, token)
  File "C:\Users\mahmo\AppData\Roaming\Python\Python313\site-packages\django\template\loader_tags.py", line 293, in do_extends
    nodelist = parser.parse()
  File "C:\Users\mahmo\AppData\Roaming\Python\Python313\site-packages\django\template\base.py", line 513, in parse
    raise self.error(token, e)
  File "C:\Users\mahmo\AppData\Roaming\Python\Python313\site-packages\django\template\base.py", line 511, in parse
    compiled_result = compile_func(self, token)
  File "C:\Users\mahmo\AppData\Roaming\Python\Python313\site-packages\django\template\loader_tags.py", line 226, in do_block
    raise TemplateSyntaxError(
        "'%s' tag with name '%s' appears more than once" % (bits[0], block_name)
    )
django.template.exceptions.TemplateSyntaxError: 'block' tag with name 'body' appears more than once
ERROR 2025-11-28 20:49:41,361 basehttp 27456 8856 "GET / HTTP/1.1" 500 302865
INFO 2025-11-28 20:49:50,226 autoreload 15304 7488 Watching for file changes with StatReloader
ERROR 2025-11-28 20:49:52,544 log 15304 1540 Internal Server Error: /
Traceback (most recent call last):
  File "C:\Users\mahmo\AppData\Roaming\Python\Python313\site-packages\django\core\handlers\exception.py", line 55, in inner
    response = get_response(request)
  File "C:\Users\mahmo\AppData\Roaming\Python\Python313\site-packages\django\core\handlers\base.py", line 220, in _get_response
    response = response.render()
  File "C:\Users\mahmo\AppData\Roaming\Python\Python313\site-packages\django\template\response.py", line 114, in render
    self.content = self.rendered_content
                   ^^^^^^^^^^^^^^^^^^^^^
  File "C:\Users\mahmo\AppData\Roaming\Python\Python313\site-packages\django\template\response.py", line 90, in rendered_content
    template = self.resolve_template(self.template_name)
  File "C:\Users\mahmo\AppData\Roaming\Python\Python313\site-packages\django\template\response.py", line 72, in resolve_template
    return select_template(template, using=self.using)
  File "C:\Users\mahmo\AppData\Roaming\Python\Python313\site-packages\django\template\loader.py", line 42, in select_template
    return engine.get_template(template_name)
           ~~~~~~~~~~~~~~~~~~~^^^^^^^^^^^^^^^
  File "C:\Users\mahmo\AppData\Roaming\Python\Python313\site-packages\django\template\backends\django.py", line 33, in get_template
    return Template(self.engine.get_template(template_name), self)
                    ~~~~~~~~~~~~~~~~~~~~~~~~^^^^^^^^^^^^^^^
  File "C:\Users\mahmo\AppData\Roaming\Python\Python313\site-packages\django\template\engine.py", line 175, in get_template
    template, origin = self.find_template(template_name)
                       ~~~~~~~~~~~~~~~~~~^^^^^^^^^^^^^^^
  File "C:\Users\mahmo\AppData\Roaming\Python\Python313\site-packages\django\template\engine.py", line 157, in find_template
    template = loader.get_template(name, skip=skip)
  File "C:\Users\mahmo\AppData\Roaming\Python\Python313\site-packages\django\template\loaders\cached.py", line 57, in get_template
    template = super().get_template(template_name, skip)
  File "C:\Users\mahmo\AppData\Roaming\Python\Python313\site-packages\django\template\loaders\base.py", line 28, in get_template
    return Template(
        contents,
    ...<2 lines>...
        self.engine,
    )
  File "C:\Users\mahmo\AppData\Roaming\Python\Python313\site-packages\django\template\base.py", line 154, in __init__
    self.nodelist = self.compile_nodelist()
                    ~~~~~~~~~~~~~~~~~~~~~^^
  File "C:\Users\mahmo\AppData\Roaming\Python\Python313\site-packages\django\template\base.py", line 200, in compile_nodelist
    return parser.parse()
           ~~~~~~~~~~~~^^
  File "C:\Users\mahmo\AppData\Roaming\Python\Python313\site-packages\django\template\base.py", line 513, in parse
    raise self.error(token, e)
  File "C:\Users\mahmo\AppData\Roaming\Python\Python313\site-packages\django\template\base.py", line 511, in parse
    compiled_result = compile_func(self, token)
  File "C:\Users\mahmo\AppData\Roaming\Python\Python313\site-packages\django\template\loader_tags.py", line 293, in do_extends
    nodelist = parser.parse()
  File "C:\Users\mahmo\AppData\Roaming\Python\Python313\site-packages\django\template\base.py", line 513, in parse
    raise self.error(token, e)
  File "C:\Users\mahmo\AppData\Roaming\Python\Python313\site-packages\django\template\base.py", line 511, in parse
    compiled_result = compile_func(self, token)
  File "C:\Users\mahmo\AppData\Roaming\Python\Python313\site-packages\django\template\loader_tags.py", line 232, in do_block
    nodelist = parser.parse(("endblock",))
  File "C:\Users\mahmo\AppData\Roaming\Python\Python313\site-packages\django\template\base.py", line 513, in parse
    raise self.error(token, e)
  File "C:\Users\mahmo\AppData\Roaming\Python\Python313\site-packages\django\template\base.py", line 511, in parse
    compiled_result = compile_func(self, token)
  File "C:\Users\mahmo\AppData\Roaming\Python\Python313\site-packages\django\template\defaulttags.py", line 853, in do_for
    nodelist_loop = parser.parse(
        (
    ...<2 lines>...
        )
    )
  File "C:\Users\mahmo\AppData\Roaming\Python\Python313\site-packages\django\template\base.py", line 513, in parse
    raise self.error(token, e)
  File "C:\Users\mahmo\AppData\Roaming\Python\Python313\site-packages\django\template\base.py", line 511, in parse
    compiled_result = compile_func(self, token)
  File "C:\Users\mahmo\AppData\Roaming\Python\Python313\site-packages\django\template\defaulttags.py", line 853, in do_for
    nodelist_loop = parser.parse(
        (
    ...<2 lines>...
        )
    )
  File "C:\Users\mahmo\AppData\Roaming\Python\Python313\site-packages\django\template\base.py", line 513, in parse
    raise self.error(token, e)
  File "C:\Users\mahmo\AppData\Roaming\Python\Python313\site-packages\django\template\base.py", line 511, in parse
    compiled_result = compile_func(self, token)
  File "C:\Users\mahmo\AppData\Roaming\Python\Python313\site-packages\django\template\loader_tags.py", line 293, in do_extends
    nodelist = parser.parse()
  File "C:\Users\mahmo\AppData\Roaming\Python\Python313\site-packages\django\template\base.py", line 513, in parse
    raise self.error(token, e)
  File "C:\Users\mahmo\AppData\Roaming\Python\Python313\site-packages\django\template\base.py", line 511, in parse
    compiled_result = compile_func(self, token)
  File "C:\Users\mahmo\AppData\Roaming\Python\Python313\site-packages\django\template\loader_tags.py", line 226, in do_block
    raise TemplateSyntaxError(
        "'%s' tag with name '%s' appears more than once" % (bits[0], block_name)
    )
django.template.exceptions.TemplateSyntaxError: 'block' tag with name 'body' appears more than once
ERROR 2025-11-28 20:49:52,553 basehttp 15304 1540 "GET / HTTP/1.1" 500 302865
INFO 2025-11-28 20:51:52,720 autoreload 14224 4084 Watching for file changes with StatReloader
INFO 2025-11-28 20:52:41,874 basehttp 15304 8544 "GET / HTTP/1.1" 200 133292
INFO 2025-11-28 20:52:41,889 basehttp 15304 16428 "GET /static/main/logoamr.png HTTP/1.1" 304 0
INFO 2025-11-28 20:52:41,890 basehttp 15304 8544 "GET /static/main/mainnn.css HTTP/1.1" 304 0
INFO 2025-11-28 20:52:41,890 basehttp 15304 26812 "GET /static/main/makee.js HTTP/1.1" 304 0
INFO 2025-11-28 20:53:40,013 basehttp 15304 19292 "GET /transfer/make HTTP/1.1" 301 0
INFO 2025-11-28 20:53:40,036 basehttp 15304 14952 "GET /transfer/make/ HTTP/1.1" 200 85199
INFO 2025-11-28 20:53:59,477 basehttp 15304 14952 "POST /transfer/make/ HTTP/1.1" 302 0
INFO 2025-11-28 20:53:59,494 basehttp 15304 14952 "GET /transfer/history/ HTTP/1.1" 200 31766
INFO 2025-11-28 20:54:10,347 basehttp 15304 14952 "GET / HTTP/1.1" 200 133292
INFO 2025-11-28 20:54:24,875 basehttp 15304 14952 "POST / HTTP/1.1" 302 0
INFO 2025-11-28 20:54:24,907 basehttp 15304 14952 "GET / HTTP/1.1" 200 133292
INFO 2025-11-28 20:55:30,464 basehttp 15304 14952 "GET /users/ HTTP/1.1" 200 74225
INFO 2025-11-28 20:55:30,476 basehttp 15304 14952 "GET /static/main/users_search.js HTTP/1.1" 304 0
INFO 2025-11-28 20:55:35,903 basehttp 15304 14952 "GET /logout/ HTTP/1.1" 200 5469
INFO 2025-11-28 20:55:37,628 basehttp 15304 14952 "POST /login/ HTTP/1.1" 200 5481
INFO 2025-11-28 20:55:41,187 basehttp 15304 14952 "POST /login/ HTTP/1.1" 302 0
INFO 2025-11-28 20:55:41,208 basehttp 15304 14952 "GET / HTTP/1.1" 200 133292
WARNING 2025-11-28 20:56:11,191 log 15304 4556 Not Found: /.well-known/appspecific/com.chrome.devtools.json
WARNING 2025-11-28 20:56:11,191 basehttp 15304 4556 "GET /.well-known/appspecific/com.chrome.devtools.json HTTP/1.1" 404 10734
INFO 2025-11-28 20:57:11,909 basehttp 15304 16648 "GET /users/all_orders HTTP/1.1" 200 60844
WARNING 2025-11-28 20:57:11,967 log 15304 16648 Not Found: /.well-known/appspecific/com.chrome.devtools.json
WARNING 2025-11-28 20:57:11,967 basehttp 15304 16648 "GET /.well-known/appspecific/com.chrome.devtools.json HTTP/1.1" 404 10734
INFO 2025-11-28 20:58:00,918 basehttp 15304 9992 "GET /users/all_orders HTTP/1.1" 200 60860
WARNING 2025-11-28 20:58:00,964 log 15304 9992 Not Found: /.well-known/appspecific/com.chrome.devtools.json
WARNING 2025-11-28 20:58:00,965 basehttp 15304 9992 "GET /.well-known/appspecific/com.chrome.devtools.json HTTP/1.1" 404 10734
INFO 2025-11-28 20:58:46,851 basehttp 15304 19692 "GET / HTTP/1.1" 200 133308
INFO 2025-11-28 20:58:46,878 basehttp 15304 19692 "GET /static/main/makee.js HTTP/1.1" 304 0
WARNING 2025-11-28 20:58:46,907 log 15304 19692 Not Found: /.well-known/appspecific/com.chrome.devtools.json
WARNING 2025-11-28 20:58:46,907 basehttp 15304 19692 "GET /.well-known/appspecific/com.chrome.devtools.json HTTP/1.1" 404 10734
INFO 2025-11-28 21:01:11,447 basehttp 15304 25360 "GET /coming_order HTTP/1.1" 200 94559
INFO 2025-11-28 21:01:25,108 basehttp 15304 25360 "GET /manage/categories HTTP/1.1" 200 46578
INFO 2025-11-28 21:01:38,232 basehttp 15304 25360 "GET /manage/items HTTP/1.1" 200 151554
INFO 2025-11-28 21:01:57,745 basehttp 15304 4732 "POST /manage/items/48/delete HTTP/1.1" 200 143
INFO 2025-11-28 21:01:59,498 basehttp 15304 4732 "GET /manage/items HTTP/1.1" 200 149021
INFO 2025-11-28 21:02:03,886 basehttp 15304 4732 "GET /manage/categories HTTP/1.1" 200 46581
INFO 2025-11-28 21:02:14,140 basehttp 15304 4732 "POST /manage/categories/10/delete HTTP/1.1" 200 133
INFO 2025-11-28 21:02:15,711 basehttp 15304 4732 "GET /manage/categories HTTP/1.1" 200 44849
INFO 2025-11-28 21:02:17,842 basehttp 15304 4732 "POST /manage/categories/11/delete HTTP/1.1" 200 143
INFO 2025-11-28 21:02:19,417 basehttp 15304 4732 "GET /manage/categories HTTP/1.1" 200 43087
INFO 2025-11-28 21:03:14,514 autoreload 15304 7488 C:\D\Cooding\GENERAL\Al-Asel\main\views_cbv.py changed, reloading.
INFO 2025-11-28 21:03:15,685 autoreload 14224 4084 C:\D\Cooding\GENERAL\Al-Asel\main\views_cbv.py changed, reloading.
INFO 2025-11-28 21:03:17,897 autoreload 4952 22080 Watching for file changes with StatReloader
INFO 2025-11-28 21:03:19,704 autoreload 21128 26688 Watching for file changes with StatReloader
INFO 2025-11-28 21:03:54,017 autoreload 4952 22080 C:\D\Cooding\GENERAL\Al-Asel\main\urls.py changed, reloading.
INFO 2025-11-28 21:03:54,030 autoreload 21128 26688 C:\D\Cooding\GENERAL\Al-Asel\main\urls.py changed, reloading.
INFO 2025-11-28 21:03:56,258 autoreload 10540 12612 Watching for file changes with StatReloader
INFO 2025-11-28 21:03:56,264 autoreload 20940 5980 Watching for file changes with StatReloader
INFO 2025-11-28 21:06:45,080 basehttp 10540 27528 "GET /manage/categories HTTP/1.1" 200 45989
INFO 2025-11-28 21:06:45,094 basehttp 10540 12948 "GET /static/main/logoamr.png HTTP/1.1" 304 0
INFO 2025-11-28 21:06:45,095 basehttp 10540 27528 "GET /static/main/mainnn.css HTTP/1.1" 304 0
INFO 2025-11-28 21:06:49,856 basehttp 10540 27528 "GET /transfer/stock/ HTTP/1.1" 200 32954
INFO 2025-11-28 21:06:54,087 basehttp 10540 27528 "GET /transfer/stock/?branch_id=1 HTTP/1.1" 200 33953
INFO 2025-11-28 21:06:58,433 basehttp 10540 27528 "GET /transfer/stock/?branch_id=13 HTTP/1.1" 200 33954
INFO 2025-11-28 21:07:01,088 basehttp 10540 27528 "GET /transfer/stock/?branch_id= HTTP/1.1" 200 32954
INFO 2025-11-28 21:07:04,165 basehttp 10540 27528 "GET /users/ HTTP/1.1" 200 77143
INFO 2025-11-28 21:07:05,526 basehttp 10540 14412 "GET / HTTP/1.1" 200 132413
INFO 2025-11-28 21:07:05,543 basehttp 10540 27228 "GET /static/main/makee.js HTTP/1.1" 304 0
INFO 2025-11-28 21:07:12,788 basehttp 10540 27228 "GET /transfer/make/ HTTP/1.1" 200 85288
INFO 2025-11-28 21:07:22,944 basehttp 10540 27228 "POST /transfer/make/ HTTP/1.1" 302 0
INFO 2025-11-28 21:07:23,000 basehttp 10540 27228 "GET /transfer/history/ HTTP/1.1" 200 35415
INFO 2025-11-28 21:07:37,589 basehttp 10540 27228 "GET / HTTP/1.1" 200 132410
INFO 2025-11-28 21:08:09,584 basehttp 10540 27228 "GET /transfer/stock/ HTTP/1.1" 200 32954
INFO 2025-11-28 21:08:11,992 basehttp 10540 27228 "GET /transfer/stock/?branch_id=1 HTTP/1.1" 200 34467
INFO 2025-11-28 21:08:19,061 basehttp 10540 27228 "GET /users/ HTTP/1.1" 200 77143
INFO 2025-11-28 21:08:19,072 basehttp 10540 27228 "GET /static/main/users_search.js HTTP/1.1" 304 0
INFO 2025-11-28 21:08:30,740 basehttp 10540 27228 "GET /users/all_coming_orders HTTP/1.1" 200 58958
INFO 2025-11-28 21:08:36,738 basehttp 10540 27228 "GET /users/ HTTP/1.1" 200 77143
INFO 2025-11-28 21:08:38,514 basehttp 10540 27228 "GET / HTTP/1.1" 200 132410
INFO 2025-11-28 21:08:48,183 basehttp 10540 27228 "GET /coming_order HTTP/1.1" 200 94442
INFO 2025-11-28 21:09:03,239 basehttp 10540 27228 "GET /users/ HTTP/1.1" 200 77143
INFO 2025-11-28 21:09:04,618 basehttp 10540 27228 "GET /total_orders HTTP/1.1" 200 58271
INFO 2025-11-28 21:09:06,430 basehttp 10540 27228 "GET / HTTP/1.1" 200 132410
INFO 2025-11-28 21:13:37,894 autoreload 20940 5980 C:\D\Cooding\GENERAL\Al-Asel\main\models.py changed, reloading.
INFO 2025-11-28 21:13:37,903 autoreload 10540 12612 C:\D\Cooding\GENERAL\Al-Asel\main\models.py changed, reloading.
INFO 2025-11-28 21:13:38,841 autoreload 18216 25916 Watching for file changes with StatReloader
INFO 2025-11-28 21:13:38,858 autoreload 10548 25912 Watching for file changes with StatReloader
INFO 2025-11-28 21:15:09,348 autoreload 10548 25912 C:\D\Cooding\GENERAL\Al-Asel\main\views_cbv.py changed, reloading.
INFO 2025-11-28 21:15:09,429 autoreload 18216 25916 C:\D\Cooding\GENERAL\Al-Asel\main\views_cbv.py changed, reloading.
INFO 2025-11-28 21:15:10,283 autoreload 20320 25840 Watching for file changes with StatReloader
INFO 2025-11-28 21:15:10,325 autoreload 3764 25624 Watching for file changes with StatReloader
INFO 2025-11-28 21:16:23,186 autoreload 3764 25624 C:\D\Cooding\GENERAL\Al-Asel\main\views_cbv.py changed, reloading.
INFO 2025-11-28 21:16:23,214 autoreload 20320 25840 C:\D\Cooding\GENERAL\Al-Asel\main\views_cbv.py changed, reloading.
INFO 2025-11-28 21:16:25,148 autoreload 3304 1544 Watching for file changes with StatReloader
INFO 2025-11-28 21:16:25,158 autoreload 20556 27072 Watching for file changes with StatReloader
INFO 2025-11-28 21:16:34,218 autoreload 14740 27324 Watching for file changes with StatReloader
ERROR 2025-11-28 21:17:05,624 log 3304 10888 Internal Server Error: /
Traceback (most recent call last):
  File "C:\D\Cooding\GENERAL\Al-Asel\main\views_cbv.py", line 92, in get_context_data
    stock = BranchStock.objects.get(branch=selected_branch, item=item)
            ^^^^^^^^^^^
NameError: name 'BranchStock' is not defined. Did you mean: 'BranchStockView'?

During handling of the above exception, another exception occurred:

Traceback (most recent call last):
  File "C:\Users\mahmo\AppData\Roaming\Python\Python313\site-packages\django\core\handlers\exception.py", line 55, in inner
    response = get_response(request)
  File "C:\Users\mahmo\AppData\Roaming\Python\Python313\site-packages\django\core\handlers\base.py", line 197, in _get_response
    response = wrapped_callback(request, *callback_args, **callback_kwargs)
  File "C:\Users\mahmo\AppData\Roaming\Python\Python313\site-packages\django\views\generic\base.py", line 104, in view
    return self.dispatch(request, *args, **kwargs)
           ~~~~~~~~~~~~~^^^^^^^^^^^^^^^^^^^^^^^^^^
  File "C:\Users\mahmo\AppData\Roaming\Python\Python313\site-packages\django\contrib\auth\mixins.py", line 73, in dispatch
    return super().dispatch(request, *args, **kwargs)
           ~~~~~~~~~~~~~~~~^^^^^^^^^^^^^^^^^^^^^^^^^^
  File "C:\Users\mahmo\AppData\Roaming\Python\Python313\site-packages\django\views\generic\base.py", line 143, in dispatch
    return handler(request, *args, **kwargs)
  File "C:\Users\mahmo\AppData\Roaming\Python\Python313\site-packages\django\views\generic\base.py", line 226, in get
    context = self.get_context_data(**kwargs)
  File "C:\D\Cooding\GENERAL\Al-Asel\main\views_cbv.py", line 94, in get_context_data
    except BranchStock.DoesNotExist:
           ^^^^^^^^^^^
NameError: name 'BranchStock' is not defined. Did you mean: 'BranchStockView'?
ERROR 2025-11-28 21:17:05,632 basehttp 3304 10888 "GET / HTTP/1.1" 500 100260
INFO 2025-11-28 21:17:49,084 autoreload 3304 1544 C:\D\Cooding\GENERAL\Al-Asel\main\views_cbv.py changed, reloading.
INFO 2025-11-28 21:17:49,096 autoreload 14740 27324 C:\D\Cooding\GENERAL\Al-Asel\main\views_cbv.py changed, reloading.
INFO 2025-11-28 21:17:49,688 autoreload 20556 27072 C:\D\Cooding\GENERAL\Al-Asel\main\views_cbv.py changed, reloading.
INFO 2025-11-28 21:17:50,084 autoreload 17536 7944 Watching for file changes with StatReloader
INFO 2025-11-28 21:17:50,084 autoreload 5188 26580 Watching for file changes with StatReloader
INFO 2025-11-28 21:17:50,665 autoreload 26536 21072 Watching for file changes with StatReloader
INFO 2025-11-28 21:17:58,844 autoreload 9708 19352 Watching for file changes with StatReloader
ERROR 2025-11-28 21:18:29,640 log 5188 2416 Internal Server Error: /
Traceback (most recent call last):
  File "C:\Users\mahmo\AppData\Roaming\Python\Python313\site-packages\django\template\base.py", line 505, in parse
    compile_func = self.tags[command]
                   ~~~~~~~~~^^^^^^^^^
KeyError: 'endblock'

During handling of the above exception, another exception occurred:

Traceback (most recent call last):
  File "C:\Users\mahmo\AppData\Roaming\Python\Python313\site-packages\django\core\handlers\exception.py", line 55, in inner
    response = get_response(request)
  File "C:\Users\mahmo\AppData\Roaming\Python\Python313\site-packages\django\core\handlers\base.py", line 220, in _get_response
    response = response.render()
  File "C:\Users\mahmo\AppData\Roaming\Python\Python313\site-packages\django\template\response.py", line 114, in render
    self.content = self.rendered_content
                   ^^^^^^^^^^^^^^^^^^^^^
  File "C:\Users\mahmo\AppData\Roaming\Python\Python313\site-packages\django\template\response.py", line 90, in rendered_content
    template = self.resolve_template(self.template_name)
  File "C:\Users\mahmo\AppData\Roaming\Python\Python313\site-packages\django\template\response.py", line 72, in resolve_template
    return select_template(template, using=self.using)
  File "C:\Users\mahmo\AppData\Roaming\Python\Python313\site-packages\django\template\loader.py", line 42, in select_template
    return engine.get_template(template_name)
           ~~~~~~~~~~~~~~~~~~~^^^^^^^^^^^^^^^
  File "C:\Users\mahmo\AppData\Roaming\Python\Python313\site-packages\django\template\backends\django.py", line 33, in get_template
    return Template(self.engine.get_template(template_name), self)
                    ~~~~~~~~~~~~~~~~~~~~~~~~^^^^^^^^^^^^^^^
  File "C:\Users\mahmo\AppData\Roaming\Python\Python313\site-packages\django\template\engine.py", line 175, in get_template
    template, origin = self.find_template(template_name)
                       ~~~~~~~~~~~~~~~~~~^^^^^^^^^^^^^^^
  File "C:\Users\mahmo\AppData\Roaming\Python\Python313\site-packages\django\template\engine.py", line 157, in find_template
    template = loader.get_template(name, skip=skip)
  File "C:\Users\mahmo\AppData\Roaming\Python\Python313\site-packages\django\template\loaders\cached.py", line 57, in get_template
    template = super().get_template(template_name, skip)
  File "C:\Users\mahmo\AppData\Roaming\Python\Python313\site-packages\django\template\loaders\base.py", line 28, in get_template
    return Template(
        contents,
    ...<2 lines>...
        self.engine,
    )
  File "C:\Users\mahmo\AppData\Roaming\Python\Python313\site-packages\django\template\base.py", line 154, in __init__
    self.nodelist = self.compile_nodelist()
                    ~~~~~~~~~~~~~~~~~~~~~^^
  File "C:\Users\mahmo\AppData\Roaming\Python\Python313\site-packages\django\template\base.py", line 200, in compile_nodelist
    return parser.parse()
           ~~~~~~~~~~~~^^
  File "C:\Users\mahmo\AppData\Roaming\Python\Python313\site-packages\django\template\base.py", line 513, in parse
    raise self.error(token, e)
  File "C:\Users\mahmo\AppData\Roaming\Python\Python313\site-packages\django\template\base.py", line 511, in parse
    compiled_result = compile_func(self, token)
  File "C:\Users\mahmo\AppData\Roaming\Python\Python313\site-packages\django\template\loader_tags.py", line 293, in do_extends
    nodelist = parser.parse()
  File "C:\Users\mahmo\AppData\Roaming\Python\Python313\site-packages\django\template\base.py", line 513, in parse
    raise self.error(token, e)
  File "C:\Users\mahmo\AppData\Roaming\Python\Python313\site-packages\django\template\base.py", line 511, in parse
    compiled_result = compile_func(self, token)
  File "C:\Users\mahmo\AppData\Roaming\Python\Python313\site-packages\django\template\loader_tags.py", line 232, in do_block
    nodelist = parser.parse(("endblock",))
  File "C:\Users\mahmo\AppData\Roaming\Python\Python313\site-packages\django\template\base.py", line 513, in parse
    raise self.error(token, e)
  File "C:\Users\mahmo\AppData\Roaming\Python\Python313\site-packages\django\template\base.py", line 511, in parse
    compiled_result = compile_func(self, token)
  File "C:\Users\mahmo\AppData\Roaming\Python\Python313\site-packages\django\template\defaulttags.py", line 853, in do_for
    nodelist_loop = parser.parse(
        (
    ...<2 lines>...
        )
    )
  File "C:\Users\mahmo\AppData\Roaming\Python\Python313\site-packages\django\template\base.py", line 513, in parse
    raise self.error(token, e)
  File "C:\Users\mahmo\AppData\Roaming\Python\Python313\site-packages\django\template\base.py", line 511, in parse
    compiled_result = compile_func(self, token)
  File "C:\Users\mahmo\AppData\Roaming\Python\Python313\site-packages\django\template\defaulttags.py", line 853, in do_for
    nodelist_loop = parser.parse(
        (
    ...<2 lines>...
        )
    )
  File "C:\Users\mahmo\AppData\Roaming\Python\Python313\site-packages\django\template\base.py", line 507, in parse
    self.invalid_block_tag(token, command, parse_until)
    ~~~~~~~~~~~~~~~~~~~~~~^^^^^^^^^^^^^^^^^^^^^^^^^^^^^
  File "C:\Users\mahmo\AppData\Roaming\Python\Python313\site-packages\django\template\base.py", line 558, in invalid_block_tag
    raise self.error(
    ...<8 lines>...
    )
django.template.exceptions.TemplateSyntaxError: Invalid block tag on line 124: 'endblock', expected 'empty' or 'endfor'. Did you forget to register or load this tag?
ERROR 2025-11-28 21:18:29,657 basehttp 5188 2416 "GET / HTTP/1.1" 500 218093
INFO 2025-11-28 21:19:35,487 autoreload 8820 19560 Watching for file changes with StatReloader
INFO 2025-11-28 21:19:38,683 basehttp 5188 22820 "GET / HTTP/1.1" 200 132460
INFO 2025-11-28 21:19:38,701 basehttp 5188 9332 "GET /static/main/makee.js HTTP/1.1" 304 0
INFO 2025-11-28 21:19:38,704 basehttp 5188 22820 "GET /static/main/mainnn.css HTTP/1.1" 304 0
INFO 2025-11-28 21:19:54,095 basehttp 5188 4676 "GET /?branch=13 HTTP/1.1" 200 132322
INFO 2025-11-28 21:19:54,105 basehttp 5188 12948 "GET /static/main/logoamr.png HTTP/1.1" 304 0
INFO 2025-11-28 21:20:07,742 basehttp 5188 13520 "GET / HTTP/1.1" 200 132460
INFO 2025-11-28 21:20:11,509 basehttp 5188 15564 "GET /transfer/make/ HTTP/1.1" 200 85286
INFO 2025-11-28 21:20:23,946 basehttp 5188 9632 "POST /transfer/make/ HTTP/1.1" 302 0
INFO 2025-11-28 21:20:23,989 basehttp 5188 9632 "GET /transfer/history/ HTTP/1.1" 200 36247
INFO 2025-11-28 21:20:30,874 basehttp 5188 9632 "POST /transfer/make/ HTTP/1.1" 302 0
INFO 2025-11-28 21:20:31,025 basehttp 5188 9632 "GET /transfer/history/ HTTP/1.1" 200 37065
INFO 2025-11-28 21:20:33,769 basehttp 5188 9632 "GET / HTTP/1.1" 200 132460
INFO 2025-11-28 21:20:39,571 basehttp 5188 9632 "GET /?branch=13 HTTP/1.1" 200 132325
INFO 2025-11-28 21:21:32,636 basehttp 5188 4292 "GET /users/ HTTP/1.1" 200 77143
INFO 2025-11-28 21:21:32,648 basehttp 5188 4292 "GET /static/main/users_search.js HTTP/1.1" 304 0
INFO 2025-11-28 21:21:37,723 basehttp 5188 4292 "GET /transfer/make/ HTTP/1.1" 200 85288
INFO 2025-11-28 21:22:01,243 basehttp 5188 26072 "GET /transfer/history/ HTTP/1.1" 200 37065
INFO 2025-11-28 21:23:01,468 autoreload 9708 19352 C:\D\Cooding\GENERAL\Al-Asel\main\views_cbv.py changed, reloading.
INFO 2025-11-28 21:23:01,471 autoreload 26536 21072 C:\D\Cooding\GENERAL\Al-Asel\main\views_cbv.py changed, reloading.
INFO 2025-11-28 21:23:01,622 autoreload 17536 7944 C:\D\Cooding\GENERAL\Al-Asel\main\views_cbv.py changed, reloading.
INFO 2025-11-28 21:23:01,623 autoreload 8820 19560 C:\D\Cooding\GENERAL\Al-Asel\main\views_cbv.py changed, reloading.
INFO 2025-11-28 21:23:01,640 autoreload 5188 26580 C:\D\Cooding\GENERAL\Al-Asel\main\views_cbv.py changed, reloading.
INFO 2025-11-28 21:23:02,672 autoreload 15564 16552 Watching for file changes with StatReloader
INFO 2025-11-28 21:23:02,682 autoreload 1996 23148 Watching for file changes with StatReloader
INFO 2025-11-28 21:23:02,758 autoreload 15712 6204 Watching for file changes with StatReloader
INFO 2025-11-28 21:23:02,779 autoreload 2736 25724 Watching for file changes with StatReloader
INFO 2025-11-28 21:23:02,789 autoreload 20548 21080 Watching for file changes with StatReloader
INFO 2025-11-28 21:23:31,263 autoreload 27536 11340 Watching for file changes with StatReloader
INFO 2025-11-28 21:24:28,442 autoreload 15564 16552 C:\D\Cooding\GENERAL\Al-Asel\main\views_cbv.py changed, reloading.
INFO 2025-11-28 21:24:28,445 autoreload 1996 23148 C:\D\Cooding\GENERAL\Al-Asel\main\views_cbv.py changed, reloading.
INFO 2025-11-28 21:24:28,551 autoreload 20548 21080 C:\D\Cooding\GENERAL\Al-Asel\main\views_cbv.py changed, reloading.
INFO 2025-11-28 21:24:28,616 autoreload 15712 6204 C:\D\Cooding\GENERAL\Al-Asel\main\views_cbv.py changed, reloading.
INFO 2025-11-28 21:24:28,617 autoreload 2736 25724 C:\D\Cooding\GENERAL\Al-Asel\main\views_cbv.py changed, reloading.
INFO 2025-11-28 21:24:28,836 autoreload 27536 11340 C:\D\Cooding\GENERAL\Al-Asel\main\views_cbv.py changed, reloading.
INFO 2025-11-28 21:24:29,336 autoreload 13248 19380 Watching for file changes with StatReloader
INFO 2025-11-28 21:24:29,338 autoreload 14044 23772 Watching for file changes with StatReloader
INFO 2025-11-28 21:24:29,484 autoreload 24512 24208 Watching for file changes with StatReloader
INFO 2025-11-28 21:24:29,531 autoreload 20108 19916 Watching for file changes with StatReloader
INFO 2025-11-28 21:24:29,560 autoreload 1540 26596 Watching for file changes with StatReloader
INFO 2025-11-28 21:24:29,697 autoreload 20444 2920 Watching for file changes with StatReloader
INFO 2025-11-28 21:24:42,939 autoreload 13248 19380 C:\D\Cooding\GENERAL\Al-Asel\main\urls.py changed, reloading.
INFO 2025-11-28 21:24:42,950 autoreload 14044 23772 C:\D\Cooding\GENERAL\Al-Asel\main\urls.py changed, reloading.
INFO 2025-11-28 21:24:43,045 autoreload 24512 24208 C:\D\Cooding\GENERAL\Al-Asel\main\urls.py changed, reloading.
INFO 2025-11-28 21:24:43,067 autoreload 1540 26596 C:\D\Cooding\GENERAL\Al-Asel\main\urls.py changed, reloading.
INFO 2025-11-28 21:24:43,076 autoreload 20108 19916 C:\D\Cooding\GENERAL\Al-Asel\main\urls.py changed, reloading.
INFO 2025-11-28 21:24:43,128 autoreload 20444 2920 C:\D\Cooding\GENERAL\Al-Asel\main\urls.py changed, reloading.
INFO 2025-11-28 21:24:43,764 autoreload 10604 13588 Watching for file changes with StatReloader
INFO 2025-11-28 21:24:43,781 autoreload 7576 7624 Watching for file changes with StatReloader
INFO 2025-11-28 21:24:43,920 autoreload 6496 17204 Watching for file changes with StatReloader
INFO 2025-11-28 21:24:43,957 autoreload 13520 18624 Watching for file changes with StatReloader
INFO 2025-11-28 21:24:43,994 autoreload 14484 26440 Watching for file changes with StatReloader
INFO 2025-11-28 21:24:44,015 autoreload 15904 22592 Watching for file changes with StatReloader
INFO 2025-11-28 21:24:52,387 autoreload 26500 16200 Watching for file changes with StatReloader
INFO 2025-11-28 21:26:34,761 basehttp 10604 4720 "GET /transfer/history/ HTTP/1.1" 200 38857
INFO 2025-11-28 21:26:41,479 basehttp 10604 16012 "GET /transfer/4/delete/ HTTP/1.1" 302 0
INFO 2025-11-28 21:26:41,506 basehttp 10604 16012 "GET /transfer/history/ HTTP/1.1" 200 37622
INFO 2025-11-28 21:26:44,988 basehttp 10604 16012 "GET /transfer/3/delete/ HTTP/1.1" 302 0
INFO 2025-11-28 21:26:45,006 basehttp 10604 16012 "GET /transfer/history/ HTTP/1.1" 200 36373
INFO 2025-11-28 21:26:46,459 basehttp 10604 16012 "GET /transfer/2/delete/ HTTP/1.1" 302 0
INFO 2025-11-28 21:26:46,478 basehttp 10604 16012 "GET /transfer/history/ HTTP/1.1" 200 35124
INFO 2025-11-28 21:26:47,931 basehttp 10604 11276 "GET /transfer/1/delete/ HTTP/1.1" 302 0
INFO 2025-11-28 21:26:47,949 basehttp 10604 11276 "GET /transfer/history/ HTTP/1.1" 200 33296
INFO 2025-11-28 21:26:53,415 basehttp 10604 11276 "GET / HTTP/1.1" 200 132460
INFO 2025-11-28 21:26:53,425 basehttp 10604 11276 "GET /static/main/makee.js HTTP/1.1" 304 0
INFO 2025-11-28 21:26:58,931 basehttp 10604 1432 "GET /transfer/stock/ HTTP/1.1" 200 32954
INFO 2025-11-28 21:27:01,254 basehttp 10604 1432 "GET /transfer/stock/?branch_id=1 HTTP/1.1" 200 71730
INFO 2025-11-28 21:27:07,700 basehttp 10604 14980 "GET /transfer/stock/?branch_id=13 HTTP/1.1" 200 33954
INFO 2025-11-28 21:27:47,255 basehttp 10604 27408 "GET /users/ HTTP/1.1" 200 77143
INFO 2025-11-28 21:27:57,001 basehttp 10604 27408 "GET / HTTP/1.1" 200 132460
INFO 2025-11-28 21:28:14,197 basehttp 10604 8608 "GET /coming_order HTTP/1.1" 200 94444
INFO 2025-11-28 21:28:39,608 basehttp 10604 17084 "POST /coming_order HTTP/1.1" 302 0
INFO 2025-11-28 21:28:39,624 basehttp 10604 17084 "GET /coming_order/46 HTTP/1.1" 200 39272
INFO 2025-11-28 21:29:14,193 basehttp 10604 17084 "GET /users/ HTTP/1.1" 200 77143
INFO 2025-11-28 21:29:18,820 basehttp 10604 17084 "GET /create_item HTTP/1.1" 200 37481
INFO 2025-11-28 21:29:20,681 basehttp 10604 17084 "GET /users/ HTTP/1.1" 200 77143
INFO 2025-11-28 21:29:21,624 basehttp 10604 17084 "GET / HTTP/1.1" 200 132460
INFO 2025-11-28 21:29:27,619 basehttp 10604 17084 "GET /manage/items HTTP/1.1" 200 151707
INFO 2025-11-28 21:29:41,295 basehttp 10604 17084 "POST /manage/items HTTP/1.1" 302 0
INFO 2025-11-28 21:29:41,384 basehttp 10604 17084 "GET /manage/items HTTP/1.1" 200 154222
INFO 2025-11-28 21:29:45,897 basehttp 10604 17084 "GET /manage/categories HTTP/1.1" 200 45989
INFO 2025-11-28 21:29:57,784 basehttp 10604 17084 "GET / HTTP/1.1" 200 134598
INFO 2025-11-28 21:29:58,822 basehttp 10604 17084 "GET /coming_order HTTP/1.1" 200 95731
INFO 2025-11-28 21:30:11,640 basehttp 10604 17084 "POST /coming_order HTTP/1.1" 302 0
INFO 2025-11-28 21:30:11,658 basehttp 10604 17084 "GET /coming_order/47 HTTP/1.1" 200 39260
ERROR 2025-11-28 21:30:31,487 log 10604 17084 Internal Server Error: /store_info/1
Traceback (most recent call last):
  File "C:\Users\mahmo\AppData\Roaming\Python\Python313\site-packages\django\core\handlers\exception.py", line 55, in inner
    response = get_response(request)
  File "C:\Users\mahmo\AppData\Roaming\Python\Python313\site-packages\django\core\handlers\base.py", line 204, in _get_response
    self.check_response(response, callback)
    ~~~~~~~~~~~~~~~~~~~^^^^^^^^^^^^^^^^^^^^
  File "C:\Users\mahmo\AppData\Roaming\Python\Python313\site-packages\django\core\handlers\base.py", line 332, in check_response
    raise ValueError(
    ...<2 lines>...
    )
ValueError: The view main.views_cbv.store_coming_info didn't return an HttpResponse object. It returned None instead.
ERROR 2025-11-28 21:30:31,489 basehttp 10604 17084 "GET /store_info/1 HTTP/1.1" 500 75719
INFO 2025-11-28 21:30:36,006 basehttp 10604 17084 "GET /users/1 HTTP/1.1" 200 52512
ERROR 2025-11-28 21:30:37,088 log 10604 17084 Internal Server Error: /store_info/1
Traceback (most recent call last):
  File "C:\Users\mahmo\AppData\Roaming\Python\Python313\site-packages\django\core\handlers\exception.py", line 55, in inner
    response = get_response(request)
  File "C:\Users\mahmo\AppData\Roaming\Python\Python313\site-packages\django\core\handlers\base.py", line 204, in _get_response
    self.check_response(response, callback)
    ~~~~~~~~~~~~~~~~~~~^^^^^^^^^^^^^^^^^^^^
  File "C:\Users\mahmo\AppData\Roaming\Python\Python313\site-packages\django\core\handlers\base.py", line 332, in check_response
    raise ValueError(
    ...<2 lines>...
    )
ValueError: The view main.views_cbv.store_coming_info didn't return an HttpResponse object. It returned None instead.
ERROR 2025-11-28 21:30:37,090 basehttp 10604 17084 "GET /store_info/1 HTTP/1.1" 500 75711
INFO 2025-11-28 21:35:00,736 basehttp 10604 17084 "GET /static/main/mainnn.css HTTP/1.1" 304 0
WARNING 2025-11-28 21:35:00,774 log 10604 17084 Not Found: /.well-known/appspecific/com.chrome.devtools.json
WARNING 2025-11-28 21:35:00,775 basehttp 10604 17084 "GET /.well-known/appspecific/com.chrome.devtools.json HTTP/1.1" 404 11119
INFO 2025-11-28 21:35:28,191 basehttp 10604 17084 "GET /transfer/stock/ HTTP/1.1" 200 32954
INFO 2025-11-28 21:35:28,201 basehttp 10604 17084 "GET /static/main/logoamr.png HTTP/1.1" 304 0
INFO 2025-11-28 21:35:30,612 basehttp 10604 17084 "GET /transfer/stock/?branch_id=1 HTTP/1.1" 200 72635
INFO 2025-11-28 21:35:34,932 basehttp 10604 17084 "GET /transfer/stock/?branch_id=13 HTTP/1.1" 200 34468
INFO 2025-11-28 21:35:40,645 basehttp 10604 17084 "GET / HTTP/1.1" 200 134598
INFO 2025-11-28 21:35:40,653 basehttp 10604 17084 "GET /static/main/makee.js HTTP/1.1" 304 0
INFO 2025-11-28 21:35:41,648 basehttp 10604 17084 "GET /coming_order HTTP/1.1" 200 95731
INFO 2025-11-28 21:38:18,691 basehttp 10604 17084 "GET /coming_order HTTP/1.1" 200 95731
INFO 2025-11-28 21:39:51,975 autoreload 13520 18624 C:\D\Cooding\GENERAL\Al-Asel\main\views_cbv.py changed, reloading.
INFO 2025-11-28 21:39:52,255 autoreload 7576 7624 C:\D\Cooding\GENERAL\Al-Asel\main\views_cbv.py changed, reloading.
INFO 2025-11-28 21:39:52,701 autoreload 6496 17204 C:\D\Cooding\GENERAL\Al-Asel\main\views_cbv.py changed, reloading.
INFO 2025-11-28 21:39:52,723 autoreload 10604 13588 C:\D\Cooding\GENERAL\Al-Asel\main\views_cbv.py changed, reloading.
INFO 2025-11-28 21:39:52,812 autoreload 14484 26440 C:\D\Cooding\GENERAL\Al-Asel\main\views_cbv.py changed, reloading.
INFO 2025-11-28 21:39:52,928 autoreload 26500 16200 C:\D\Cooding\GENERAL\Al-Asel\main\views_cbv.py changed, reloading.
INFO 2025-11-28 21:39:52,938 autoreload 15904 22592 C:\D\Cooding\GENERAL\Al-Asel\main\views_cbv.py changed, reloading.
INFO 2025-11-28 21:39:53,067 autoreload 15396 13568 Watching for file changes with StatReloader
INFO 2025-11-28 21:39:53,473 autoreload 25840 23452 Watching for file changes with StatReloader
INFO 2025-11-28 21:39:53,952 autoreload 11952 24528 Watching for file changes with StatReloader
INFO 2025-11-28 21:39:53,966 autoreload 10528 23996 Watching for file changes with StatReloader
INFO 2025-11-28 21:39:54,045 autoreload 15040 7080 Watching for file changes with StatReloader
INFO 2025-11-28 21:39:54,121 autoreload 13916 8960 Watching for file changes with StatReloader
INFO 2025-11-28 21:39:54,156 autoreload 6580 7164 Watching for file changes with StatReloader
INFO 2025-11-28 21:40:02,454 autoreload 10556 12812 Watching for file changes with StatReloader
ERROR 2025-11-28 21:40:55,684 basehttp 15396 9500 "GET /coming_order HTTP/1.1" 500 213619
INFO 2025-11-28 21:40:59,972 autoreload 24068 19228 Watching for file changes with StatReloader
INFO 2025-11-28 21:41:19,414 basehttp 15396 12668 "GET / HTTP/1.1" 200 134598
INFO 2025-11-28 21:41:19,434 basehttp 15396 12668 "GET /static/main/mainnn.css HTTP/1.1" 304 0
INFO 2025-11-28 21:41:19,437 basehttp 15396 20604 "GET /static/main/logoamr.png HTTP/1.1" 304 0
INFO 2025-11-28 21:41:19,437 basehttp 15396 22264 "GET /static/main/makee.js HTTP/1.1" 304 0
ERROR 2025-11-28 21:41:24,868 basehttp 15396 20604 "GET /coming_order HTTP/1.1" 500 212020
INFO 2025-11-28 21:41:39,045 autoreload 21008 23392 Watching for file changes with StatReloader
INFO 2025-11-28 21:41:40,130 basehttp 15396 7980 "GET / HTTP/1.1" 200 134598
ERROR 2025-11-28 21:41:41,875 basehttp 15396 7980 "GET /coming_order HTTP/1.1" 500 213482
INFO 2025-11-28 21:42:40,807 autoreload 448 12296 Watching for file changes with StatReloader
INFO 2025-11-28 21:43:08,234 basehttp 15396 1984 "GET /coming_order HTTP/1.1" 200 95792
INFO 2025-11-28 21:43:11,513 basehttp 15396 25652 "GET /coming_order?customer=1&supplier= HTTP/1.1" 200 95892
INFO 2025-11-28 21:43:13,438 basehttp 15396 25652 "GET /coming_order?customer=13&supplier= HTTP/1.1" 200 95800
INFO 2025-11-28 21:43:27,109 basehttp 15396 5020 "POST /coming_order HTTP/1.1" 302 0
INFO 2025-11-28 21:43:27,137 basehttp 15396 5020 "GET /coming_order/48 HTTP/1.1" 200 42811
INFO 2025-11-28 21:45:56,599 basehttp 15396 5020 "GET /coming_order/48 HTTP/1.1" 200 42811
INFO 2025-11-28 21:45:57,815 basehttp 15396 5020 "GET /coming_order/48 HTTP/1.1" 200 42811
INFO 2025-11-28 21:45:58,534 basehttp 15396 7324 "GET /coming_order/48 HTTP/1.1" 200 42811
INFO 2025-11-28 21:45:59,061 basehttp 15396 7324 "GET /coming_order/48 HTTP/1.1" 200 42811
INFO 2025-11-28 21:46:18,225 basehttp 15396 26848 "GET /coming_order/48 HTTP/1.1" 200 42803
INFO 2025-11-28 21:46:57,953 basehttp 15396 25396 "GET /coming_order HTTP/1.1" 200 95792
INFO 2025-11-28 21:46:57,969 basehttp 15396 25396 "GET /static/main/makee.js HTTP/1.1" 304 0
INFO 2025-11-28 21:47:00,229 basehttp 15396 27120 "GET /coming_order/48 HTTP/1.1" 200 42801
INFO 2025-11-28 21:47:35,429 basehttp 15396 17700 "GET /coming_order/48 HTTP/1.1" 200 42801
INFO 2025-11-28 21:47:36,025 basehttp 15396 17700 "GET /coming_order/48 HTTP/1.1" 200 42801
INFO 2025-11-28 21:47:54,000 basehttp 15396 12808 "GET /coming_order/48 HTTP/1.1" 200 42811
WARNING 2025-11-28 21:47:55,346 log 15396 12808 Not Found: /.well-known/appspecific/com.chrome.devtools.json
WARNING 2025-11-28 21:47:55,347 basehttp 15396 12808 "GET /.well-known/appspecific/com.chrome.devtools.json HTTP/1.1" 404 11119
INFO 2025-11-28 21:48:54,368 basehttp 15396 18096 "GET /coming_order/48 HTTP/1.1" 200 42138
INFO 2025-11-28 21:51:17,377 basehttp 15396 16272 "GET /coming_order/48 HTTP/1.1" 200 42811
INFO 2025-11-28 21:51:17,389 basehttp 15396 16272 "GET /static/main/mainnn.css HTTP/1.1" 304 0
INFO 2025-11-28 21:51:17,389 basehttp 15396 4268 "GET /static/main/logoamr.png HTTP/1.1" 304 0
INFO 2025-11-28 21:51:18,062 basehttp 15396 4268 "GET /coming_order/48 HTTP/1.1" 200 42811
INFO 2025-11-28 21:51:18,469 basehttp 15396 4268 "GET /coming_order/48 HTTP/1.1" 200 42811
INFO 2025-11-28 21:51:18,648 basehttp 15396 4268 "GET /coming_order/48 HTTP/1.1" 200 42811
INFO 2025-11-28 21:51:18,840 basehttp 15396 4268 "GET /coming_order/48 HTTP/1.1" 200 42811
INFO 2025-11-28 21:51:31,839 basehttp 15396 21660 "GET /coming_order/48 HTTP/1.1" 200 42803
INFO 2025-11-28 21:51:55,560 basehttp 15396 13368 "GET /coming_order/48 HTTP/1.1" 200 42783
INFO 2025-11-28 21:51:56,453 basehttp 15396 13368 "GET /coming_order/48 HTTP/1.1" 200 42783
INFO 2025-11-28 21:51:56,723 basehttp 15396 13368 "GET /coming_order/48 HTTP/1.1" 200 42783
INFO 2025-11-28 21:51:56,907 basehttp 15396 13368 "GET /coming_order/48 HTTP/1.1" 200 42783
INFO 2025-11-28 21:52:22,812 basehttp 15396 25876 "GET /coming_order/48 HTTP/1.1" 200 42783
INFO 2025-11-28 21:52:23,083 basehttp 15396 25876 "GET /coming_order/48 HTTP/1.1" 200 42783
INFO 2025-11-28 21:52:40,568 basehttp 15396 19180 "GET /coming_order/48 HTTP/1.1" 200 42118
INFO 2025-11-28 21:53:17,797 basehttp 15396 11792 "GET /coming_order/48 HTTP/1.1" 200 42801
INFO 2025-11-28 21:53:36,755 basehttp 15396 11792 "GET /coming_order/48 HTTP/1.1" 200 42783
INFO 2025-11-28 21:53:45,524 basehttp 15396 11792 "GET /coming_order/48 HTTP/1.1" 200 42793
INFO 2025-11-28 21:53:46,049 basehttp 15396 11792 "GET /coming_order/48 HTTP/1.1" 200 42793
INFO 2025-11-28 21:53:53,717 basehttp 15396 11792 "GET /coming_order/48 HTTP/1.1" 200 42793
INFO 2025-11-28 21:53:54,219 basehttp 15396 11792 "GET /coming_order/48 HTTP/1.1" 200 42793
INFO 2025-11-28 21:54:28,223 basehttp 15396 11792 "GET /coming_order/48 HTTP/1.1" 200 42054
INFO 2025-11-28 21:54:35,655 basehttp 15396 11792 "GET /coming_order/48 HTTP/1.1" 200 42035
INFO 2025-11-28 21:54:40,272 basehttp 15396 11792 "GET /coming_order/48 HTTP/1.1" 200 42043
INFO 2025-11-28 21:55:33,927 basehttp 15396 11792 "GET /coming_order/48 HTTP/1.1" 200 42801
INFO 2025-11-28 21:55:34,725 basehttp 15396 11792 "GET /coming_order/48 HTTP/1.1" 200 42801
INFO 2025-11-28 21:55:56,252 basehttp 15396 11792 "GET /coming_order/48 HTTP/1.1" 200 42811
INFO 2025-11-28 21:55:56,937 basehttp 15396 11792 "GET /coming_order/48 HTTP/1.1" 200 42811
INFO 2025-11-28 21:56:09,515 basehttp 15396 11792 "GET /coming_order/48 HTTP/1.1" 200 42807
INFO 2025-11-28 21:56:20,128 basehttp 15396 11792 "GET /coming_order/48 HTTP/1.1" 200 42689
INFO 2025-11-28 21:58:47,189 basehttp 15396 11792 "GET /coming_order/48 HTTP/1.1" 200 42811
ERROR 2025-11-28 21:59:25,877 log 15396 11792 Internal Server Error: /coming_order/48
Traceback (most recent call last):
  File "C:\Users\mahmo\AppData\Roaming\Python\Python313\site-packages\django\template\base.py", line 505, in parse
    compile_func = self.tags[command]
                   ~~~~~~~~~^^^^^^^^^
KeyError: 'else'

During handling of the above exception, another exception occurred:

Traceback (most recent call last):
  File "C:\Users\mahmo\AppData\Roaming\Python\Python313\site-packages\django\core\handlers\exception.py", line 55, in inner
    response = get_response(request)
  File "C:\Users\mahmo\AppData\Roaming\Python\Python313\site-packages\django\core\handlers\base.py", line 197, in _get_response
    response = wrapped_callback(request, *callback_args, **callback_kwargs)
  File "C:\Users\mahmo\AppData\Roaming\Python\Python313\site-packages\django\contrib\auth\decorators.py", line 23, in _wrapper_view
    return view_func(request, *args, **kwargs)
  File "C:\D\Cooding\GENERAL\Al-Asel\main\views_cbv.py", line 993, in coming_order_info
    return render(request, "main/coming_order_info.html", {
        "order": order,
        "order_items": order_items,
    })
  File "C:\Users\mahmo\AppData\Roaming\Python\Python313\site-packages\django\shortcuts.py", line 24, in render
    content = loader.render_to_string(template_name, context, request, using=using)
  File "C:\Users\mahmo\AppData\Roaming\Python\Python313\site-packages\django\template\loader.py", line 61, in render_to_string
    template = get_template(template_name, using=using)
  File "C:\Users\mahmo\AppData\Roaming\Python\Python313\site-packages\django\template\loader.py", line 15, in get_template
    return engine.get_template(template_name)
           ~~~~~~~~~~~~~~~~~~~^^^^^^^^^^^^^^^
  File "C:\Users\mahmo\AppData\Roaming\Python\Python313\site-packages\django\template\backends\django.py", line 33, in get_template
    return Template(self.engine.get_template(template_name), self)
                    ~~~~~~~~~~~~~~~~~~~~~~~~^^^^^^^^^^^^^^^
  File "C:\Users\mahmo\AppData\Roaming\Python\Python313\site-packages\django\template\engine.py", line 175, in get_template
    template, origin = self.find_template(template_name)
                       ~~~~~~~~~~~~~~~~~~^^^^^^^^^^^^^^^
  File "C:\Users\mahmo\AppData\Roaming\Python\Python313\site-packages\django\template\engine.py", line 157, in find_template
    template = loader.get_template(name, skip=skip)
  File "C:\Users\mahmo\AppData\Roaming\Python\Python313\site-packages\django\template\loaders\cached.py", line 57, in get_template
    template = super().get_template(template_name, skip)
  File "C:\Users\mahmo\AppData\Roaming\Python\Python313\site-packages\django\template\loaders\base.py", line 28, in get_template
    return Template(
        contents,
    ...<2 lines>...
        self.engine,
    )
  File "C:\Users\mahmo\AppData\Roaming\Python\Python313\site-packages\django\template\base.py", line 154, in __init__
    self.nodelist = self.compile_nodelist()
                    ~~~~~~~~~~~~~~~~~~~~~^^
  File "C:\Users\mahmo\AppData\Roaming\Python\Python313\site-packages\django\template\base.py", line 200, in compile_nodelist
    return parser.parse()
           ~~~~~~~~~~~~^^
  File "C:\Users\mahmo\AppData\Roaming\Python\Python313\site-packages\django\template\base.py", line 513, in parse
    raise self.error(token, e)
  File "C:\Users\mahmo\AppData\Roaming\Python\Python313\site-packages\django\template\base.py", line 511, in parse
    compiled_result = compile_func(self, token)
  File "C:\Users\mahmo\AppData\Roaming\Python\Python313\site-packages\django\template\loader_tags.py", line 293, in do_extends
    nodelist = parser.parse()
  File "C:\Users\mahmo\AppData\Roaming\Python\Python313\site-packages\django\template\base.py", line 513, in parse
    raise self.error(token, e)
  File "C:\Users\mahmo\AppData\Roaming\Python\Python313\site-packages\django\template\base.py", line 511, in parse
    compiled_result = compile_func(self, token)
  File "C:\Users\mahmo\AppData\Roaming\Python\Python313\site-packages\django\template\loader_tags.py", line 232, in do_block
    nodelist = parser.parse(("endblock",))
  File "C:\Users\mahmo\AppData\Roaming\Python\Python313\site-packages\django\template\base.py", line 513, in parse
    raise self.error(token, e)
  File "C:\Users\mahmo\AppData\Roaming\Python\Python313\site-packages\django\template\base.py", line 511, in parse
    compiled_result = compile_func(self, token)
  File "C:\Users\mahmo\AppData\Roaming\Python\Python313\site-packages\django\template\defaulttags.py", line 953, in do_if
    nodelist = parser.parse(("elif", "else", "endif"))
  File "C:\Users\mahmo\AppData\Roaming\Python\Python313\site-packages\django\template\base.py", line 513, in parse
    raise self.error(token, e)
  File "C:\Users\mahmo\AppData\Roaming\Python\Python313\site-packages\django\template\base.py", line 511, in parse
    compiled_result = compile_func(self, token)
  File "C:\Users\mahmo\AppData\Roaming\Python\Python313\site-packages\django\template\defaulttags.py", line 853, in do_for
    nodelist_loop = parser.parse(
        (
    ...<2 lines>...
        )
    )
  File "C:\Users\mahmo\AppData\Roaming\Python\Python313\site-packages\django\template\base.py", line 507, in parse
    self.invalid_block_tag(token, command, parse_until)
    ~~~~~~~~~~~~~~~~~~~~~~^^^^^^^^^^^^^^^^^^^^^^^^^^^^^
  File "C:\Users\mahmo\AppData\Roaming\Python\Python313\site-packages\django\template\base.py", line 558, in invalid_block_tag
    raise self.error(
    ...<8 lines>...
    )
django.template.exceptions.TemplateSyntaxError: Invalid block tag on line 128: 'else', expected 'empty' or 'endfor'. Did you forget to register or load this tag?
ERROR 2025-11-28 21:59:25,883 basehttp 15396 11792 "GET /coming_order/48 HTTP/1.1" 500 272862
ERROR 2025-11-28 22:00:10,802 log 15396 11792 Internal Server Error: /coming_order/48
Traceback (most recent call last):
  File "C:\Users\mahmo\AppData\Roaming\Python\Python313\site-packages\django\template\base.py", line 505, in parse
    compile_func = self.tags[command]
                   ~~~~~~~~~^^^^^^^^^
KeyError: 'else'

During handling of the above exception, another exception occurred:

Traceback (most recent call last):
  File "C:\Users\mahmo\AppData\Roaming\Python\Python313\site-packages\django\core\handlers\exception.py", line 55, in inner
    response = get_response(request)
  File "C:\Users\mahmo\AppData\Roaming\Python\Python313\site-packages\django\core\handlers\base.py", line 197, in _get_response
    response = wrapped_callback(request, *callback_args, **callback_kwargs)
  File "C:\Users\mahmo\AppData\Roaming\Python\Python313\site-packages\django\contrib\auth\decorators.py", line 23, in _wrapper_view
    return view_func(request, *args, **kwargs)
  File "C:\D\Cooding\GENERAL\Al-Asel\main\views_cbv.py", line 993, in coming_order_info
    return render(request, "main/coming_order_info.html", {
        "order": order,
        "order_items": order_items,
    })
  File "C:\Users\mahmo\AppData\Roaming\Python\Python313\site-packages\django\shortcuts.py", line 24, in render
    content = loader.render_to_string(template_name, context, request, using=using)
  File "C:\Users\mahmo\AppData\Roaming\Python\Python313\site-packages\django\template\loader.py", line 61, in render_to_string
    template = get_template(template_name, using=using)
  File "C:\Users\mahmo\AppData\Roaming\Python\Python313\site-packages\django\template\loader.py", line 15, in get_template
    return engine.get_template(template_name)
           ~~~~~~~~~~~~~~~~~~~^^^^^^^^^^^^^^^
  File "C:\Users\mahmo\AppData\Roaming\Python\Python313\site-packages\django\template\backends\django.py", line 33, in get_template
    return Template(self.engine.get_template(template_name), self)
                    ~~~~~~~~~~~~~~~~~~~~~~~~^^^^^^^^^^^^^^^
  File "C:\Users\mahmo\AppData\Roaming\Python\Python313\site-packages\django\template\engine.py", line 175, in get_template
    template, origin = self.find_template(template_name)
                       ~~~~~~~~~~~~~~~~~~^^^^^^^^^^^^^^^
  File "C:\Users\mahmo\AppData\Roaming\Python\Python313\site-packages\django\template\engine.py", line 157, in find_template
    template = loader.get_template(name, skip=skip)
  File "C:\Users\mahmo\AppData\Roaming\Python\Python313\site-packages\django\template\loaders\cached.py", line 57, in get_template
    template = super().get_template(template_name, skip)
  File "C:\Users\mahmo\AppData\Roaming\Python\Python313\site-packages\django\template\loaders\base.py", line 28, in get_template
    return Template(
        contents,
    ...<2 lines>...
        self.engine,
    )
  File "C:\Users\mahmo\AppData\Roaming\Python\Python313\site-packages\django\template\base.py", line 154, in __init__
    self.nodelist = self.compile_nodelist()
                    ~~~~~~~~~~~~~~~~~~~~~^^
  File "C:\Users\mahmo\AppData\Roaming\Python\Python313\site-packages\django\template\base.py", line 200, in compile_nodelist
    return parser.parse()
           ~~~~~~~~~~~~^^
  File "C:\Users\mahmo\AppData\Roaming\Python\Python313\site-packages\django\template\base.py", line 513, in parse
    raise self.error(token, e)
  File "C:\Users\mahmo\AppData\Roaming\Python\Python313\site-packages\django\template\base.py", line 511, in parse
    compiled_result = compile_func(self, token)
  File "C:\Users\mahmo\AppData\Roaming\Python\Python313\site-packages\django\template\loader_tags.py", line 293, in do_extends
    nodelist = parser.parse()
  File "C:\Users\mahmo\AppData\Roaming\Python\Python313\site-packages\django\template\base.py", line 513, in parse
    raise self.error(token, e)
  File "C:\Users\mahmo\AppData\Roaming\Python\Python313\site-packages\django\template\base.py", line 511, in parse
    compiled_result = compile_func(self, token)
  File "C:\Users\mahmo\AppData\Roaming\Python\Python313\site-packages\django\template\loader_tags.py", line 232, in do_block
    nodelist = parser.parse(("endblock",))
  File "C:\Users\mahmo\AppData\Roaming\Python\Python313\site-packages\django\template\base.py", line 513, in parse
    raise self.error(token, e)
  File "C:\Users\mahmo\AppData\Roaming\Python\Python313\site-packages\django\template\base.py", line 511, in parse
    compiled_result = compile_func(self, token)
  File "C:\Users\mahmo\AppData\Roaming\Python\Python313\site-packages\django\template\defaulttags.py", line 953, in do_if
    nodelist = parser.parse(("elif", "else", "endif"))
  File "C:\Users\mahmo\AppData\Roaming\Python\Python313\site-packages\django\template\base.py", line 513, in parse
    raise self.error(token, e)
  File "C:\Users\mahmo\AppData\Roaming\Python\Python313\site-packages\django\template\base.py", line 511, in parse
    compiled_result = compile_func(self, token)
  File "C:\Users\mahmo\AppData\Roaming\Python\Python313\site-packages\django\template\defaulttags.py", line 853, in do_for
    nodelist_loop = parser.parse(
        (
    ...<2 lines>...
        )
    )
  File "C:\Users\mahmo\AppData\Roaming\Python\Python313\site-packages\django\template\base.py", line 507, in parse
    self.invalid_block_tag(token, command, parse_until)
    ~~~~~~~~~~~~~~~~~~~~~~^^^^^^^^^^^^^^^^^^^^^^^^^^^^^
  File "C:\Users\mahmo\AppData\Roaming\Python\Python313\site-packages\django\template\base.py", line 558, in invalid_block_tag
    raise self.error(
    ...<8 lines>...
    )
django.template.exceptions.TemplateSyntaxError: Invalid block tag on line 128: 'else', expected 'empty' or 'endfor'. Did you forget to register or load this tag?
ERROR 2025-11-28 22:00:10,808 basehttp 15396 11792 "GET /coming_order/48 HTTP/1.1" 500 272862
ERROR 2025-11-28 22:00:11,273 log 15396 11792 Internal Server Error: /coming_order/48
Traceback (most recent call last):
  File "C:\Users\mahmo\AppData\Roaming\Python\Python313\site-packages\django\template\base.py", line 505, in parse
    compile_func = self.tags[command]
                   ~~~~~~~~~^^^^^^^^^
KeyError: 'else'

During handling of the above exception, another exception occurred:

Traceback (most recent call last):
  File "C:\Users\mahmo\AppData\Roaming\Python\Python313\site-packages\django\core\handlers\exception.py", line 55, in inner
    response = get_response(request)
  File "C:\Users\mahmo\AppData\Roaming\Python\Python313\site-packages\django\core\handlers\base.py", line 197, in _get_response
    response = wrapped_callback(request, *callback_args, **callback_kwargs)
  File "C:\Users\mahmo\AppData\Roaming\Python\Python313\site-packages\django\contrib\auth\decorators.py", line 23, in _wrapper_view
    return view_func(request, *args, **kwargs)
  File "C:\D\Cooding\GENERAL\Al-Asel\main\views_cbv.py", line 993, in coming_order_info
    return render(request, "main/coming_order_info.html", {
        "order": order,
        "order_items": order_items,
    })
  File "C:\Users\mahmo\AppData\Roaming\Python\Python313\site-packages\django\shortcuts.py", line 24, in render
    content = loader.render_to_string(template_name, context, request, using=using)
  File "C:\Users\mahmo\AppData\Roaming\Python\Python313\site-packages\django\template\loader.py", line 61, in render_to_string
    template = get_template(template_name, using=using)
  File "C:\Users\mahmo\AppData\Roaming\Python\Python313\site-packages\django\template\loader.py", line 15, in get_template
    return engine.get_template(template_name)
           ~~~~~~~~~~~~~~~~~~~^^^^^^^^^^^^^^^
  File "C:\Users\mahmo\AppData\Roaming\Python\Python313\site-packages\django\template\backends\django.py", line 33, in get_template
    return Template(self.engine.get_template(template_name), self)
                    ~~~~~~~~~~~~~~~~~~~~~~~~^^^^^^^^^^^^^^^
  File "C:\Users\mahmo\AppData\Roaming\Python\Python313\site-packages\django\template\engine.py", line 175, in get_template
    template, origin = self.find_template(template_name)
                       ~~~~~~~~~~~~~~~~~~^^^^^^^^^^^^^^^
  File "C:\Users\mahmo\AppData\Roaming\Python\Python313\site-packages\django\template\engine.py", line 157, in find_template
    template = loader.get_template(name, skip=skip)
  File "C:\Users\mahmo\AppData\Roaming\Python\Python313\site-packages\django\template\loaders\cached.py", line 57, in get_template
    template = super().get_template(template_name, skip)
  File "C:\Users\mahmo\AppData\Roaming\Python\Python313\site-packages\django\template\loaders\base.py", line 28, in get_template
    return Template(
        contents,
    ...<2 lines>...
        self.engine,
    )
  File "C:\Users\mahmo\AppData\Roaming\Python\Python313\site-packages\django\template\base.py", line 154, in __init__
    self.nodelist = self.compile_nodelist()
                    ~~~~~~~~~~~~~~~~~~~~~^^
  File "C:\Users\mahmo\AppData\Roaming\Python\Python313\site-packages\django\template\base.py", line 200, in compile_nodelist
    return parser.parse()
           ~~~~~~~~~~~~^^
  File "C:\Users\mahmo\AppData\Roaming\Python\Python313\site-packages\django\template\base.py", line 513, in parse
    raise self.error(token, e)
  File "C:\Users\mahmo\AppData\Roaming\Python\Python313\site-packages\django\template\base.py", line 511, in parse
    compiled_result = compile_func(self, token)
  File "C:\Users\mahmo\AppData\Roaming\Python\Python313\site-packages\django\template\loader_tags.py", line 293, in do_extends
    nodelist = parser.parse()
  File "C:\Users\mahmo\AppData\Roaming\Python\Python313\site-packages\django\template\base.py", line 513, in parse
    raise self.error(token, e)
  File "C:\Users\mahmo\AppData\Roaming\Python\Python313\site-packages\django\template\base.py", line 511, in parse
    compiled_result = compile_func(self, token)
  File "C:\Users\mahmo\AppData\Roaming\Python\Python313\site-packages\django\template\loader_tags.py", line 232, in do_block
    nodelist = parser.parse(("endblock",))
  File "C:\Users\mahmo\AppData\Roaming\Python\Python313\site-packages\django\template\base.py", line 513, in parse
    raise self.error(token, e)
  File "C:\Users\mahmo\AppData\Roaming\Python\Python313\site-packages\django\template\base.py", line 511, in parse
    compiled_result = compile_func(self, token)
  File "C:\Users\mahmo\AppData\Roaming\Python\Python313\site-packages\django\template\defaulttags.py", line 953, in do_if
    nodelist = parser.parse(("elif", "else", "endif"))
  File "C:\Users\mahmo\AppData\Roaming\Python\Python313\site-packages\django\template\base.py", line 513, in parse
    raise self.error(token, e)
  File "C:\Users\mahmo\AppData\Roaming\Python\Python313\site-packages\django\template\base.py", line 511, in parse
    compiled_result = compile_func(self, token)
  File "C:\Users\mahmo\AppData\Roaming\Python\Python313\site-packages\django\template\defaulttags.py", line 853, in do_for
    nodelist_loop = parser.parse(
        (
    ...<2 lines>...
        )
    )
  File "C:\Users\mahmo\AppData\Roaming\Python\Python313\site-packages\django\template\base.py", line 507, in parse
    self.invalid_block_tag(token, command, parse_until)
    ~~~~~~~~~~~~~~~~~~~~~~^^^^^^^^^^^^^^^^^^^^^^^^^^^^^
  File "C:\Users\mahmo\AppData\Roaming\Python\Python313\site-packages\django\template\base.py", line 558, in invalid_block_tag
    raise self.error(
    ...<8 lines>...
    )
django.template.exceptions.TemplateSyntaxError: Invalid block tag on line 128: 'else', expected 'empty' or 'endfor'. Did you forget to register or load this tag?
ERROR 2025-11-28 22:00:11,278 basehttp 15396 11792 "GET /coming_order/48 HTTP/1.1" 500 272862
ERROR 2025-11-28 22:00:35,822 log 15396 11792 Internal Server Error: /coming_order/48
Traceback (most recent call last):
  File "C:\Users\mahmo\AppData\Roaming\Python\Python313\site-packages\django\template\base.py", line 505, in parse
    compile_func = self.tags[command]
                   ~~~~~~~~~^^^^^^^^^
KeyError: 'endif'

During handling of the above exception, another exception occurred:

Traceback (most recent call last):
  File "C:\Users\mahmo\AppData\Roaming\Python\Python313\site-packages\django\core\handlers\exception.py", line 55, in inner
    response = get_response(request)
  File "C:\Users\mahmo\AppData\Roaming\Python\Python313\site-packages\django\core\handlers\base.py", line 197, in _get_response
    response = wrapped_callback(request, *callback_args, **callback_kwargs)
  File "C:\Users\mahmo\AppData\Roaming\Python\Python313\site-packages\django\contrib\auth\decorators.py", line 23, in _wrapper_view
    return view_func(request, *args, **kwargs)
  File "C:\D\Cooding\GENERAL\Al-Asel\main\views_cbv.py", line 993, in coming_order_info
    return render(request, "main/coming_order_info.html", {
        "order": order,
        "order_items": order_items,
    })
  File "C:\Users\mahmo\AppData\Roaming\Python\Python313\site-packages\django\shortcuts.py", line 24, in render
    content = loader.render_to_string(template_name, context, request, using=using)
  File "C:\Users\mahmo\AppData\Roaming\Python\Python313\site-packages\django\template\loader.py", line 61, in render_to_string
    template = get_template(template_name, using=using)
  File "C:\Users\mahmo\AppData\Roaming\Python\Python313\site-packages\django\template\loader.py", line 15, in get_template
    return engine.get_template(template_name)
           ~~~~~~~~~~~~~~~~~~~^^^^^^^^^^^^^^^
  File "C:\Users\mahmo\AppData\Roaming\Python\Python313\site-packages\django\template\backends\django.py", line 33, in get_template
    return Template(self.engine.get_template(template_name), self)
                    ~~~~~~~~~~~~~~~~~~~~~~~~^^^^^^^^^^^^^^^
  File "C:\Users\mahmo\AppData\Roaming\Python\Python313\site-packages\django\template\engine.py", line 175, in get_template
    template, origin = self.find_template(template_name)
                       ~~~~~~~~~~~~~~~~~~^^^^^^^^^^^^^^^
  File "C:\Users\mahmo\AppData\Roaming\Python\Python313\site-packages\django\template\engine.py", line 157, in find_template
    template = loader.get_template(name, skip=skip)
  File "C:\Users\mahmo\AppData\Roaming\Python\Python313\site-packages\django\template\loaders\cached.py", line 57, in get_template
    template = super().get_template(template_name, skip)
  File "C:\Users\mahmo\AppData\Roaming\Python\Python313\site-packages\django\template\loaders\base.py", line 28, in get_template
    return Template(
        contents,
    ...<2 lines>...
        self.engine,
    )
  File "C:\Users\mahmo\AppData\Roaming\Python\Python313\site-packages\django\template\base.py", line 154, in __init__
    self.nodelist = self.compile_nodelist()
                    ~~~~~~~~~~~~~~~~~~~~~^^
  File "C:\Users\mahmo\AppData\Roaming\Python\Python313\site-packages\django\template\base.py", line 200, in compile_nodelist
    return parser.parse()
           ~~~~~~~~~~~~^^
  File "C:\Users\mahmo\AppData\Roaming\Python\Python313\site-packages\django\template\base.py", line 513, in parse
    raise self.error(token, e)
  File "C:\Users\mahmo\AppData\Roaming\Python\Python313\site-packages\django\template\base.py", line 511, in parse
    compiled_result = compile_func(self, token)
  File "C:\Users\mahmo\AppData\Roaming\Python\Python313\site-packages\django\template\loader_tags.py", line 293, in do_extends
    nodelist = parser.parse()
  File "C:\Users\mahmo\AppData\Roaming\Python\Python313\site-packages\django\template\base.py", line 513, in parse
    raise self.error(token, e)
  File "C:\Users\mahmo\AppData\Roaming\Python\Python313\site-packages\django\template\base.py", line 511, in parse
    compiled_result = compile_func(self, token)
  File "C:\Users\mahmo\AppData\Roaming\Python\Python313\site-packages\django\template\loader_tags.py", line 232, in do_block
    nodelist = parser.parse(("endblock",))
  File "C:\Users\mahmo\AppData\Roaming\Python\Python313\site-packages\django\template\base.py", line 513, in parse
    raise self.error(token, e)
  File "C:\Users\mahmo\AppData\Roaming\Python\Python313\site-packages\django\template\base.py", line 511, in parse
    compiled_result = compile_func(self, token)
  File "C:\Users\mahmo\AppData\Roaming\Python\Python313\site-packages\django\template\defaulttags.py", line 953, in do_if
    nodelist = parser.parse(("elif", "else", "endif"))
  File "C:\Users\mahmo\AppData\Roaming\Python\Python313\site-packages\django\template\base.py", line 513, in parse
    raise self.error(token, e)
  File "C:\Users\mahmo\AppData\Roaming\Python\Python313\site-packages\django\template\base.py", line 511, in parse
    compiled_result = compile_func(self, token)
  File "C:\Users\mahmo\AppData\Roaming\Python\Python313\site-packages\django\template\defaulttags.py", line 853, in do_for
    nodelist_loop = parser.parse(
        (
    ...<2 lines>...
        )
    )
  File "C:\Users\mahmo\AppData\Roaming\Python\Python313\site-packages\django\template\base.py", line 507, in parse
    self.invalid_block_tag(token, command, parse_until)
    ~~~~~~~~~~~~~~~~~~~~~~^^^^^^^^^^^^^^^^^^^^^^^^^^^^^
  File "C:\Users\mahmo\AppData\Roaming\Python\Python313\site-packages\django\template\base.py", line 558, in invalid_block_tag
    raise self.error(
    ...<8 lines>...
    )
django.template.exceptions.TemplateSyntaxError: Invalid block tag on line 134: 'endif', expected 'empty' or 'endfor'. Did you forget to register or load this tag?
ERROR 2025-11-28 22:00:35,827 basehttp 15396 11792 "GET /coming_order/48 HTTP/1.1" 500 258266
ERROR 2025-11-28 22:00:36,376 log 15396 11792 Internal Server Error: /coming_order/48
Traceback (most recent call last):
  File "C:\Users\mahmo\AppData\Roaming\Python\Python313\site-packages\django\template\base.py", line 505, in parse
    compile_func = self.tags[command]
                   ~~~~~~~~~^^^^^^^^^
KeyError: 'endif'

During handling of the above exception, another exception occurred:

Traceback (most recent call last):
  File "C:\Users\mahmo\AppData\Roaming\Python\Python313\site-packages\django\core\handlers\exception.py", line 55, in inner
    response = get_response(request)
  File "C:\Users\mahmo\AppData\Roaming\Python\Python313\site-packages\django\core\handlers\base.py", line 197, in _get_response
    response = wrapped_callback(request, *callback_args, **callback_kwargs)
  File "C:\Users\mahmo\AppData\Roaming\Python\Python313\site-packages\django\contrib\auth\decorators.py", line 23, in _wrapper_view
    return view_func(request, *args, **kwargs)
  File "C:\D\Cooding\GENERAL\Al-Asel\main\views_cbv.py", line 993, in coming_order_info
    return render(request, "main/coming_order_info.html", {
        "order": order,
        "order_items": order_items,
    })
  File "C:\Users\mahmo\AppData\Roaming\Python\Python313\site-packages\django\shortcuts.py", line 24, in render
    content = loader.render_to_string(template_name, context, request, using=using)
  File "C:\Users\mahmo\AppData\Roaming\Python\Python313\site-packages\django\template\loader.py", line 61, in render_to_string
    template = get_template(template_name, using=using)
  File "C:\Users\mahmo\AppData\Roaming\Python\Python313\site-packages\django\template\loader.py", line 15, in get_template
    return engine.get_template(template_name)
           ~~~~~~~~~~~~~~~~~~~^^^^^^^^^^^^^^^
  File "C:\Users\mahmo\AppData\Roaming\Python\Python313\site-packages\django\template\backends\django.py", line 33, in get_template
    return Template(self.engine.get_template(template_name), self)
                    ~~~~~~~~~~~~~~~~~~~~~~~~^^^^^^^^^^^^^^^
  File "C:\Users\mahmo\AppData\Roaming\Python\Python313\site-packages\django\template\engine.py", line 175, in get_template
    template, origin = self.find_template(template_name)
                       ~~~~~~~~~~~~~~~~~~^^^^^^^^^^^^^^^
  File "C:\Users\mahmo\AppData\Roaming\Python\Python313\site-packages\django\template\engine.py", line 157, in find_template
    template = loader.get_template(name, skip=skip)
  File "C:\Users\mahmo\AppData\Roaming\Python\Python313\site-packages\django\template\loaders\cached.py", line 57, in get_template
    template = super().get_template(template_name, skip)
  File "C:\Users\mahmo\AppData\Roaming\Python\Python313\site-packages\django\template\loaders\base.py", line 28, in get_template
    return Template(
        contents,
    ...<2 lines>...
        self.engine,
    )
  File "C:\Users\mahmo\AppData\Roaming\Python\Python313\site-packages\django\template\base.py", line 154, in __init__
    self.nodelist = self.compile_nodelist()
                    ~~~~~~~~~~~~~~~~~~~~~^^
  File "C:\Users\mahmo\AppData\Roaming\Python\Python313\site-packages\django\template\base.py", line 200, in compile_nodelist
    return parser.parse()
           ~~~~~~~~~~~~^^
  File "C:\Users\mahmo\AppData\Roaming\Python\Python313\site-packages\django\template\base.py", line 513, in parse
    raise self.error(token, e)
  File "C:\Users\mahmo\AppData\Roaming\Python\Python313\site-packages\django\template\base.py", line 511, in parse
    compiled_result = compile_func(self, token)
  File "C:\Users\mahmo\AppData\Roaming\Python\Python313\site-packages\django\template\loader_tags.py", line 293, in do_extends
    nodelist = parser.parse()
  File "C:\Users\mahmo\AppData\Roaming\Python\Python313\site-packages\django\template\base.py", line 513, in parse
    raise self.error(token, e)
  File "C:\Users\mahmo\AppData\Roaming\Python\Python313\site-packages\django\template\base.py", line 511, in parse
    compiled_result = compile_func(self, token)
  File "C:\Users\mahmo\AppData\Roaming\Python\Python313\site-packages\django\template\loader_tags.py", line 232, in do_block
    nodelist = parser.parse(("endblock",))
  File "C:\Users\mahmo\AppData\Roaming\Python\Python313\site-packages\django\template\base.py", line 513, in parse
    raise self.error(token, e)
  File "C:\Users\mahmo\AppData\Roaming\Python\Python313\site-packages\django\template\base.py", line 511, in parse
    compiled_result = compile_func(self, token)
  File "C:\Users\mahmo\AppData\Roaming\Python\Python313\site-packages\django\template\defaulttags.py", line 953, in do_if
    nodelist = parser.parse(("elif", "else", "endif"))
  File "C:\Users\mahmo\AppData\Roaming\Python\Python313\site-packages\django\template\base.py", line 513, in parse
    raise self.error(token, e)
  File "C:\Users\mahmo\AppData\Roaming\Python\Python313\site-packages\django\template\base.py", line 511, in parse
    compiled_result = compile_func(self, token)
  File "C:\Users\mahmo\AppData\Roaming\Python\Python313\site-packages\django\template\defaulttags.py", line 853, in do_for
    nodelist_loop = parser.parse(
        (
    ...<2 lines>...
        )
    )
  File "C:\Users\mahmo\AppData\Roaming\Python\Python313\site-packages\django\template\base.py", line 507, in parse
    self.invalid_block_tag(token, command, parse_until)
    ~~~~~~~~~~~~~~~~~~~~~~^^^^^^^^^^^^^^^^^^^^^^^^^^^^^
  File "C:\Users\mahmo\AppData\Roaming\Python\Python313\site-packages\django\template\base.py", line 558, in invalid_block_tag
    raise self.error(
    ...<8 lines>...
    )
django.template.exceptions.TemplateSyntaxError: Invalid block tag on line 134: 'endif', expected 'empty' or 'endfor'. Did you forget to register or load this tag?
ERROR 2025-11-28 22:00:36,380 basehttp 15396 11792 "GET /coming_order/48 HTTP/1.1" 500 258266
INFO 2025-11-28 22:01:56,086 basehttp 15396 11792 "GET /coming_order/48 HTTP/1.1" 200 35393
INFO 2025-11-28 22:01:56,327 basehttp 15396 11792 "GET /coming_order/48 HTTP/1.1" 200 35393
ERROR 2025-11-28 22:02:18,934 log 15396 11792 Internal Server Error: /coming_order/48
Traceback (most recent call last):
  File "C:\Users\mahmo\AppData\Roaming\Python\Python313\site-packages\django\template\base.py", line 505, in parse
    compile_func = self.tags[command]
                   ~~~~~~~~~^^^^^^^^^
KeyError: 'else'

During handling of the above exception, another exception occurred:

Traceback (most recent call last):
  File "C:\Users\mahmo\AppData\Roaming\Python\Python313\site-packages\django\core\handlers\exception.py", line 55, in inner
    response = get_response(request)
  File "C:\Users\mahmo\AppData\Roaming\Python\Python313\site-packages\django\core\handlers\base.py", line 197, in _get_response
    response = wrapped_callback(request, *callback_args, **callback_kwargs)
  File "C:\Users\mahmo\AppData\Roaming\Python\Python313\site-packages\django\contrib\auth\decorators.py", line 23, in _wrapper_view
    return view_func(request, *args, **kwargs)
  File "C:\D\Cooding\GENERAL\Al-Asel\main\views_cbv.py", line 993, in coming_order_info
    return render(request, "main/coming_order_info.html", {
        "order": order,
        "order_items": order_items,
    })
  File "C:\Users\mahmo\AppData\Roaming\Python\Python313\site-packages\django\shortcuts.py", line 24, in render
    content = loader.render_to_string(template_name, context, request, using=using)
  File "C:\Users\mahmo\AppData\Roaming\Python\Python313\site-packages\django\template\loader.py", line 61, in render_to_string
    template = get_template(template_name, using=using)
  File "C:\Users\mahmo\AppData\Roaming\Python\Python313\site-packages\django\template\loader.py", line 15, in get_template
    return engine.get_template(template_name)
           ~~~~~~~~~~~~~~~~~~~^^^^^^^^^^^^^^^
  File "C:\Users\mahmo\AppData\Roaming\Python\Python313\site-packages\django\template\backends\django.py", line 33, in get_template
    return Template(self.engine.get_template(template_name), self)
                    ~~~~~~~~~~~~~~~~~~~~~~~~^^^^^^^^^^^^^^^
  File "C:\Users\mahmo\AppData\Roaming\Python\Python313\site-packages\django\template\engine.py", line 175, in get_template
    template, origin = self.find_template(template_name)
                       ~~~~~~~~~~~~~~~~~~^^^^^^^^^^^^^^^
  File "C:\Users\mahmo\AppData\Roaming\Python\Python313\site-packages\django\template\engine.py", line 157, in find_template
    template = loader.get_template(name, skip=skip)
  File "C:\Users\mahmo\AppData\Roaming\Python\Python313\site-packages\django\template\loaders\cached.py", line 57, in get_template
    template = super().get_template(template_name, skip)
  File "C:\Users\mahmo\AppData\Roaming\Python\Python313\site-packages\django\template\loaders\base.py", line 28, in get_template
    return Template(
        contents,
    ...<2 lines>...
        self.engine,
    )
  File "C:\Users\mahmo\AppData\Roaming\Python\Python313\site-packages\django\template\base.py", line 154, in __init__
    self.nodelist = self.compile_nodelist()
                    ~~~~~~~~~~~~~~~~~~~~~^^
  File "C:\Users\mahmo\AppData\Roaming\Python\Python313\site-packages\django\template\base.py", line 200, in compile_nodelist
    return parser.parse()
           ~~~~~~~~~~~~^^
  File "C:\Users\mahmo\AppData\Roaming\Python\Python313\site-packages\django\template\base.py", line 513, in parse
    raise self.error(token, e)
  File "C:\Users\mahmo\AppData\Roaming\Python\Python313\site-packages\django\template\base.py", line 511, in parse
    compiled_result = compile_func(self, token)
  File "C:\Users\mahmo\AppData\Roaming\Python\Python313\site-packages\django\template\loader_tags.py", line 293, in do_extends
    nodelist = parser.parse()
  File "C:\Users\mahmo\AppData\Roaming\Python\Python313\site-packages\django\template\base.py", line 513, in parse
    raise self.error(token, e)
  File "C:\Users\mahmo\AppData\Roaming\Python\Python313\site-packages\django\template\base.py", line 511, in parse
    compiled_result = compile_func(self, token)
  File "C:\Users\mahmo\AppData\Roaming\Python\Python313\site-packages\django\template\loader_tags.py", line 232, in do_block
    nodelist = parser.parse(("endblock",))
  File "C:\Users\mahmo\AppData\Roaming\Python\Python313\site-packages\django\template\base.py", line 513, in parse
    raise self.error(token, e)
  File "C:\Users\mahmo\AppData\Roaming\Python\Python313\site-packages\django\template\base.py", line 511, in parse
    compiled_result = compile_func(self, token)
  File "C:\Users\mahmo\AppData\Roaming\Python\Python313\site-packages\django\template\defaulttags.py", line 953, in do_if
    nodelist = parser.parse(("elif", "else", "endif"))
  File "C:\Users\mahmo\AppData\Roaming\Python\Python313\site-packages\django\template\base.py", line 513, in parse
    raise self.error(token, e)
  File "C:\Users\mahmo\AppData\Roaming\Python\Python313\site-packages\django\template\base.py", line 511, in parse
    compiled_result = compile_func(self, token)
  File "C:\Users\mahmo\AppData\Roaming\Python\Python313\site-packages\django\template\defaulttags.py", line 853, in do_for
    nodelist_loop = parser.parse(
        (
    ...<2 lines>...
        )
    )
  File "C:\Users\mahmo\AppData\Roaming\Python\Python313\site-packages\django\template\base.py", line 507, in parse
    self.invalid_block_tag(token, command, parse_until)
    ~~~~~~~~~~~~~~~~~~~~~~^^^^^^^^^^^^^^^^^^^^^^^^^^^^^
  File "C:\Users\mahmo\AppData\Roaming\Python\Python313\site-packages\django\template\base.py", line 558, in invalid_block_tag
    raise self.error(
    ...<8 lines>...
    )
django.template.exceptions.TemplateSyntaxError: Invalid block tag on line 128: 'else', expected 'empty' or 'endfor'. Did you forget to register or load this tag?
ERROR 2025-11-28 22:02:18,941 basehttp 15396 11792 "GET /coming_order/48 HTTP/1.1" 500 272862
INFO 2025-11-28 22:02:24,852 basehttp 15396 11792 "GET /coming_order/48 HTTP/1.1" 200 42811
INFO 2025-11-28 22:02:53,526 basehttp 15396 11792 "GET /coming_order/48 HTTP/1.1" 200 42807
INFO 2025-11-28 22:03:03,125 basehttp 15396 11792 "GET /total_orders HTTP/1.1" 200 58278
INFO 2025-11-28 22:03:06,412 basehttp 15396 11792 "GET /users/ HTTP/1.1" 200 77143
INFO 2025-11-28 22:03:06,419 basehttp 15396 11792 "GET /static/main/users_search.js HTTP/1.1" 304 0
INFO 2025-11-28 22:03:08,484 basehttp 15396 11792 "GET /order_info/35 HTTP/1.1" 200 42906
INFO 2025-11-28 22:03:08,491 basehttp 15396 11792 "GET /static/main/order_table.js HTTP/1.1" 304 0
INFO 2025-11-28 22:03:11,264 basehttp 15396 11792 "GET /order_info/41 HTTP/1.1" 200 40212
INFO 2025-11-28 22:03:13,655 basehttp 15396 11792 "GET /order_info/38 HTTP/1.1" 200 38528
INFO 2025-11-28 22:03:16,199 basehttp 15396 11792 "GET /order_info/41 HTTP/1.1" 200 40212
INFO 2025-11-28 22:03:57,968 basehttp 15396 11792 "GET /order_info/41 HTTP/1.1" 200 40212
INFO 2025-11-28 22:04:01,106 basehttp 15396 11792 "GET /coming_order/48 HTTP/1.1" 200 42811
INFO 2025-11-28 22:04:20,780 basehttp 15396 11792 "GET /coming_order/48 HTTP/1.1" 200 42811
ERROR 2025-11-28 22:05:32,776 log 15396 13408 Internal Server Error: /done_coming_order/48
Traceback (most recent call last):
  File "C:\Users\mahmo\AppData\Roaming\Python\Python313\site-packages\django\core\handlers\exception.py", line 55, in inner
    response = get_response(request)
  File "C:\Users\mahmo\AppData\Roaming\Python\Python313\site-packages\django\core\handlers\base.py", line 204, in _get_response
    self.check_response(response, callback)
    ~~~~~~~~~~~~~~~~~~~^^^^^^^^^^^^^^^^^^^^
  File "C:\Users\mahmo\AppData\Roaming\Python\Python313\site-packages\django\core\handlers\base.py", line 332, in check_response
    raise ValueError(
    ...<2 lines>...
    )
ValueError: The view main.views_cbv.done_coming_order didn't return an HttpResponse object. It returned None instead.
ERROR 2025-11-28 22:05:32,778 basehttp 15396 13408 "GET /done_coming_order/48 HTTP/1.1" 500 74872
ERROR 2025-11-28 22:05:39,362 log 15396 13408 Internal Server Error: /done_coming_order/48
Traceback (most recent call last):
  File "C:\Users\mahmo\AppData\Roaming\Python\Python313\site-packages\django\core\handlers\exception.py", line 55, in inner
    response = get_response(request)
  File "C:\Users\mahmo\AppData\Roaming\Python\Python313\site-packages\django\core\handlers\base.py", line 204, in _get_response
    self.check_response(response, callback)
    ~~~~~~~~~~~~~~~~~~~^^^^^^^^^^^^^^^^^^^^
  File "C:\Users\mahmo\AppData\Roaming\Python\Python313\site-packages\django\core\handlers\base.py", line 332, in check_response
    raise ValueError(
    ...<2 lines>...
    )
ValueError: The view main.views_cbv.done_coming_order didn't return an HttpResponse object. It returned None instead.
ERROR 2025-11-28 22:05:39,364 basehttp 15396 13408 "GET /done_coming_order/48 HTTP/1.1" 500 74872
INFO 2025-11-28 22:05:41,231 basehttp 15396 13408 "GET /coming_order/48 HTTP/1.1" 200 42811
ERROR 2025-11-28 22:05:43,460 log 15396 13408 Internal Server Error: /coming_put_rest
Traceback (most recent call last):
  File "C:\Users\mahmo\AppData\Roaming\Python\Python313\site-packages\django\core\handlers\exception.py", line 55, in inner
    response = get_response(request)
  File "C:\Users\mahmo\AppData\Roaming\Python\Python313\site-packages\django\core\handlers\base.py", line 204, in _get_response
    self.check_response(response, callback)
    ~~~~~~~~~~~~~~~~~~~^^^^^^^^^^^^^^^^^^^^
  File "C:\Users\mahmo\AppData\Roaming\Python\Python313\site-packages\django\core\handlers\base.py", line 332, in check_response
    raise ValueError(
    ...<2 lines>...
    )
ValueError: The view main.views_cbv.coming_put_rest didn't return an HttpResponse object. It returned None instead.
ERROR 2025-11-28 22:05:43,461 basehttp 15396 13408 "GET /coming_put_rest?order_id=48 HTTP/1.1" 500 75135
INFO 2025-11-28 22:05:49,907 basehttp 15396 13408 "GET /users/ HTTP/1.1" 200 77143
INFO 2025-11-28 22:05:50,731 basehttp 15396 13408 "GET /order_info/41 HTTP/1.1" 200 40212
INFO 2025-11-28 22:05:54,710 basehttp 15396 13408 "GET /order_info/35 HTTP/1.1" 200 42906
INFO 2025-11-28 22:05:55,772 basehttp 15396 13408 "GET /put_rest?order_id=35 HTTP/1.1" 200 33991
INFO 2025-11-28 22:05:59,158 basehttp 15396 13408 "POST /put_rest?order_id=35 HTTP/1.1" 302 0
INFO 2025-11-28 22:05:59,183 basehttp 15396 13408 "GET /order_info/35 HTTP/1.1" 200 43128
INFO 2025-11-28 22:06:05,523 basehttp 15396 13408 "GET / HTTP/1.1" 200 134598
INFO 2025-11-28 22:06:05,533 basehttp 15396 13408 "GET /static/main/makee.js HTTP/1.1" 304 0
INFO 2025-11-28 22:06:06,503 basehttp 15396 13408 "GET /users/ HTTP/1.1" 200 77144
INFO 2025-11-28 22:06:08,928 basehttp 15396 13408 "GET /order_info/35 HTTP/1.1" 200 43128
INFO 2025-11-28 22:06:16,512 basehttp 15396 13408 "POST /edit_order/35 HTTP/1.1" 302 0
INFO 2025-11-28 22:06:16,536 basehttp 15396 13408 "GET /edit_order/35 HTTP/1.1" 200 43384
INFO 2025-11-28 22:06:21,022 basehttp 15396 22164 "POST /edit_order/35 HTTP/1.1" 302 0
INFO 2025-11-28 22:06:21,047 basehttp 15396 22164 "GET /edit_order/35 HTTP/1.1" 200 43384
ERROR 2025-11-28 22:06:30,228 log 15396 22164 Internal Server Error: /edit_order/35
Traceback (most recent call last):
  File "C:\Users\mahmo\AppData\Roaming\Python\Python313\site-packages\django\core\handlers\exception.py", line 55, in inner
    response = get_response(request)
  File "C:\Users\mahmo\AppData\Roaming\Python\Python313\site-packages\django\core\handlers\base.py", line 197, in _get_response
    response = wrapped_callback(request, *callback_args, **callback_kwargs)
  File "C:\Users\mahmo\AppData\Roaming\Python\Python313\site-packages\django\views\generic\base.py", line 104, in view
    return self.dispatch(request, *args, **kwargs)
           ~~~~~~~~~~~~~^^^^^^^^^^^^^^^^^^^^^^^^^^
  File "C:\Users\mahmo\AppData\Roaming\Python\Python313\site-packages\django\contrib\auth\mixins.py", line 73, in dispatch
    return super().dispatch(request, *args, **kwargs)
           ~~~~~~~~~~~~~~~~^^^^^^^^^^^^^^^^^^^^^^^^^^
  File "C:\Users\mahmo\AppData\Roaming\Python\Python313\site-packages\django\views\generic\base.py", line 143, in dispatch
    return handler(request, *args, **kwargs)
  File "C:\D\Cooding\GENERAL\Al-Asel\main\views_cbv.py", line 382, in post
    if int(request.POST["new_discount"]) != int(order.discount):
       ~~~^^^^^^^^^^^^^^^^^^^^^^^^^^^^^^
ValueError: invalid literal for int() with base 10: ''
ERROR 2025-11-28 22:06:30,233 basehttp 15396 22164 "POST /edit_order/35 HTTP/1.1" 500 90114
INFO 2025-11-28 22:06:34,405 basehttp 15396 22164 "POST /edit_order/35 HTTP/1.1" 302 0
INFO 2025-11-28 22:06:34,428 basehttp 15396 22164 "GET /edit_order/35 HTTP/1.1" 200 43384
INFO 2025-11-28 22:06:54,072 basehttp 15396 22164 "POST /edit_order/35 HTTP/1.1" 302 0
INFO 2025-11-28 22:06:54,098 basehttp 15396 22164 "GET /edit_order/35 HTTP/1.1" 200 43384
INFO 2025-11-28 22:10:07,105 autoreload 21008 23392 C:\D\Cooding\GENERAL\Al-Asel\main\models.py changed, reloading.
INFO 2025-11-28 22:10:07,116 autoreload 15040 7080 C:\D\Cooding\GENERAL\Al-Asel\main\models.py changed, reloading.
INFO 2025-11-28 22:10:07,165 autoreload 13916 8960 C:\D\Cooding\GENERAL\Al-Asel\main\models.py changed, reloading.
INFO 2025-11-28 22:10:07,170 autoreload 24068 19228 C:\D\Cooding\GENERAL\Al-Asel\main\models.py changed, reloading.
INFO 2025-11-28 22:10:07,168 autoreload 6580 7164 C:\D\Cooding\GENERAL\Al-Asel\main\models.py changed, reloading.
INFO 2025-11-28 22:10:07,302 autoreload 25840 23452 C:\D\Cooding\GENERAL\Al-Asel\main\models.py changed, reloading.
INFO 2025-11-28 22:10:07,723 autoreload 15396 13568 C:\D\Cooding\GENERAL\Al-Asel\main\models.py changed, reloading.
INFO 2025-11-28 22:10:07,736 autoreload 10556 12812 C:\D\Cooding\GENERAL\Al-Asel\main\models.py changed, reloading.
INFO 2025-11-28 22:10:07,931 autoreload 448 12296 C:\D\Cooding\GENERAL\Al-Asel\main\models.py changed, reloading.
INFO 2025-11-28 22:10:07,927 autoreload 11952 24528 C:\D\Cooding\GENERAL\Al-Asel\main\models.py changed, reloading.
INFO 2025-11-28 22:10:08,171 autoreload 18124 14968 Watching for file changes with StatReloader
INFO 2025-11-28 22:10:08,176 autoreload 26600 15904 Watching for file changes with StatReloader
INFO 2025-11-28 22:10:08,323 autoreload 23188 27492 Watching for file changes with StatReloader
INFO 2025-11-28 22:10:08,344 autoreload 24128 24520 Watching for file changes with StatReloader
INFO 2025-11-28 22:10:08,350 autoreload 8544 26412 Watching for file changes with StatReloader
INFO 2025-11-28 22:10:08,480 autoreload 19560 21520 Watching for file changes with StatReloader
INFO 2025-11-28 22:10:08,897 autoreload 7536 11276 Watching for file changes with StatReloader
INFO 2025-11-28 22:10:08,901 autoreload 2604 11772 Watching for file changes with StatReloader
INFO 2025-11-28 22:10:08,971 autoreload 14376 2140 Watching for file changes with StatReloader
INFO 2025-11-28 22:10:09,018 autoreload 20472 20684 Watching for file changes with StatReloader
INFO 2025-11-28 22:10:35,218 autoreload 24128 24520 C:\D\Cooding\GENERAL\Al-Asel\main\views_cbv.py changed, reloading.
INFO 2025-11-28 22:10:35,219 autoreload 23188 27492 C:\D\Cooding\GENERAL\Al-Asel\main\views_cbv.py changed, reloading.
INFO 2025-11-28 22:10:35,235 autoreload 19560 21520 C:\D\Cooding\GENERAL\Al-Asel\main\views_cbv.py changed, reloading.
INFO 2025-11-28 22:10:35,240 autoreload 8544 26412 C:\D\Cooding\GENERAL\Al-Asel\main\views_cbv.py changed, reloading.
INFO 2025-11-28 22:10:35,592 autoreload 2604 11772 C:\D\Cooding\GENERAL\Al-Asel\main\views_cbv.py changed, reloading.
INFO 2025-11-28 22:10:35,596 autoreload 7536 11276 C:\D\Cooding\GENERAL\Al-Asel\main\views_cbv.py changed, reloading.
INFO 2025-11-28 22:10:35,600 autoreload 14376 2140 C:\D\Cooding\GENERAL\Al-Asel\main\views_cbv.py changed, reloading.
INFO 2025-11-28 22:10:35,612 autoreload 20472 20684 C:\D\Cooding\GENERAL\Al-Asel\main\views_cbv.py changed, reloading.
INFO 2025-11-28 22:10:36,089 autoreload 18124 14968 C:\D\Cooding\GENERAL\Al-Asel\main\views_cbv.py changed, reloading.
INFO 2025-11-28 22:10:36,110 autoreload 26600 15904 C:\D\Cooding\GENERAL\Al-Asel\main\views_cbv.py changed, reloading.
INFO 2025-11-28 22:10:36,144 autoreload 3644 18276 Watching for file changes with StatReloader
INFO 2025-11-28 22:10:36,155 autoreload 27376 22836 Watching for file changes with StatReloader
INFO 2025-11-28 22:10:36,155 autoreload 1436 2220 Watching for file changes with StatReloader
INFO 2025-11-28 22:10:36,167 autoreload 4952 22104 Watching for file changes with StatReloader
INFO 2025-11-28 22:10:36,597 autoreload 16944 26496 Watching for file changes with StatReloader
INFO 2025-11-28 22:10:36,622 autoreload 21188 4328 Watching for file changes with StatReloader
INFO 2025-11-28 22:10:36,625 autoreload 8220 5208 Watching for file changes with StatReloader
INFO 2025-11-28 22:10:36,641 autoreload 17872 12016 Watching for file changes with StatReloader
INFO 2025-11-28 22:10:36,933 autoreload 15204 26456 Watching for file changes with StatReloader
INFO 2025-11-28 22:10:36,934 autoreload 20468 7164 Watching for file changes with StatReloader
INFO 2025-11-28 22:10:45,033 autoreload 16944 26496 C:\D\Cooding\GENERAL\Al-Asel\main\views_cbv.py changed, reloading.
INFO 2025-11-28 22:10:45,088 autoreload 8220 5208 C:\D\Cooding\GENERAL\Al-Asel\main\views_cbv.py changed, reloading.
INFO 2025-11-28 22:10:45,100 autoreload 17872 12016 C:\D\Cooding\GENERAL\Al-Asel\main\views_cbv.py changed, reloading.
INFO 2025-11-28 22:10:45,100 autoreload 21188 4328 C:\D\Cooding\GENERAL\Al-Asel\main\views_cbv.py changed, reloading.
INFO 2025-11-28 22:10:45,289 autoreload 15204 26456 C:\D\Cooding\GENERAL\Al-Asel\main\views_cbv.py changed, reloading.
INFO 2025-11-28 22:10:45,313 autoreload 20468 7164 C:\D\Cooding\GENERAL\Al-Asel\main\views_cbv.py changed, reloading.
INFO 2025-11-28 22:10:45,740 autoreload 3644 18276 C:\D\Cooding\GENERAL\Al-Asel\main\views_cbv.py changed, reloading.
INFO 2025-11-28 22:10:45,779 autoreload 27376 22836 C:\D\Cooding\GENERAL\Al-Asel\main\views_cbv.py changed, reloading.
INFO 2025-11-28 22:10:45,784 autoreload 4952 22104 C:\D\Cooding\GENERAL\Al-Asel\main\views_cbv.py changed, reloading.
INFO 2025-11-28 22:10:45,919 autoreload 14400 17392 Watching for file changes with StatReloader
INFO 2025-11-28 22:10:46,012 autoreload 18208 24224 Watching for file changes with StatReloader
INFO 2025-11-28 22:10:46,035 autoreload 12296 5016 Watching for file changes with StatReloader
INFO 2025-11-28 22:10:46,053 autoreload 2504 17132 Watching for file changes with StatReloader
INFO 2025-11-28 22:10:46,330 autoreload 6600 24132 Watching for file changes with StatReloader
INFO 2025-11-28 22:10:46,340 autoreload 18124 13964 Watching for file changes with StatReloader
INFO 2025-11-28 22:10:46,671 autoreload 26600 3396 Watching for file changes with StatReloader
INFO 2025-11-28 22:10:46,683 autoreload 19120 26360 Watching for file changes with StatReloader
INFO 2025-11-28 22:10:46,693 autoreload 15784 20276 Watching for file changes with StatReloader
INFO 2025-11-28 22:10:46,713 autoreload 25564 14712 Watching for file changes with StatReloader
INFO 2025-11-28 22:10:56,797 autoreload 6600 24132 C:\D\Cooding\GENERAL\Al-Asel\main\views_cbv.py changed, reloading.
INFO 2025-11-28 22:10:56,811 autoreload 18124 13964 C:\D\Cooding\GENERAL\Al-Asel\main\views_cbv.py changed, reloading.
INFO 2025-11-28 22:10:57,155 autoreload 26600 3396 C:\D\Cooding\GENERAL\Al-Asel\main\views_cbv.py changed, reloading.
INFO 2025-11-28 22:10:57,170 autoreload 19120 26360 C:\D\Cooding\GENERAL\Al-Asel\main\views_cbv.py changed, reloading.
INFO 2025-11-28 22:10:57,193 autoreload 25564 14712 C:\D\Cooding\GENERAL\Al-Asel\main\views_cbv.py changed, reloading.
INFO 2025-11-28 22:10:57,195 autoreload 15784 20276 C:\D\Cooding\GENERAL\Al-Asel\main\views_cbv.py changed, reloading.
INFO 2025-11-28 22:10:57,525 autoreload 14400 17392 C:\D\Cooding\GENERAL\Al-Asel\main\views_cbv.py changed, reloading.
INFO 2025-11-28 22:10:57,553 autoreload 12788 1864 Watching for file changes with StatReloader
INFO 2025-11-28 22:10:57,595 autoreload 18208 24224 C:\D\Cooding\GENERAL\Al-Asel\main\views_cbv.py changed, reloading.
INFO 2025-11-28 22:10:57,616 autoreload 12296 5016 C:\D\Cooding\GENERAL\Al-Asel\main\views_cbv.py changed, reloading.
INFO 2025-11-28 22:10:57,628 autoreload 6040 13484 Watching for file changes with StatReloader
INFO 2025-11-28 22:10:57,639 autoreload 2504 17132 C:\D\Cooding\GENERAL\Al-Asel\main\views_cbv.py changed, reloading.
INFO 2025-11-28 22:10:58,083 autoreload 5944 17136 Watching for file changes with StatReloader
INFO 2025-11-28 22:10:58,122 autoreload 26000 15076 Watching for file changes with StatReloader
INFO 2025-11-28 22:10:58,177 autoreload 15396 4912 Watching for file changes with StatReloader
INFO 2025-11-28 22:10:58,200 autoreload 20244 26668 Watching for file changes with StatReloader
INFO 2025-11-28 22:10:58,460 autoreload 18168 16320 Watching for file changes with StatReloader
INFO 2025-11-28 22:10:58,500 autoreload 26504 10436 Watching for file changes with StatReloader
INFO 2025-11-28 22:10:58,512 autoreload 23424 2748 Watching for file changes with StatReloader
INFO 2025-11-28 22:10:58,542 autoreload 14072 20204 Watching for file changes with StatReloader
INFO 2025-11-28 22:11:14,961 basehttp 12788 18480 "GET /edit_order/35 HTTP/1.1" 200 43419
INFO 2025-11-28 22:11:14,971 basehttp 12788 26496 "GET /static/main/logoamr.png HTTP/1.1" 304 0
INFO 2025-11-28 22:11:14,971 basehttp 12788 18480 "GET /static/main/mainnn.css HTTP/1.1" 304 0
INFO 2025-11-28 22:11:20,678 basehttp 12788 18480 "GET /edit_order/35 HTTP/1.1" 200 43419
INFO 2025-11-28 22:11:32,214 basehttp 12788 10244 "GET /order_info/35 HTTP/1.1" 200 43163
INFO 2025-11-28 22:11:34,050 basehttp 12788 10244 "GET /order_info/38 HTTP/1.1" 200 38563
INFO 2025-11-28 22:11:36,011 basehttp 12788 20340 "GET /put_rest?order_id=38 HTTP/1.1" 200 33988
INFO 2025-11-28 22:11:38,990 basehttp 12788 20340 "POST /put_rest?order_id=38 HTTP/1.1" 302 0
INFO 2025-11-28 22:11:39,012 basehttp 12788 20340 "GET /order_info/38 HTTP/1.1" 200 38785
ERROR 2025-11-28 22:12:29,419 basehttp 12788 20660 "GET /order_info/38 HTTP/1.1" 500 246788
ERROR 2025-11-28 22:12:34,333 basehttp 12788 4772 "GET /order_info/38 HTTP/1.1" 500 246788
ERROR 2025-11-28 22:13:39,381 basehttp 12788 26388 "GET /order_info/38 HTTP/1.1" 500 246788
ERROR 2025-11-28 22:13:39,890 basehttp 12788 26388 "GET /order_info/38 HTTP/1.1" 500 246788
ERROR 2025-11-28 22:14:25,513 basehttp 12788 26388 "GET /order_info/38 HTTP/1.1" 500 246788
ERROR 2025-11-28 22:14:25,798 basehttp 12788 26388 "GET /order_info/38 HTTP/1.1" 500 246788
INFO 2025-11-28 22:15:16,182 basehttp 12788 26388 "GET /order_info/38 HTTP/1.1" 200 39036
INFO 2025-11-28 22:15:20,380 basehttp 12788 26388 "GET /change_rest?order_id=38 HTTP/1.1" 200 34004
INFO 2025-11-28 22:15:22,405 basehttp 12788 26388 "POST /change_rest?order_id=38 HTTP/1.1" 302 0
INFO 2025-11-28 22:15:22,424 basehttp 12788 26388 "GET /order_info/38 HTTP/1.1" 200 40507
INFO 2025-11-28 22:15:26,869 basehttp 12788 4960 "GET /change_rest?order_id=38 HTTP/1.1" 200 34001
INFO 2025-11-28 22:15:29,355 basehttp 12788 4960 "POST /change_rest?order_id=38 HTTP/1.1" 302 0
INFO 2025-11-28 22:15:29,376 basehttp 12788 4960 "GET /order_info/38 HTTP/1.1" 200 40464
INFO 2025-11-28 22:15:33,449 basehttp 12788 4960 "GET /put_rest?order_id=38 HTTP/1.1" 200 33988
INFO 2025-11-28 22:15:36,227 basehttp 12788 20528 "POST /put_rest?order_id=38 HTTP/1.1" 302 0
INFO 2025-11-28 22:15:36,249 basehttp 12788 20528 "GET /order_info/38 HTTP/1.1" 200 40937
INFO 2025-11-28 22:15:40,286 basehttp 12788 20528 "GET /change_rest?order_id=38 HTTP/1.1" 200 34004
INFO 2025-11-28 22:15:52,651 basehttp 12788 20528 "GET /order_info/38 HTTP/1.1" 200 40937
INFO 2025-11-28 22:15:53,933 basehttp 12788 20528 "GET /change_rest?order_id=38 HTTP/1.1" 200 34004
INFO 2025-11-28 22:15:55,907 basehttp 12788 20528 "POST /change_rest?order_id=38 HTTP/1.1" 302 0
INFO 2025-11-28 22:15:55,930 basehttp 12788 20528 "GET /order_info/38 HTTP/1.1" 200 40894
INFO 2025-11-28 22:16:56,623 basehttp 12788 20528 "GET /users/ HTTP/1.1" 200 77144
INFO 2025-11-28 22:16:58,365 basehttp 12788 20528 "GET /order_info/35 HTTP/1.1" 200 43414
INFO 2025-11-28 22:17:00,356 basehttp 12788 20528 "GET /change_rest?order_id=35 HTTP/1.1" 200 34004
INFO 2025-11-28 22:17:02,935 basehttp 12788 20528 "POST /change_rest?order_id=35 HTTP/1.1" 302 0
INFO 2025-11-28 22:17:02,960 basehttp 12788 20528 "GET /order_info/35 HTTP/1.1" 200 44414
INFO 2025-11-28 22:17:10,638 basehttp 12788 20528 "GET /users/ HTTP/1.1" 200 77143
INFO 2025-11-28 22:17:12,418 basehttp 12788 20528 "GET /order_info/41 HTTP/1.1" 200 40498
INFO 2025-11-28 22:28:53,339 autoreload 7160 15300 Watching for file changes with StatReloader
ERROR 2025-11-28 22:28:54,715 log 6040 15568 Internal Server Error: /order_info/41
Traceback (most recent call last):
  File "C:\Users\mahmo\AppData\Roaming\Python\Python313\site-packages\django\db\models\fields\__init__.py", line 2053, in get_prep_value
    return int(value)
TypeError: int() argument must be a string, a bytes-like object or a real number, not 'HttpResponseRedirect'

The above exception was the direct cause of the following exception:

Traceback (most recent call last):
  File "C:\Users\mahmo\AppData\Roaming\Python\Python313\site-packages\django\core\handlers\exception.py", line 55, in inner
    response = get_response(request)
  File "C:\Users\mahmo\AppData\Roaming\Python\Python313\site-packages\django\core\handlers\base.py", line 197, in _get_response
    response = wrapped_callback(request, *callback_args, **callback_kwargs)
  File "C:\Users\mahmo\AppData\Roaming\Python\Python313\site-packages\django\views\generic\base.py", line 104, in view
    return self.dispatch(request, *args, **kwargs)
           ~~~~~~~~~~~~~^^^^^^^^^^^^^^^^^^^^^^^^^^
  File "C:\Users\mahmo\AppData\Roaming\Python\Python313\site-packages\django\contrib\auth\mixins.py", line 73, in dispatch
    return super().dispatch(request, *args, **kwargs)
           ~~~~~~~~~~~~~~~~^^^^^^^^^^^^^^^^^^^^^^^^^^
  File "C:\Users\mahmo\AppData\Roaming\Python\Python313\site-packages\django\views\generic\base.py", line 143, in dispatch
    return handler(request, *args, **kwargs)
  File "C:\Users\mahmo\AppData\Roaming\Python\Python313\site-packages\django\views\generic\detail.py", line 109, in get
    context = self.get_context_data(object=self.object)
  File "C:\D\Cooding\GENERAL\Al-Asel\main\views_cbv.py", line 220, in get_context_data
    context['order_items'] = OrderItem.objects.filter(order=order)
                             ~~~~~~~~~~~~~~~~~~~~~~~~^^^^^^^^^^^^^
  File "C:\Users\mahmo\AppData\Roaming\Python\Python313\site-packages\django\db\models\manager.py", line 87, in manager_method
    return getattr(self.get_queryset(), name)(*args, **kwargs)
           ~~~~~~~~~~~~~~~~~~~~~~~~~~~~~~~~~~^^^^^^^^^^^^^^^^^
  File "C:\Users\mahmo\AppData\Roaming\Python\Python313\site-packages\django\db\models\query.py", line 1436, in filter
    return self._filter_or_exclude(False, args, kwargs)
           ~~~~~~~~~~~~~~~~~~~~~~~^^^^^^^^^^^^^^^^^^^^^
  File "C:\Users\mahmo\AppData\Roaming\Python\Python313\site-packages\django\db\models\query.py", line 1454, in _filter_or_exclude
    clone._filter_or_exclude_inplace(negate, args, kwargs)
    ~~~~~~~~~~~~~~~~~~~~~~~~~~~~~~~~^^^^^^^^^^^^^^^^^^^^^^
  File "C:\Users\mahmo\AppData\Roaming\Python\Python313\site-packages\django\db\models\query.py", line 1461, in _filter_or_exclude_inplace
    self._query.add_q(Q(*args, **kwargs))
    ~~~~~~~~~~~~~~~~~^^^^^^^^^^^^^^^^^^^^
  File "C:\Users\mahmo\AppData\Roaming\Python\Python313\site-packages\django\db\models\sql\query.py", line 1546, in add_q
    clause, _ = self._add_q(q_object, self.used_aliases)
                ~~~~~~~~~~~^^^^^^^^^^^^^^^^^^^^^^^^^^^^^
  File "C:\Users\mahmo\AppData\Roaming\Python\Python313\site-packages\django\db\models\sql\query.py", line 1577, in _add_q
    child_clause, needed_inner = self.build_filter(
                                 ~~~~~~~~~~~~~~~~~^
        child,
        ^^^^^^
    ...<6 lines>...
        summarize=summarize,
        ^^^^^^^^^^^^^^^^^^^^
    )
    ^
  File "C:\Users\mahmo\AppData\Roaming\Python\Python313\site-packages\django\db\models\sql\query.py", line 1492, in build_filter
    condition = self.build_lookup(lookups, col, value)
  File "C:\Users\mahmo\AppData\Roaming\Python\Python313\site-packages\django\db\models\sql\query.py", line 1319, in build_lookup
    lookup = lookup_class(lhs, rhs)
  File "C:\Users\mahmo\AppData\Roaming\Python\Python313\site-packages\django\db\models\lookups.py", line 27, in __init__
    self.rhs = self.get_prep_lookup()
               ~~~~~~~~~~~~~~~~~~~~^^
  File "C:\Users\mahmo\AppData\Roaming\Python\Python313\site-packages\django\db\models\fields\related_lookups.py", line 166, in get_prep_lookup
    self.rhs = target_field.get_prep_value(self.rhs)
               ~~~~~~~~~~~~~~~~~~~~~~~~~~~^^^^^^^^^^
  File "C:\Users\mahmo\AppData\Roaming\Python\Python313\site-packages\django\db\models\fields\__init__.py", line 2055, in get_prep_value
    raise e.__class__(
        "Field '%s' expected a number but got %r." % (self.name, value),
    ) from e
TypeError: Field 'id' expected a number but got <HttpResponseRedirect status_code=302, "text/html; charset=utf-8", url="/order_error/41">.
ERROR 2025-11-28 22:28:54,728 basehttp 6040 15568 "GET /order_info/41 HTTP/1.1" 500 154808
INFO 2025-11-28 22:28:59,565 basehttp 6040 25816 "GET / HTTP/1.1" 200 36201
INFO 2025-11-28 22:28:59,574 basehttp 6040 25816 "GET /static/main/makee.js HTTP/1.1" 304 0
INFO 2025-11-28 22:29:03,067 basehttp 6040 25816 "GET / HTTP/1.1" 200 36201
INFO 2025-11-28 22:29:10,738 basehttp 6040 25816 "GET /?branch=13 HTTP/1.1" 200 36201
INFO 2025-11-28 22:29:13,971 basehttp 6040 25816 "GET /?branch=1 HTTP/1.1" 200 36201
INFO 2025-11-28 22:29:17,311 basehttp 6040 25816 "GET /?branch=13 HTTP/1.1" 200 36201
INFO 2025-11-28 22:29:22,116 basehttp 6040 25816 "GET /?branch=1 HTTP/1.1" 200 36201
INFO 2025-11-28 22:29:22,959 basehttp 6040 25816 "GET /users/ HTTP/1.1" 200 35277
INFO 2025-11-28 22:29:22,975 basehttp 6040 25816 "GET /static/main/users_search.js HTTP/1.1" 304 0
INFO 2025-11-28 22:29:24,388 basehttp 6040 25816 "GET /users/1 HTTP/1.1" 200 33030
INFO 2025-11-28 22:32:49,619 basehttp 6040 25816 "GET /users/ HTTP/1.1" 200 36014
INFO 2025-11-28 22:32:49,628 basehttp 6040 25816 "GET /static/main/mainnn.css HTTP/1.1" 304 0
INFO 2025-11-28 22:32:49,628 basehttp 6040 11368 "GET /static/main/logoamr.png HTTP/1.1" 304 0
INFO 2025-11-28 22:32:53,088 basehttp 6040 11368 "GET / HTTP/1.1" 200 36345
INFO 2025-11-28 22:32:54,701 basehttp 6040 11368 "GET /total_orders HTTP/1.1" 200 37724
INFO 2025-12-19 04:56:46,410 autoreload 6996 11468 Watching for file changes with StatReloader
INFO 2025-12-19 04:56:48,840 basehttp 6996 30312 "GET / HTTP/1.1" 302 0
INFO 2025-12-19 04:56:48,873 basehttp 6996 30312 "GET /login/?next=/ HTTP/1.1" 200 5164
INFO 2025-12-19 04:56:49,024 basehttp 6996 30312 "GET /static/main/logoamr.png HTTP/1.1" 200 38244
INFO 2025-12-19 05:03:25,260 autoreload 14188 22176 Watching for file changes with StatReloader
INFO 2025-12-19 05:03:27,247 basehttp 14188 14024 "GET / HTTP/1.1" 302 0
INFO 2025-12-19 05:03:27,289 basehttp 14188 14024 "GET /login/?next=/ HTTP/1.1" 200 5164
INFO 2025-12-19 05:03:27,375 basehttp 14188 14024 "GET /static/main/logoamr.png HTTP/1.1" 304 0
INFO 2025-12-19 05:03:29,162 basehttp 14188 14024 "POST /login/ HTTP/1.1" 200 5481
INFO 2025-12-19 05:03:33,338 basehttp 14188 20200 "POST /login/ HTTP/1.1" 302 0
INFO 2025-12-19 05:03:33,359 basehttp 14188 20200 "GET / HTTP/1.1" 200 36345
INFO 2025-12-19 05:03:33,488 basehttp 14188 31168 "GET /static/main/makee.js HTTP/1.1" 200 6734
INFO 2025-12-19 05:03:33,489 basehttp 14188 20200 "GET /static/main/mainnn.css HTTP/1.1" 200 10819
INFO 2025-12-19 05:03:37,826 basehttp 14188 20200 "GET /users/ HTTP/1.1" 200 36014
INFO 2025-12-19 05:03:37,838 basehttp 14188 20200 "GET /static/main/users_search.js HTTP/1.1" 200 2469
INFO 2025-12-19 05:03:39,997 basehttp 14188 20200 "GET /total_orders HTTP/1.1" 200 37724
INFO 2025-12-19 05:03:41,003 basehttp 14188 20200 "GET / HTTP/1.1" 200 36345
INFO 2025-12-19 05:03:44,131 basehttp 14188 17836 "GET /create_item HTTP/1.1" 200 37276
INFO 2025-12-19 05:03:52,115 basehttp 14188 17836 "GET / HTTP/1.1" 200 36345
INFO 2025-12-19 05:04:18,552 basehttp 14188 17836 "GET /manage/categories HTTP/1.1" 200 37470
INFO 2025-12-19 05:04:23,723 basehttp 14188 17836 "POST /manage/categories HTTP/1.1" 302 0
INFO 2025-12-19 05:04:23,745 basehttp 14188 17836 "GET /manage/categories HTTP/1.1" 200 39003
INFO 2025-12-19 05:04:30,698 basehttp 14188 26752 "GET /manage/items HTTP/1.1" 200 44723
INFO 2025-12-19 05:04:32,890 basehttp 14188 26752 "GET /manage/categories HTTP/1.1" 200 39003
INFO 2025-12-19 05:04:36,826 basehttp 14188 26752 "GET /manage/items HTTP/1.1" 200 44723
INFO 2025-12-19 05:04:55,308 basehttp 14188 31864 "POST /manage/items HTTP/1.1" 302 0
INFO 2025-12-19 05:04:55,332 basehttp 14188 31864 "GET /manage/items HTTP/1.1" 200 48002
INFO 2025-12-19 05:06:22,762 autoreload 25992 15112 Watching for file changes with StatReloader
INFO 2025-12-19 05:06:24,094 basehttp 25992 27452 "GET / HTTP/1.1" 302 0
INFO 2025-12-19 05:06:24,135 basehttp 25992 27452 "GET /login/?next=/ HTTP/1.1" 200 5164
INFO 2025-12-19 05:06:24,199 basehttp 25992 27452 "GET /static/main/logoamr.png HTTP/1.1" 304 0
INFO 2025-12-19 05:06:30,841 basehttp 25992 27452 "POST /login/ HTTP/1.1" 200 5481
INFO 2025-12-19 05:06:45,224 basehttp 25992 27452 "POST /login/ HTTP/1.1" 302 0
INFO 2025-12-19 05:06:45,255 basehttp 25992 27452 "GET / HTTP/1.1" 200 48921
INFO 2025-12-19 05:06:45,262 basehttp 25992 27452 "GET /static/main/mainnn.css HTTP/1.1" 304 0
INFO 2025-12-19 05:06:45,263 basehttp 25992 25484 "GET /static/main/makee.js HTTP/1.1" 304 0
INFO 2025-12-19 05:06:56,385 basehttp 25992 25484 "GET /users/ HTTP/1.1" 200 36760
INFO 2025-12-19 05:06:56,393 basehttp 25992 25484 "GET /static/main/users_search.js HTTP/1.1" 304 0
INFO 2025-12-19 05:07:01,424 basehttp 25992 25484 "GET /users/29 HTTP/1.1" 200 33062
INFO 2025-12-19 05:09:15,713 autoreload 25992 15112 C:\D\Cooding\GENERAL\Al-Asel\main\models.py changed, reloading.
INFO 2025-12-19 05:09:16,253 autoreload 15148 30580 Watching for file changes with StatReloader
INFO 2025-12-19 05:09:44,911 autoreload 15148 30580 C:\D\Cooding\GENERAL\Al-Asel\main\forms.py changed, reloading.
INFO 2025-12-19 05:09:45,405 autoreload 15688 32160 Watching for file changes with StatReloader
INFO 2025-12-19 05:09:46,618 autoreload 15688 32160 C:\D\Cooding\GENERAL\Al-Asel\main\forms.py changed, reloading.
INFO 2025-12-19 05:09:47,108 autoreload 2644 22320 Watching for file changes with StatReloader
INFO 2025-12-19 05:25:23,924 basehttp 2644 16280 "GET /users/ HTTP/1.1" 200 37524
INFO 2025-12-19 05:25:23,952 basehttp 2644 16280 "GET /static/main/mainnn.css HTTP/1.1" 304 0
INFO 2025-12-19 05:25:23,952 basehttp 2644 17240 "GET /static/main/users_search.js HTTP/1.1" 304 0
INFO 2025-12-19 05:25:23,952 basehttp 2644 5140 "GET /static/main/logoamr.png HTTP/1.1" 304 0
INFO 2025-12-19 05:25:29,681 basehttp 2644 5140 "GET /create_item HTTP/1.1" 200 37892
INFO 2025-12-19 05:25:35,582 basehttp 2644 31328 "GET /manage/items HTTP/1.1" 200 61082
INFO 2025-12-19 05:26:10,393 autoreload 18936 31840 Watching for file changes with StatReloader
INFO 2025-12-19 05:26:12,338 basehttp 18936 29752 "GET / HTTP/1.1" 200 44723
INFO 2025-12-19 05:26:12,457 basehttp 18936 29752 "GET /static/main/makee.js HTTP/1.1" 200 5352
INFO 2025-12-19 05:26:38,171 basehttp 18936 22564 "GET /manage/items HTTP/1.1" 200 61082
INFO 2025-12-19 05:27:08,394 basehttp 18936 22564 "GET /users/ HTTP/1.1" 200 37524
ERROR 2025-12-19 05:27:13,412 basehttp 18936 22564 "GET /order_info/1 HTTP/1.1" 500 248062
WARNING 2025-12-19 05:27:13,539 log 18936 22564 Not Found: /favicon.ico
WARNING 2025-12-19 05:27:13,540 basehttp 18936 22564 "GET /favicon.ico HTTP/1.1" 404 11008
INFO 2025-12-19 05:27:47,012 basehttp 18936 22564 "GET /users/ HTTP/1.1" 200 37524
INFO 2025-12-19 05:27:47,952 basehttp 18936 22564 "GET /total_orders HTTP/1.1" 200 42411
INFO 2025-12-19 05:27:52,403 basehttp 18936 22564 "GET / HTTP/1.1" 200 44723
INFO 2025-12-19 05:27:52,412 basehttp 18936 22564 "GET /static/main/makee.js HTTP/1.1" 304 0
INFO 2025-12-19 05:28:29,633 basehttp 18936 30968 "GET /users/ HTTP/1.1" 200 37524
INFO 2025-12-19 05:28:33,911 basehttp 18936 30968 "GET /manage/items HTTP/1.1" 200 61082
INFO 2025-12-19 05:28:41,865 basehttp 18936 25208 "GET /create_item HTTP/1.1" 200 37892
INFO 2025-12-19 05:28:57,436 basehttp 18936 28348 "GET / HTTP/1.1" 200 43543
INFO 2025-12-19 05:28:57,445 basehttp 18936 28348 "GET /static/main/makee.js HTTP/1.1" 304 0
INFO 2025-12-19 05:29:07,076 basehttp 18936 8664 "GET / HTTP/1.1" 200 43543
INFO 2025-12-19 05:29:08,502 basehttp 18936 8664 "GET /users/ HTTP/1.1" 200 37524
ERROR 2025-12-19 05:29:09,323 log 18936 30056 Internal Server Error: /
Traceback (most recent call last):
  File "C:\Users\mahmo\AppData\Roaming\Python\Python313\site-packages\django\template\base.py", line 505, in parse
    compile_func = self.tags[command]
                   ~~~~~~~~~^^^^^^^^^
KeyError: 'endblock'

During handling of the above exception, another exception occurred:

Traceback (most recent call last):
  File "C:\Users\mahmo\AppData\Roaming\Python\Python313\site-packages\django\core\handlers\exception.py", line 55, in inner
    response = get_response(request)
  File "C:\Users\mahmo\AppData\Roaming\Python\Python313\site-packages\django\core\handlers\base.py", line 220, in _get_response
    response = response.render()
  File "C:\Users\mahmo\AppData\Roaming\Python\Python313\site-packages\django\template\response.py", line 114, in render
    self.content = self.rendered_content
                   ^^^^^^^^^^^^^^^^^^^^^
  File "C:\Users\mahmo\AppData\Roaming\Python\Python313\site-packages\django\template\response.py", line 90, in rendered_content
    template = self.resolve_template(self.template_name)
  File "C:\Users\mahmo\AppData\Roaming\Python\Python313\site-packages\django\template\response.py", line 72, in resolve_template
    return select_template(template, using=self.using)
  File "C:\Users\mahmo\AppData\Roaming\Python\Python313\site-packages\django\template\loader.py", line 42, in select_template
    return engine.get_template(template_name)
           ~~~~~~~~~~~~~~~~~~~^^^^^^^^^^^^^^^
  File "C:\Users\mahmo\AppData\Roaming\Python\Python313\site-packages\django\template\backends\django.py", line 33, in get_template
    return Template(self.engine.get_template(template_name), self)
                    ~~~~~~~~~~~~~~~~~~~~~~~~^^^^^^^^^^^^^^^
  File "C:\Users\mahmo\AppData\Roaming\Python\Python313\site-packages\django\template\engine.py", line 175, in get_template
    template, origin = self.find_template(template_name)
                       ~~~~~~~~~~~~~~~~~~^^^^^^^^^^^^^^^
  File "C:\Users\mahmo\AppData\Roaming\Python\Python313\site-packages\django\template\engine.py", line 157, in find_template
    template = loader.get_template(name, skip=skip)
  File "C:\Users\mahmo\AppData\Roaming\Python\Python313\site-packages\django\template\loaders\cached.py", line 57, in get_template
    template = super().get_template(template_name, skip)
  File "C:\Users\mahmo\AppData\Roaming\Python\Python313\site-packages\django\template\loaders\base.py", line 28, in get_template
    return Template(
        contents,
    ...<2 lines>...
        self.engine,
    )
  File "C:\Users\mahmo\AppData\Roaming\Python\Python313\site-packages\django\template\base.py", line 154, in __init__
    self.nodelist = self.compile_nodelist()
                    ~~~~~~~~~~~~~~~~~~~~~^^
  File "C:\Users\mahmo\AppData\Roaming\Python\Python313\site-packages\django\template\base.py", line 200, in compile_nodelist
    return parser.parse()
           ~~~~~~~~~~~~^^
  File "C:\Users\mahmo\AppData\Roaming\Python\Python313\site-packages\django\template\base.py", line 513, in parse
    raise self.error(token, e)
  File "C:\Users\mahmo\AppData\Roaming\Python\Python313\site-packages\django\template\base.py", line 511, in parse
    compiled_result = compile_func(self, token)
  File "C:\Users\mahmo\AppData\Roaming\Python\Python313\site-packages\django\template\loader_tags.py", line 293, in do_extends
    nodelist = parser.parse()
  File "C:\Users\mahmo\AppData\Roaming\Python\Python313\site-packages\django\template\base.py", line 513, in parse
    raise self.error(token, e)
  File "C:\Users\mahmo\AppData\Roaming\Python\Python313\site-packages\django\template\base.py", line 511, in parse
    compiled_result = compile_func(self, token)
  File "C:\Users\mahmo\AppData\Roaming\Python\Python313\site-packages\django\template\loader_tags.py", line 232, in do_block
    nodelist = parser.parse(("endblock",))
  File "C:\Users\mahmo\AppData\Roaming\Python\Python313\site-packages\django\template\base.py", line 513, in parse
    raise self.error(token, e)
  File "C:\Users\mahmo\AppData\Roaming\Python\Python313\site-packages\django\template\base.py", line 511, in parse
    compiled_result = compile_func(self, token)
  File "C:\Users\mahmo\AppData\Roaming\Python\Python313\site-packages\django\template\defaulttags.py", line 853, in do_for
    nodelist_loop = parser.parse(
        (
    ...<2 lines>...
        )
    )
  File "C:\Users\mahmo\AppData\Roaming\Python\Python313\site-packages\django\template\base.py", line 513, in parse
    raise self.error(token, e)
  File "C:\Users\mahmo\AppData\Roaming\Python\Python313\site-packages\django\template\base.py", line 511, in parse
    compiled_result = compile_func(self, token)
  File "C:\Users\mahmo\AppData\Roaming\Python\Python313\site-packages\django\template\defaulttags.py", line 853, in do_for
    nodelist_loop = parser.parse(
        (
    ...<2 lines>...
        )
    )
  File "C:\Users\mahmo\AppData\Roaming\Python\Python313\site-packages\django\template\base.py", line 507, in parse
    self.invalid_block_tag(token, command, parse_until)
    ~~~~~~~~~~~~~~~~~~~~~~^^^^^^^^^^^^^^^^^^^^^^^^^^^^^
  File "C:\Users\mahmo\AppData\Roaming\Python\Python313\site-packages\django\template\base.py", line 558, in invalid_block_tag
    raise self.error(
    ...<8 lines>...
    )
django.template.exceptions.TemplateSyntaxError: Invalid block tag on line 115: 'endblock', expected 'empty' or 'endfor'. Did you forget to register or load this tag?
ERROR 2025-12-19 05:29:09,329 basehttp 18936 30056 "GET / HTTP/1.1" 500 217163
ERROR 2025-12-19 05:29:10,819 log 18936 30056 Internal Server Error: /
Traceback (most recent call last):
  File "C:\Users\mahmo\AppData\Roaming\Python\Python313\site-packages\django\template\base.py", line 505, in parse
    compile_func = self.tags[command]
                   ~~~~~~~~~^^^^^^^^^
KeyError: 'endblock'

During handling of the above exception, another exception occurred:

Traceback (most recent call last):
  File "C:\Users\mahmo\AppData\Roaming\Python\Python313\site-packages\django\core\handlers\exception.py", line 55, in inner
    response = get_response(request)
  File "C:\Users\mahmo\AppData\Roaming\Python\Python313\site-packages\django\core\handlers\base.py", line 220, in _get_response
    response = response.render()
  File "C:\Users\mahmo\AppData\Roaming\Python\Python313\site-packages\django\template\response.py", line 114, in render
    self.content = self.rendered_content
                   ^^^^^^^^^^^^^^^^^^^^^
  File "C:\Users\mahmo\AppData\Roaming\Python\Python313\site-packages\django\template\response.py", line 90, in rendered_content
    template = self.resolve_template(self.template_name)
  File "C:\Users\mahmo\AppData\Roaming\Python\Python313\site-packages\django\template\response.py", line 72, in resolve_template
    return select_template(template, using=self.using)
  File "C:\Users\mahmo\AppData\Roaming\Python\Python313\site-packages\django\template\loader.py", line 42, in select_template
    return engine.get_template(template_name)
           ~~~~~~~~~~~~~~~~~~~^^^^^^^^^^^^^^^
  File "C:\Users\mahmo\AppData\Roaming\Python\Python313\site-packages\django\template\backends\django.py", line 33, in get_template
    return Template(self.engine.get_template(template_name), self)
                    ~~~~~~~~~~~~~~~~~~~~~~~~^^^^^^^^^^^^^^^
  File "C:\Users\mahmo\AppData\Roaming\Python\Python313\site-packages\django\template\engine.py", line 175, in get_template
    template, origin = self.find_template(template_name)
                       ~~~~~~~~~~~~~~~~~~^^^^^^^^^^^^^^^
  File "C:\Users\mahmo\AppData\Roaming\Python\Python313\site-packages\django\template\engine.py", line 157, in find_template
    template = loader.get_template(name, skip=skip)
  File "C:\Users\mahmo\AppData\Roaming\Python\Python313\site-packages\django\template\loaders\cached.py", line 57, in get_template
    template = super().get_template(template_name, skip)
  File "C:\Users\mahmo\AppData\Roaming\Python\Python313\site-packages\django\template\loaders\base.py", line 28, in get_template
    return Template(
        contents,
    ...<2 lines>...
        self.engine,
    )
  File "C:\Users\mahmo\AppData\Roaming\Python\Python313\site-packages\django\template\base.py", line 154, in __init__
    self.nodelist = self.compile_nodelist()
                    ~~~~~~~~~~~~~~~~~~~~~^^
  File "C:\Users\mahmo\AppData\Roaming\Python\Python313\site-packages\django\template\base.py", line 200, in compile_nodelist
    return parser.parse()
           ~~~~~~~~~~~~^^
  File "C:\Users\mahmo\AppData\Roaming\Python\Python313\site-packages\django\template\base.py", line 513, in parse
    raise self.error(token, e)
  File "C:\Users\mahmo\AppData\Roaming\Python\Python313\site-packages\django\template\base.py", line 511, in parse
    compiled_result = compile_func(self, token)
  File "C:\Users\mahmo\AppData\Roaming\Python\Python313\site-packages\django\template\loader_tags.py", line 293, in do_extends
    nodelist = parser.parse()
  File "C:\Users\mahmo\AppData\Roaming\Python\Python313\site-packages\django\template\base.py", line 513, in parse
    raise self.error(token, e)
  File "C:\Users\mahmo\AppData\Roaming\Python\Python313\site-packages\django\template\base.py", line 511, in parse
    compiled_result = compile_func(self, token)
  File "C:\Users\mahmo\AppData\Roaming\Python\Python313\site-packages\django\template\loader_tags.py", line 232, in do_block
    nodelist = parser.parse(("endblock",))
  File "C:\Users\mahmo\AppData\Roaming\Python\Python313\site-packages\django\template\base.py", line 513, in parse
    raise self.error(token, e)
  File "C:\Users\mahmo\AppData\Roaming\Python\Python313\site-packages\django\template\base.py", line 511, in parse
    compiled_result = compile_func(self, token)
  File "C:\Users\mahmo\AppData\Roaming\Python\Python313\site-packages\django\template\defaulttags.py", line 853, in do_for
    nodelist_loop = parser.parse(
        (
    ...<2 lines>...
        )
    )
  File "C:\Users\mahmo\AppData\Roaming\Python\Python313\site-packages\django\template\base.py", line 513, in parse
    raise self.error(token, e)
  File "C:\Users\mahmo\AppData\Roaming\Python\Python313\site-packages\django\template\base.py", line 511, in parse
    compiled_result = compile_func(self, token)
  File "C:\Users\mahmo\AppData\Roaming\Python\Python313\site-packages\django\template\defaulttags.py", line 853, in do_for
    nodelist_loop = parser.parse(
        (
    ...<2 lines>...
        )
    )
  File "C:\Users\mahmo\AppData\Roaming\Python\Python313\site-packages\django\template\base.py", line 507, in parse
    self.invalid_block_tag(token, command, parse_until)
    ~~~~~~~~~~~~~~~~~~~~~~^^^^^^^^^^^^^^^^^^^^^^^^^^^^^
  File "C:\Users\mahmo\AppData\Roaming\Python\Python313\site-packages\django\template\base.py", line 558, in invalid_block_tag
    raise self.error(
    ...<8 lines>...
    )
django.template.exceptions.TemplateSyntaxError: Invalid block tag on line 115: 'endblock', expected 'empty' or 'endfor'. Did you forget to register or load this tag?
ERROR 2025-12-19 05:29:10,824 basehttp 18936 30056 "GET / HTTP/1.1" 500 217300
ERROR 2025-12-19 05:29:11,622 log 18936 30056 Internal Server Error: /
Traceback (most recent call last):
  File "C:\Users\mahmo\AppData\Roaming\Python\Python313\site-packages\django\template\base.py", line 505, in parse
    compile_func = self.tags[command]
                   ~~~~~~~~~^^^^^^^^^
KeyError: 'endblock'

During handling of the above exception, another exception occurred:

Traceback (most recent call last):
  File "C:\Users\mahmo\AppData\Roaming\Python\Python313\site-packages\django\core\handlers\exception.py", line 55, in inner
    response = get_response(request)
  File "C:\Users\mahmo\AppData\Roaming\Python\Python313\site-packages\django\core\handlers\base.py", line 220, in _get_response
    response = response.render()
  File "C:\Users\mahmo\AppData\Roaming\Python\Python313\site-packages\django\template\response.py", line 114, in render
    self.content = self.rendered_content
                   ^^^^^^^^^^^^^^^^^^^^^
  File "C:\Users\mahmo\AppData\Roaming\Python\Python313\site-packages\django\template\response.py", line 90, in rendered_content
    template = self.resolve_template(self.template_name)
  File "C:\Users\mahmo\AppData\Roaming\Python\Python313\site-packages\django\template\response.py", line 72, in resolve_template
    return select_template(template, using=self.using)
  File "C:\Users\mahmo\AppData\Roaming\Python\Python313\site-packages\django\template\loader.py", line 42, in select_template
    return engine.get_template(template_name)
           ~~~~~~~~~~~~~~~~~~~^^^^^^^^^^^^^^^
  File "C:\Users\mahmo\AppData\Roaming\Python\Python313\site-packages\django\template\backends\django.py", line 33, in get_template
    return Template(self.engine.get_template(template_name), self)
                    ~~~~~~~~~~~~~~~~~~~~~~~~^^^^^^^^^^^^^^^
  File "C:\Users\mahmo\AppData\Roaming\Python\Python313\site-packages\django\template\engine.py", line 175, in get_template
    template, origin = self.find_template(template_name)
                       ~~~~~~~~~~~~~~~~~~^^^^^^^^^^^^^^^
  File "C:\Users\mahmo\AppData\Roaming\Python\Python313\site-packages\django\template\engine.py", line 157, in find_template
    template = loader.get_template(name, skip=skip)
  File "C:\Users\mahmo\AppData\Roaming\Python\Python313\site-packages\django\template\loaders\cached.py", line 57, in get_template
    template = super().get_template(template_name, skip)
  File "C:\Users\mahmo\AppData\Roaming\Python\Python313\site-packages\django\template\loaders\base.py", line 28, in get_template
    return Template(
        contents,
    ...<2 lines>...
        self.engine,
    )
  File "C:\Users\mahmo\AppData\Roaming\Python\Python313\site-packages\django\template\base.py", line 154, in __init__
    self.nodelist = self.compile_nodelist()
                    ~~~~~~~~~~~~~~~~~~~~~^^
  File "C:\Users\mahmo\AppData\Roaming\Python\Python313\site-packages\django\template\base.py", line 200, in compile_nodelist
    return parser.parse()
           ~~~~~~~~~~~~^^
  File "C:\Users\mahmo\AppData\Roaming\Python\Python313\site-packages\django\template\base.py", line 513, in parse
    raise self.error(token, e)
  File "C:\Users\mahmo\AppData\Roaming\Python\Python313\site-packages\django\template\base.py", line 511, in parse
    compiled_result = compile_func(self, token)
  File "C:\Users\mahmo\AppData\Roaming\Python\Python313\site-packages\django\template\loader_tags.py", line 293, in do_extends
    nodelist = parser.parse()
  File "C:\Users\mahmo\AppData\Roaming\Python\Python313\site-packages\django\template\base.py", line 513, in parse
    raise self.error(token, e)
  File "C:\Users\mahmo\AppData\Roaming\Python\Python313\site-packages\django\template\base.py", line 511, in parse
    compiled_result = compile_func(self, token)
  File "C:\Users\mahmo\AppData\Roaming\Python\Python313\site-packages\django\template\loader_tags.py", line 232, in do_block
    nodelist = parser.parse(("endblock",))
  File "C:\Users\mahmo\AppData\Roaming\Python\Python313\site-packages\django\template\base.py", line 513, in parse
    raise self.error(token, e)
  File "C:\Users\mahmo\AppData\Roaming\Python\Python313\site-packages\django\template\base.py", line 511, in parse
    compiled_result = compile_func(self, token)
  File "C:\Users\mahmo\AppData\Roaming\Python\Python313\site-packages\django\template\defaulttags.py", line 853, in do_for
    nodelist_loop = parser.parse(
        (
    ...<2 lines>...
        )
    )
  File "C:\Users\mahmo\AppData\Roaming\Python\Python313\site-packages\django\template\base.py", line 513, in parse
    raise self.error(token, e)
  File "C:\Users\mahmo\AppData\Roaming\Python\Python313\site-packages\django\template\base.py", line 511, in parse
    compiled_result = compile_func(self, token)
  File "C:\Users\mahmo\AppData\Roaming\Python\Python313\site-packages\django\template\defaulttags.py", line 853, in do_for
    nodelist_loop = parser.parse(
        (
    ...<2 lines>...
        )
    )
  File "C:\Users\mahmo\AppData\Roaming\Python\Python313\site-packages\django\template\base.py", line 507, in parse
    self.invalid_block_tag(token, command, parse_until)
    ~~~~~~~~~~~~~~~~~~~~~~^^^^^^^^^^^^^^^^^^^^^^^^^^^^^
  File "C:\Users\mahmo\AppData\Roaming\Python\Python313\site-packages\django\template\base.py", line 558, in invalid_block_tag
    raise self.error(
    ...<8 lines>...
    )
django.template.exceptions.TemplateSyntaxError: Invalid block tag on line 115: 'endblock', expected 'empty' or 'endfor'. Did you forget to register or load this tag?
ERROR 2025-12-19 05:29:11,627 basehttp 18936 30056 "GET / HTTP/1.1" 500 217300
INFO 2025-12-19 05:29:18,497 autoreload 20940 27420 Watching for file changes with StatReloader
ERROR 2025-12-19 05:29:24,233 log 20940 30284 Internal Server Error: /
Traceback (most recent call last):
  File "C:\Users\mahmo\AppData\Roaming\Python\Python313\site-packages\django\template\base.py", line 505, in parse
    compile_func = self.tags[command]
                   ~~~~~~~~~^^^^^^^^^
KeyError: 'endblock'

During handling of the above exception, another exception occurred:

Traceback (most recent call last):
  File "C:\Users\mahmo\AppData\Roaming\Python\Python313\site-packages\django\core\handlers\exception.py", line 55, in inner
    response = get_response(request)
  File "C:\Users\mahmo\AppData\Roaming\Python\Python313\site-packages\django\core\handlers\base.py", line 220, in _get_response
    response = response.render()
  File "C:\Users\mahmo\AppData\Roaming\Python\Python313\site-packages\django\template\response.py", line 114, in render
    self.content = self.rendered_content
                   ^^^^^^^^^^^^^^^^^^^^^
  File "C:\Users\mahmo\AppData\Roaming\Python\Python313\site-packages\django\template\response.py", line 90, in rendered_content
    template = self.resolve_template(self.template_name)
  File "C:\Users\mahmo\AppData\Roaming\Python\Python313\site-packages\django\template\response.py", line 72, in resolve_template
    return select_template(template, using=self.using)
  File "C:\Users\mahmo\AppData\Roaming\Python\Python313\site-packages\django\template\loader.py", line 42, in select_template
    return engine.get_template(template_name)
           ~~~~~~~~~~~~~~~~~~~^^^^^^^^^^^^^^^
  File "C:\Users\mahmo\AppData\Roaming\Python\Python313\site-packages\django\template\backends\django.py", line 33, in get_template
    return Template(self.engine.get_template(template_name), self)
                    ~~~~~~~~~~~~~~~~~~~~~~~~^^^^^^^^^^^^^^^
  File "C:\Users\mahmo\AppData\Roaming\Python\Python313\site-packages\django\template\engine.py", line 175, in get_template
    template, origin = self.find_template(template_name)
                       ~~~~~~~~~~~~~~~~~~^^^^^^^^^^^^^^^
  File "C:\Users\mahmo\AppData\Roaming\Python\Python313\site-packages\django\template\engine.py", line 157, in find_template
    template = loader.get_template(name, skip=skip)
  File "C:\Users\mahmo\AppData\Roaming\Python\Python313\site-packages\django\template\loaders\cached.py", line 57, in get_template
    template = super().get_template(template_name, skip)
  File "C:\Users\mahmo\AppData\Roaming\Python\Python313\site-packages\django\template\loaders\base.py", line 28, in get_template
    return Template(
        contents,
    ...<2 lines>...
        self.engine,
    )
  File "C:\Users\mahmo\AppData\Roaming\Python\Python313\site-packages\django\template\base.py", line 154, in __init__
    self.nodelist = self.compile_nodelist()
                    ~~~~~~~~~~~~~~~~~~~~~^^
  File "C:\Users\mahmo\AppData\Roaming\Python\Python313\site-packages\django\template\base.py", line 200, in compile_nodelist
    return parser.parse()
           ~~~~~~~~~~~~^^
  File "C:\Users\mahmo\AppData\Roaming\Python\Python313\site-packages\django\template\base.py", line 513, in parse
    raise self.error(token, e)
  File "C:\Users\mahmo\AppData\Roaming\Python\Python313\site-packages\django\template\base.py", line 511, in parse
    compiled_result = compile_func(self, token)
  File "C:\Users\mahmo\AppData\Roaming\Python\Python313\site-packages\django\template\loader_tags.py", line 293, in do_extends
    nodelist = parser.parse()
  File "C:\Users\mahmo\AppData\Roaming\Python\Python313\site-packages\django\template\base.py", line 513, in parse
    raise self.error(token, e)
  File "C:\Users\mahmo\AppData\Roaming\Python\Python313\site-packages\django\template\base.py", line 511, in parse
    compiled_result = compile_func(self, token)
  File "C:\Users\mahmo\AppData\Roaming\Python\Python313\site-packages\django\template\loader_tags.py", line 232, in do_block
    nodelist = parser.parse(("endblock",))
  File "C:\Users\mahmo\AppData\Roaming\Python\Python313\site-packages\django\template\base.py", line 513, in parse
    raise self.error(token, e)
  File "C:\Users\mahmo\AppData\Roaming\Python\Python313\site-packages\django\template\base.py", line 511, in parse
    compiled_result = compile_func(self, token)
  File "C:\Users\mahmo\AppData\Roaming\Python\Python313\site-packages\django\template\defaulttags.py", line 853, in do_for
    nodelist_loop = parser.parse(
        (
    ...<2 lines>...
        )
    )
  File "C:\Users\mahmo\AppData\Roaming\Python\Python313\site-packages\django\template\base.py", line 513, in parse
    raise self.error(token, e)
  File "C:\Users\mahmo\AppData\Roaming\Python\Python313\site-packages\django\template\base.py", line 511, in parse
    compiled_result = compile_func(self, token)
  File "C:\Users\mahmo\AppData\Roaming\Python\Python313\site-packages\django\template\defaulttags.py", line 853, in do_for
    nodelist_loop = parser.parse(
        (
    ...<2 lines>...
        )
    )
  File "C:\Users\mahmo\AppData\Roaming\Python\Python313\site-packages\django\template\base.py", line 507, in parse
    self.invalid_block_tag(token, command, parse_until)
    ~~~~~~~~~~~~~~~~~~~~~~^^^^^^^^^^^^^^^^^^^^^^^^^^^^^
  File "C:\Users\mahmo\AppData\Roaming\Python\Python313\site-packages\django\template\base.py", line 558, in invalid_block_tag
    raise self.error(
    ...<8 lines>...
    )
django.template.exceptions.TemplateSyntaxError: Invalid block tag on line 115: 'endblock', expected 'empty' or 'endfor'. Did you forget to register or load this tag?
ERROR 2025-12-19 05:29:24,240 basehttp 20940 30284 "GET / HTTP/1.1" 500 217300
ERROR 2025-12-19 05:29:24,853 log 20940 30284 Internal Server Error: /
Traceback (most recent call last):
  File "C:\Users\mahmo\AppData\Roaming\Python\Python313\site-packages\django\template\base.py", line 505, in parse
    compile_func = self.tags[command]
                   ~~~~~~~~~^^^^^^^^^
KeyError: 'endblock'

During handling of the above exception, another exception occurred:

Traceback (most recent call last):
  File "C:\Users\mahmo\AppData\Roaming\Python\Python313\site-packages\django\core\handlers\exception.py", line 55, in inner
    response = get_response(request)
  File "C:\Users\mahmo\AppData\Roaming\Python\Python313\site-packages\django\core\handlers\base.py", line 220, in _get_response
    response = response.render()
  File "C:\Users\mahmo\AppData\Roaming\Python\Python313\site-packages\django\template\response.py", line 114, in render
    self.content = self.rendered_content
                   ^^^^^^^^^^^^^^^^^^^^^
  File "C:\Users\mahmo\AppData\Roaming\Python\Python313\site-packages\django\template\response.py", line 90, in rendered_content
    template = self.resolve_template(self.template_name)
  File "C:\Users\mahmo\AppData\Roaming\Python\Python313\site-packages\django\template\response.py", line 72, in resolve_template
    return select_template(template, using=self.using)
  File "C:\Users\mahmo\AppData\Roaming\Python\Python313\site-packages\django\template\loader.py", line 42, in select_template
    return engine.get_template(template_name)
           ~~~~~~~~~~~~~~~~~~~^^^^^^^^^^^^^^^
  File "C:\Users\mahmo\AppData\Roaming\Python\Python313\site-packages\django\template\backends\django.py", line 33, in get_template
    return Template(self.engine.get_template(template_name), self)
                    ~~~~~~~~~~~~~~~~~~~~~~~~^^^^^^^^^^^^^^^
  File "C:\Users\mahmo\AppData\Roaming\Python\Python313\site-packages\django\template\engine.py", line 175, in get_template
    template, origin = self.find_template(template_name)
                       ~~~~~~~~~~~~~~~~~~^^^^^^^^^^^^^^^
  File "C:\Users\mahmo\AppData\Roaming\Python\Python313\site-packages\django\template\engine.py", line 157, in find_template
    template = loader.get_template(name, skip=skip)
  File "C:\Users\mahmo\AppData\Roaming\Python\Python313\site-packages\django\template\loaders\cached.py", line 57, in get_template
    template = super().get_template(template_name, skip)
  File "C:\Users\mahmo\AppData\Roaming\Python\Python313\site-packages\django\template\loaders\base.py", line 28, in get_template
    return Template(
        contents,
    ...<2 lines>...
        self.engine,
    )
  File "C:\Users\mahmo\AppData\Roaming\Python\Python313\site-packages\django\template\base.py", line 154, in __init__
    self.nodelist = self.compile_nodelist()
                    ~~~~~~~~~~~~~~~~~~~~~^^
  File "C:\Users\mahmo\AppData\Roaming\Python\Python313\site-packages\django\template\base.py", line 200, in compile_nodelist
    return parser.parse()
           ~~~~~~~~~~~~^^
  File "C:\Users\mahmo\AppData\Roaming\Python\Python313\site-packages\django\template\base.py", line 513, in parse
    raise self.error(token, e)
  File "C:\Users\mahmo\AppData\Roaming\Python\Python313\site-packages\django\template\base.py", line 511, in parse
    compiled_result = compile_func(self, token)
  File "C:\Users\mahmo\AppData\Roaming\Python\Python313\site-packages\django\template\loader_tags.py", line 293, in do_extends
    nodelist = parser.parse()
  File "C:\Users\mahmo\AppData\Roaming\Python\Python313\site-packages\django\template\base.py", line 513, in parse
    raise self.error(token, e)
  File "C:\Users\mahmo\AppData\Roaming\Python\Python313\site-packages\django\template\base.py", line 511, in parse
    compiled_result = compile_func(self, token)
  File "C:\Users\mahmo\AppData\Roaming\Python\Python313\site-packages\django\template\loader_tags.py", line 232, in do_block
    nodelist = parser.parse(("endblock",))
  File "C:\Users\mahmo\AppData\Roaming\Python\Python313\site-packages\django\template\base.py", line 513, in parse
    raise self.error(token, e)
  File "C:\Users\mahmo\AppData\Roaming\Python\Python313\site-packages\django\template\base.py", line 511, in parse
    compiled_result = compile_func(self, token)
  File "C:\Users\mahmo\AppData\Roaming\Python\Python313\site-packages\django\template\defaulttags.py", line 853, in do_for
    nodelist_loop = parser.parse(
        (
    ...<2 lines>...
        )
    )
  File "C:\Users\mahmo\AppData\Roaming\Python\Python313\site-packages\django\template\base.py", line 513, in parse
    raise self.error(token, e)
  File "C:\Users\mahmo\AppData\Roaming\Python\Python313\site-packages\django\template\base.py", line 511, in parse
    compiled_result = compile_func(self, token)
  File "C:\Users\mahmo\AppData\Roaming\Python\Python313\site-packages\django\template\defaulttags.py", line 853, in do_for
    nodelist_loop = parser.parse(
        (
    ...<2 lines>...
        )
    )
  File "C:\Users\mahmo\AppData\Roaming\Python\Python313\site-packages\django\template\base.py", line 507, in parse
    self.invalid_block_tag(token, command, parse_until)
    ~~~~~~~~~~~~~~~~~~~~~~^^^^^^^^^^^^^^^^^^^^^^^^^^^^^
  File "C:\Users\mahmo\AppData\Roaming\Python\Python313\site-packages\django\template\base.py", line 558, in invalid_block_tag
    raise self.error(
    ...<8 lines>...
    )
django.template.exceptions.TemplateSyntaxError: Invalid block tag on line 115: 'endblock', expected 'empty' or 'endfor'. Did you forget to register or load this tag?
ERROR 2025-12-19 05:29:24,862 basehttp 20940 30284 "GET / HTTP/1.1" 500 217300
ERROR 2025-12-19 05:29:25,428 log 20940 30284 Internal Server Error: /
Traceback (most recent call last):
  File "C:\Users\mahmo\AppData\Roaming\Python\Python313\site-packages\django\template\base.py", line 505, in parse
    compile_func = self.tags[command]
                   ~~~~~~~~~^^^^^^^^^
KeyError: 'endblock'

During handling of the above exception, another exception occurred:

Traceback (most recent call last):
  File "C:\Users\mahmo\AppData\Roaming\Python\Python313\site-packages\django\core\handlers\exception.py", line 55, in inner
    response = get_response(request)
  File "C:\Users\mahmo\AppData\Roaming\Python\Python313\site-packages\django\core\handlers\base.py", line 220, in _get_response
    response = response.render()
  File "C:\Users\mahmo\AppData\Roaming\Python\Python313\site-packages\django\template\response.py", line 114, in render
    self.content = self.rendered_content
                   ^^^^^^^^^^^^^^^^^^^^^
  File "C:\Users\mahmo\AppData\Roaming\Python\Python313\site-packages\django\template\response.py", line 90, in rendered_content
    template = self.resolve_template(self.template_name)
  File "C:\Users\mahmo\AppData\Roaming\Python\Python313\site-packages\django\template\response.py", line 72, in resolve_template
    return select_template(template, using=self.using)
  File "C:\Users\mahmo\AppData\Roaming\Python\Python313\site-packages\django\template\loader.py", line 42, in select_template
    return engine.get_template(template_name)
           ~~~~~~~~~~~~~~~~~~~^^^^^^^^^^^^^^^
  File "C:\Users\mahmo\AppData\Roaming\Python\Python313\site-packages\django\template\backends\django.py", line 33, in get_template
    return Template(self.engine.get_template(template_name), self)
                    ~~~~~~~~~~~~~~~~~~~~~~~~^^^^^^^^^^^^^^^
  File "C:\Users\mahmo\AppData\Roaming\Python\Python313\site-packages\django\template\engine.py", line 175, in get_template
    template, origin = self.find_template(template_name)
                       ~~~~~~~~~~~~~~~~~~^^^^^^^^^^^^^^^
  File "C:\Users\mahmo\AppData\Roaming\Python\Python313\site-packages\django\template\engine.py", line 157, in find_template
    template = loader.get_template(name, skip=skip)
  File "C:\Users\mahmo\AppData\Roaming\Python\Python313\site-packages\django\template\loaders\cached.py", line 57, in get_template
    template = super().get_template(template_name, skip)
  File "C:\Users\mahmo\AppData\Roaming\Python\Python313\site-packages\django\template\loaders\base.py", line 28, in get_template
    return Template(
        contents,
    ...<2 lines>...
        self.engine,
    )
  File "C:\Users\mahmo\AppData\Roaming\Python\Python313\site-packages\django\template\base.py", line 154, in __init__
    self.nodelist = self.compile_nodelist()
                    ~~~~~~~~~~~~~~~~~~~~~^^
  File "C:\Users\mahmo\AppData\Roaming\Python\Python313\site-packages\django\template\base.py", line 200, in compile_nodelist
    return parser.parse()
           ~~~~~~~~~~~~^^
  File "C:\Users\mahmo\AppData\Roaming\Python\Python313\site-packages\django\template\base.py", line 513, in parse
    raise self.error(token, e)
  File "C:\Users\mahmo\AppData\Roaming\Python\Python313\site-packages\django\template\base.py", line 511, in parse
    compiled_result = compile_func(self, token)
  File "C:\Users\mahmo\AppData\Roaming\Python\Python313\site-packages\django\template\loader_tags.py", line 293, in do_extends
    nodelist = parser.parse()
  File "C:\Users\mahmo\AppData\Roaming\Python\Python313\site-packages\django\template\base.py", line 513, in parse
    raise self.error(token, e)
  File "C:\Users\mahmo\AppData\Roaming\Python\Python313\site-packages\django\template\base.py", line 511, in parse
    compiled_result = compile_func(self, token)
  File "C:\Users\mahmo\AppData\Roaming\Python\Python313\site-packages\django\template\loader_tags.py", line 232, in do_block
    nodelist = parser.parse(("endblock",))
  File "C:\Users\mahmo\AppData\Roaming\Python\Python313\site-packages\django\template\base.py", line 513, in parse
    raise self.error(token, e)
  File "C:\Users\mahmo\AppData\Roaming\Python\Python313\site-packages\django\template\base.py", line 511, in parse
    compiled_result = compile_func(self, token)
  File "C:\Users\mahmo\AppData\Roaming\Python\Python313\site-packages\django\template\defaulttags.py", line 853, in do_for
    nodelist_loop = parser.parse(
        (
    ...<2 lines>...
        )
    )
  File "C:\Users\mahmo\AppData\Roaming\Python\Python313\site-packages\django\template\base.py", line 513, in parse
    raise self.error(token, e)
  File "C:\Users\mahmo\AppData\Roaming\Python\Python313\site-packages\django\template\base.py", line 511, in parse
    compiled_result = compile_func(self, token)
  File "C:\Users\mahmo\AppData\Roaming\Python\Python313\site-packages\django\template\defaulttags.py", line 853, in do_for
    nodelist_loop = parser.parse(
        (
    ...<2 lines>...
        )
    )
  File "C:\Users\mahmo\AppData\Roaming\Python\Python313\site-packages\django\template\base.py", line 507, in parse
    self.invalid_block_tag(token, command, parse_until)
    ~~~~~~~~~~~~~~~~~~~~~~^^^^^^^^^^^^^^^^^^^^^^^^^^^^^
  File "C:\Users\mahmo\AppData\Roaming\Python\Python313\site-packages\django\template\base.py", line 558, in invalid_block_tag
    raise self.error(
    ...<8 lines>...
    )
django.template.exceptions.TemplateSyntaxError: Invalid block tag on line 115: 'endblock', expected 'empty' or 'endfor'. Did you forget to register or load this tag?
ERROR 2025-12-19 05:29:25,436 basehttp 20940 30284 "GET / HTTP/1.1" 500 217300
ERROR 2025-12-19 05:29:31,956 log 20940 29488 Internal Server Error: /
Traceback (most recent call last):
  File "C:\Users\mahmo\AppData\Roaming\Python\Python313\site-packages\django\template\base.py", line 505, in parse
    compile_func = self.tags[command]
                   ~~~~~~~~~^^^^^^^^^
KeyError: 'endblock'

During handling of the above exception, another exception occurred:

Traceback (most recent call last):
  File "C:\Users\mahmo\AppData\Roaming\Python\Python313\site-packages\django\core\handlers\exception.py", line 55, in inner
    response = get_response(request)
  File "C:\Users\mahmo\AppData\Roaming\Python\Python313\site-packages\django\core\handlers\base.py", line 220, in _get_response
    response = response.render()
  File "C:\Users\mahmo\AppData\Roaming\Python\Python313\site-packages\django\template\response.py", line 114, in render
    self.content = self.rendered_content
                   ^^^^^^^^^^^^^^^^^^^^^
  File "C:\Users\mahmo\AppData\Roaming\Python\Python313\site-packages\django\template\response.py", line 90, in rendered_content
    template = self.resolve_template(self.template_name)
  File "C:\Users\mahmo\AppData\Roaming\Python\Python313\site-packages\django\template\response.py", line 72, in resolve_template
    return select_template(template, using=self.using)
  File "C:\Users\mahmo\AppData\Roaming\Python\Python313\site-packages\django\template\loader.py", line 42, in select_template
    return engine.get_template(template_name)
           ~~~~~~~~~~~~~~~~~~~^^^^^^^^^^^^^^^
  File "C:\Users\mahmo\AppData\Roaming\Python\Python313\site-packages\django\template\backends\django.py", line 33, in get_template
    return Template(self.engine.get_template(template_name), self)
                    ~~~~~~~~~~~~~~~~~~~~~~~~^^^^^^^^^^^^^^^
  File "C:\Users\mahmo\AppData\Roaming\Python\Python313\site-packages\django\template\engine.py", line 175, in get_template
    template, origin = self.find_template(template_name)
                       ~~~~~~~~~~~~~~~~~~^^^^^^^^^^^^^^^
  File "C:\Users\mahmo\AppData\Roaming\Python\Python313\site-packages\django\template\engine.py", line 157, in find_template
    template = loader.get_template(name, skip=skip)
  File "C:\Users\mahmo\AppData\Roaming\Python\Python313\site-packages\django\template\loaders\cached.py", line 57, in get_template
    template = super().get_template(template_name, skip)
  File "C:\Users\mahmo\AppData\Roaming\Python\Python313\site-packages\django\template\loaders\base.py", line 28, in get_template
    return Template(
        contents,
    ...<2 lines>...
        self.engine,
    )
  File "C:\Users\mahmo\AppData\Roaming\Python\Python313\site-packages\django\template\base.py", line 154, in __init__
    self.nodelist = self.compile_nodelist()
                    ~~~~~~~~~~~~~~~~~~~~~^^
  File "C:\Users\mahmo\AppData\Roaming\Python\Python313\site-packages\django\template\base.py", line 200, in compile_nodelist
    return parser.parse()
           ~~~~~~~~~~~~^^
  File "C:\Users\mahmo\AppData\Roaming\Python\Python313\site-packages\django\template\base.py", line 513, in parse
    raise self.error(token, e)
  File "C:\Users\mahmo\AppData\Roaming\Python\Python313\site-packages\django\template\base.py", line 511, in parse
    compiled_result = compile_func(self, token)
  File "C:\Users\mahmo\AppData\Roaming\Python\Python313\site-packages\django\template\loader_tags.py", line 293, in do_extends
    nodelist = parser.parse()
  File "C:\Users\mahmo\AppData\Roaming\Python\Python313\site-packages\django\template\base.py", line 513, in parse
    raise self.error(token, e)
  File "C:\Users\mahmo\AppData\Roaming\Python\Python313\site-packages\django\template\base.py", line 511, in parse
    compiled_result = compile_func(self, token)
  File "C:\Users\mahmo\AppData\Roaming\Python\Python313\site-packages\django\template\loader_tags.py", line 232, in do_block
    nodelist = parser.parse(("endblock",))
  File "C:\Users\mahmo\AppData\Roaming\Python\Python313\site-packages\django\template\base.py", line 513, in parse
    raise self.error(token, e)
  File "C:\Users\mahmo\AppData\Roaming\Python\Python313\site-packages\django\template\base.py", line 511, in parse
    compiled_result = compile_func(self, token)
  File "C:\Users\mahmo\AppData\Roaming\Python\Python313\site-packages\django\template\defaulttags.py", line 853, in do_for
    nodelist_loop = parser.parse(
        (
    ...<2 lines>...
        )
    )
  File "C:\Users\mahmo\AppData\Roaming\Python\Python313\site-packages\django\template\base.py", line 513, in parse
    raise self.error(token, e)
  File "C:\Users\mahmo\AppData\Roaming\Python\Python313\site-packages\django\template\base.py", line 511, in parse
    compiled_result = compile_func(self, token)
  File "C:\Users\mahmo\AppData\Roaming\Python\Python313\site-packages\django\template\defaulttags.py", line 853, in do_for
    nodelist_loop = parser.parse(
        (
    ...<2 lines>...
        )
    )
  File "C:\Users\mahmo\AppData\Roaming\Python\Python313\site-packages\django\template\base.py", line 507, in parse
    self.invalid_block_tag(token, command, parse_until)
    ~~~~~~~~~~~~~~~~~~~~~~^^^^^^^^^^^^^^^^^^^^^^^^^^^^^
  File "C:\Users\mahmo\AppData\Roaming\Python\Python313\site-packages\django\template\base.py", line 558, in invalid_block_tag
    raise self.error(
    ...<8 lines>...
    )
django.template.exceptions.TemplateSyntaxError: Invalid block tag on line 115: 'endblock', expected 'empty' or 'endfor'. Did you forget to register or load this tag?
ERROR 2025-12-19 05:29:31,960 basehttp 20940 29488 "GET / HTTP/1.1" 500 217300
ERROR 2025-12-19 05:29:32,587 log 20940 29488 Internal Server Error: /
Traceback (most recent call last):
  File "C:\Users\mahmo\AppData\Roaming\Python\Python313\site-packages\django\template\base.py", line 505, in parse
    compile_func = self.tags[command]
                   ~~~~~~~~~^^^^^^^^^
KeyError: 'endblock'

During handling of the above exception, another exception occurred:

Traceback (most recent call last):
  File "C:\Users\mahmo\AppData\Roaming\Python\Python313\site-packages\django\core\handlers\exception.py", line 55, in inner
    response = get_response(request)
  File "C:\Users\mahmo\AppData\Roaming\Python\Python313\site-packages\django\core\handlers\base.py", line 220, in _get_response
    response = response.render()
  File "C:\Users\mahmo\AppData\Roaming\Python\Python313\site-packages\django\template\response.py", line 114, in render
    self.content = self.rendered_content
                   ^^^^^^^^^^^^^^^^^^^^^
  File "C:\Users\mahmo\AppData\Roaming\Python\Python313\site-packages\django\template\response.py", line 90, in rendered_content
    template = self.resolve_template(self.template_name)
  File "C:\Users\mahmo\AppData\Roaming\Python\Python313\site-packages\django\template\response.py", line 72, in resolve_template
    return select_template(template, using=self.using)
  File "C:\Users\mahmo\AppData\Roaming\Python\Python313\site-packages\django\template\loader.py", line 42, in select_template
    return engine.get_template(template_name)
           ~~~~~~~~~~~~~~~~~~~^^^^^^^^^^^^^^^
  File "C:\Users\mahmo\AppData\Roaming\Python\Python313\site-packages\django\template\backends\django.py", line 33, in get_template
    return Template(self.engine.get_template(template_name), self)
                    ~~~~~~~~~~~~~~~~~~~~~~~~^^^^^^^^^^^^^^^
  File "C:\Users\mahmo\AppData\Roaming\Python\Python313\site-packages\django\template\engine.py", line 175, in get_template
    template, origin = self.find_template(template_name)
                       ~~~~~~~~~~~~~~~~~~^^^^^^^^^^^^^^^
  File "C:\Users\mahmo\AppData\Roaming\Python\Python313\site-packages\django\template\engine.py", line 157, in find_template
    template = loader.get_template(name, skip=skip)
  File "C:\Users\mahmo\AppData\Roaming\Python\Python313\site-packages\django\template\loaders\cached.py", line 57, in get_template
    template = super().get_template(template_name, skip)
  File "C:\Users\mahmo\AppData\Roaming\Python\Python313\site-packages\django\template\loaders\base.py", line 28, in get_template
    return Template(
        contents,
    ...<2 lines>...
        self.engine,
    )
  File "C:\Users\mahmo\AppData\Roaming\Python\Python313\site-packages\django\template\base.py", line 154, in __init__
    self.nodelist = self.compile_nodelist()
                    ~~~~~~~~~~~~~~~~~~~~~^^
  File "C:\Users\mahmo\AppData\Roaming\Python\Python313\site-packages\django\template\base.py", line 200, in compile_nodelist
    return parser.parse()
           ~~~~~~~~~~~~^^
  File "C:\Users\mahmo\AppData\Roaming\Python\Python313\site-packages\django\template\base.py", line 513, in parse
    raise self.error(token, e)
  File "C:\Users\mahmo\AppData\Roaming\Python\Python313\site-packages\django\template\base.py", line 511, in parse
    compiled_result = compile_func(self, token)
  File "C:\Users\mahmo\AppData\Roaming\Python\Python313\site-packages\django\template\loader_tags.py", line 293, in do_extends
    nodelist = parser.parse()
  File "C:\Users\mahmo\AppData\Roaming\Python\Python313\site-packages\django\template\base.py", line 513, in parse
    raise self.error(token, e)
  File "C:\Users\mahmo\AppData\Roaming\Python\Python313\site-packages\django\template\base.py", line 511, in parse
    compiled_result = compile_func(self, token)
  File "C:\Users\mahmo\AppData\Roaming\Python\Python313\site-packages\django\template\loader_tags.py", line 232, in do_block
    nodelist = parser.parse(("endblock",))
  File "C:\Users\mahmo\AppData\Roaming\Python\Python313\site-packages\django\template\base.py", line 513, in parse
    raise self.error(token, e)
  File "C:\Users\mahmo\AppData\Roaming\Python\Python313\site-packages\django\template\base.py", line 511, in parse
    compiled_result = compile_func(self, token)
  File "C:\Users\mahmo\AppData\Roaming\Python\Python313\site-packages\django\template\defaulttags.py", line 853, in do_for
    nodelist_loop = parser.parse(
        (
    ...<2 lines>...
        )
    )
  File "C:\Users\mahmo\AppData\Roaming\Python\Python313\site-packages\django\template\base.py", line 513, in parse
    raise self.error(token, e)
  File "C:\Users\mahmo\AppData\Roaming\Python\Python313\site-packages\django\template\base.py", line 511, in parse
    compiled_result = compile_func(self, token)
  File "C:\Users\mahmo\AppData\Roaming\Python\Python313\site-packages\django\template\defaulttags.py", line 853, in do_for
    nodelist_loop = parser.parse(
        (
    ...<2 lines>...
        )
    )
  File "C:\Users\mahmo\AppData\Roaming\Python\Python313\site-packages\django\template\base.py", line 507, in parse
    self.invalid_block_tag(token, command, parse_until)
    ~~~~~~~~~~~~~~~~~~~~~~^^^^^^^^^^^^^^^^^^^^^^^^^^^^^
  File "C:\Users\mahmo\AppData\Roaming\Python\Python313\site-packages\django\template\base.py", line 558, in invalid_block_tag
    raise self.error(
    ...<8 lines>...
    )
django.template.exceptions.TemplateSyntaxError: Invalid block tag on line 115: 'endblock', expected 'empty' or 'endfor'. Did you forget to register or load this tag?
ERROR 2025-12-19 05:29:32,592 basehttp 20940 29488 "GET / HTTP/1.1" 500 217300
ERROR 2025-12-19 05:29:57,540 log 20940 31664 Internal Server Error: /
Traceback (most recent call last):
  File "C:\Users\mahmo\AppData\Roaming\Python\Python313\site-packages\django\template\base.py", line 505, in parse
    compile_func = self.tags[command]
                   ~~~~~~~~~^^^^^^^^^
KeyError: 'endblock'

During handling of the above exception, another exception occurred:

Traceback (most recent call last):
  File "C:\Users\mahmo\AppData\Roaming\Python\Python313\site-packages\django\core\handlers\exception.py", line 55, in inner
    response = get_response(request)
  File "C:\Users\mahmo\AppData\Roaming\Python\Python313\site-packages\django\core\handlers\base.py", line 220, in _get_response
    response = response.render()
  File "C:\Users\mahmo\AppData\Roaming\Python\Python313\site-packages\django\template\response.py", line 114, in render
    self.content = self.rendered_content
                   ^^^^^^^^^^^^^^^^^^^^^
  File "C:\Users\mahmo\AppData\Roaming\Python\Python313\site-packages\django\template\response.py", line 90, in rendered_content
    template = self.resolve_template(self.template_name)
  File "C:\Users\mahmo\AppData\Roaming\Python\Python313\site-packages\django\template\response.py", line 72, in resolve_template
    return select_template(template, using=self.using)
  File "C:\Users\mahmo\AppData\Roaming\Python\Python313\site-packages\django\template\loader.py", line 42, in select_template
    return engine.get_template(template_name)
           ~~~~~~~~~~~~~~~~~~~^^^^^^^^^^^^^^^
  File "C:\Users\mahmo\AppData\Roaming\Python\Python313\site-packages\django\template\backends\django.py", line 33, in get_template
    return Template(self.engine.get_template(template_name), self)
                    ~~~~~~~~~~~~~~~~~~~~~~~~^^^^^^^^^^^^^^^
  File "C:\Users\mahmo\AppData\Roaming\Python\Python313\site-packages\django\template\engine.py", line 175, in get_template
    template, origin = self.find_template(template_name)
                       ~~~~~~~~~~~~~~~~~~^^^^^^^^^^^^^^^
  File "C:\Users\mahmo\AppData\Roaming\Python\Python313\site-packages\django\template\engine.py", line 157, in find_template
    template = loader.get_template(name, skip=skip)
  File "C:\Users\mahmo\AppData\Roaming\Python\Python313\site-packages\django\template\loaders\cached.py", line 57, in get_template
    template = super().get_template(template_name, skip)
  File "C:\Users\mahmo\AppData\Roaming\Python\Python313\site-packages\django\template\loaders\base.py", line 28, in get_template
    return Template(
        contents,
    ...<2 lines>...
        self.engine,
    )
  File "C:\Users\mahmo\AppData\Roaming\Python\Python313\site-packages\django\template\base.py", line 154, in __init__
    self.nodelist = self.compile_nodelist()
                    ~~~~~~~~~~~~~~~~~~~~~^^
  File "C:\Users\mahmo\AppData\Roaming\Python\Python313\site-packages\django\template\base.py", line 200, in compile_nodelist
    return parser.parse()
           ~~~~~~~~~~~~^^
  File "C:\Users\mahmo\AppData\Roaming\Python\Python313\site-packages\django\template\base.py", line 513, in parse
    raise self.error(token, e)
  File "C:\Users\mahmo\AppData\Roaming\Python\Python313\site-packages\django\template\base.py", line 511, in parse
    compiled_result = compile_func(self, token)
  File "C:\Users\mahmo\AppData\Roaming\Python\Python313\site-packages\django\template\loader_tags.py", line 293, in do_extends
    nodelist = parser.parse()
  File "C:\Users\mahmo\AppData\Roaming\Python\Python313\site-packages\django\template\base.py", line 513, in parse
    raise self.error(token, e)
  File "C:\Users\mahmo\AppData\Roaming\Python\Python313\site-packages\django\template\base.py", line 511, in parse
    compiled_result = compile_func(self, token)
  File "C:\Users\mahmo\AppData\Roaming\Python\Python313\site-packages\django\template\loader_tags.py", line 232, in do_block
    nodelist = parser.parse(("endblock",))
  File "C:\Users\mahmo\AppData\Roaming\Python\Python313\site-packages\django\template\base.py", line 513, in parse
    raise self.error(token, e)
  File "C:\Users\mahmo\AppData\Roaming\Python\Python313\site-packages\django\template\base.py", line 511, in parse
    compiled_result = compile_func(self, token)
  File "C:\Users\mahmo\AppData\Roaming\Python\Python313\site-packages\django\template\defaulttags.py", line 853, in do_for
    nodelist_loop = parser.parse(
        (
    ...<2 lines>...
        )
    )
  File "C:\Users\mahmo\AppData\Roaming\Python\Python313\site-packages\django\template\base.py", line 513, in parse
    raise self.error(token, e)
  File "C:\Users\mahmo\AppData\Roaming\Python\Python313\site-packages\django\template\base.py", line 511, in parse
    compiled_result = compile_func(self, token)
  File "C:\Users\mahmo\AppData\Roaming\Python\Python313\site-packages\django\template\defaulttags.py", line 853, in do_for
    nodelist_loop = parser.parse(
        (
    ...<2 lines>...
        )
    )
  File "C:\Users\mahmo\AppData\Roaming\Python\Python313\site-packages\django\template\base.py", line 507, in parse
    self.invalid_block_tag(token, command, parse_until)
    ~~~~~~~~~~~~~~~~~~~~~~^^^^^^^^^^^^^^^^^^^^^^^^^^^^^
  File "C:\Users\mahmo\AppData\Roaming\Python\Python313\site-packages\django\template\base.py", line 558, in invalid_block_tag
    raise self.error(
    ...<8 lines>...
    )
django.template.exceptions.TemplateSyntaxError: Invalid block tag on line 115: 'endblock', expected 'empty' or 'endfor'. Did you forget to register or load this tag?
ERROR 2025-12-19 05:29:57,546 basehttp 20940 31664 "GET / HTTP/1.1" 500 217300
INFO 2025-12-19 05:30:02,221 autoreload 29340 15416 Watching for file changes with StatReloader
INFO 2025-12-19 05:30:03,323 basehttp 29340 31096 "GET /users/ HTTP/1.1" 200 37524
INFO 2025-12-19 05:30:05,025 basehttp 29340 31096 "GET /total_orders HTTP/1.1" 200 42411
ERROR 2025-12-19 05:30:06,434 log 29340 31096 Internal Server Error: /
Traceback (most recent call last):
  File "C:\Users\mahmo\AppData\Roaming\Python\Python313\site-packages\django\template\base.py", line 505, in parse
    compile_func = self.tags[command]
                   ~~~~~~~~~^^^^^^^^^
KeyError: 'endblock'

During handling of the above exception, another exception occurred:

Traceback (most recent call last):
  File "C:\Users\mahmo\AppData\Roaming\Python\Python313\site-packages\django\core\handlers\exception.py", line 55, in inner
    response = get_response(request)
  File "C:\Users\mahmo\AppData\Roaming\Python\Python313\site-packages\django\core\handlers\base.py", line 220, in _get_response
    response = response.render()
  File "C:\Users\mahmo\AppData\Roaming\Python\Python313\site-packages\django\template\response.py", line 114, in render
    self.content = self.rendered_content
                   ^^^^^^^^^^^^^^^^^^^^^
  File "C:\Users\mahmo\AppData\Roaming\Python\Python313\site-packages\django\template\response.py", line 90, in rendered_content
    template = self.resolve_template(self.template_name)
  File "C:\Users\mahmo\AppData\Roaming\Python\Python313\site-packages\django\template\response.py", line 72, in resolve_template
    return select_template(template, using=self.using)
  File "C:\Users\mahmo\AppData\Roaming\Python\Python313\site-packages\django\template\loader.py", line 42, in select_template
    return engine.get_template(template_name)
           ~~~~~~~~~~~~~~~~~~~^^^^^^^^^^^^^^^
  File "C:\Users\mahmo\AppData\Roaming\Python\Python313\site-packages\django\template\backends\django.py", line 33, in get_template
    return Template(self.engine.get_template(template_name), self)
                    ~~~~~~~~~~~~~~~~~~~~~~~~^^^^^^^^^^^^^^^
  File "C:\Users\mahmo\AppData\Roaming\Python\Python313\site-packages\django\template\engine.py", line 175, in get_template
    template, origin = self.find_template(template_name)
                       ~~~~~~~~~~~~~~~~~~^^^^^^^^^^^^^^^
  File "C:\Users\mahmo\AppData\Roaming\Python\Python313\site-packages\django\template\engine.py", line 157, in find_template
    template = loader.get_template(name, skip=skip)
  File "C:\Users\mahmo\AppData\Roaming\Python\Python313\site-packages\django\template\loaders\cached.py", line 57, in get_template
    template = super().get_template(template_name, skip)
  File "C:\Users\mahmo\AppData\Roaming\Python\Python313\site-packages\django\template\loaders\base.py", line 28, in get_template
    return Template(
        contents,
    ...<2 lines>...
        self.engine,
    )
  File "C:\Users\mahmo\AppData\Roaming\Python\Python313\site-packages\django\template\base.py", line 154, in __init__
    self.nodelist = self.compile_nodelist()
                    ~~~~~~~~~~~~~~~~~~~~~^^
  File "C:\Users\mahmo\AppData\Roaming\Python\Python313\site-packages\django\template\base.py", line 200, in compile_nodelist
    return parser.parse()
           ~~~~~~~~~~~~^^
  File "C:\Users\mahmo\AppData\Roaming\Python\Python313\site-packages\django\template\base.py", line 513, in parse
    raise self.error(token, e)
  File "C:\Users\mahmo\AppData\Roaming\Python\Python313\site-packages\django\template\base.py", line 511, in parse
    compiled_result = compile_func(self, token)
  File "C:\Users\mahmo\AppData\Roaming\Python\Python313\site-packages\django\template\loader_tags.py", line 293, in do_extends
    nodelist = parser.parse()
  File "C:\Users\mahmo\AppData\Roaming\Python\Python313\site-packages\django\template\base.py", line 513, in parse
    raise self.error(token, e)
  File "C:\Users\mahmo\AppData\Roaming\Python\Python313\site-packages\django\template\base.py", line 511, in parse
    compiled_result = compile_func(self, token)
  File "C:\Users\mahmo\AppData\Roaming\Python\Python313\site-packages\django\template\loader_tags.py", line 232, in do_block
    nodelist = parser.parse(("endblock",))
  File "C:\Users\mahmo\AppData\Roaming\Python\Python313\site-packages\django\template\base.py", line 513, in parse
    raise self.error(token, e)
  File "C:\Users\mahmo\AppData\Roaming\Python\Python313\site-packages\django\template\base.py", line 511, in parse
    compiled_result = compile_func(self, token)
  File "C:\Users\mahmo\AppData\Roaming\Python\Python313\site-packages\django\template\defaulttags.py", line 853, in do_for
    nodelist_loop = parser.parse(
        (
    ...<2 lines>...
        )
    )
  File "C:\Users\mahmo\AppData\Roaming\Python\Python313\site-packages\django\template\base.py", line 513, in parse
    raise self.error(token, e)
  File "C:\Users\mahmo\AppData\Roaming\Python\Python313\site-packages\django\template\base.py", line 511, in parse
    compiled_result = compile_func(self, token)
  File "C:\Users\mahmo\AppData\Roaming\Python\Python313\site-packages\django\template\defaulttags.py", line 853, in do_for
    nodelist_loop = parser.parse(
        (
    ...<2 lines>...
        )
    )
  File "C:\Users\mahmo\AppData\Roaming\Python\Python313\site-packages\django\template\base.py", line 507, in parse
    self.invalid_block_tag(token, command, parse_until)
    ~~~~~~~~~~~~~~~~~~~~~~^^^^^^^^^^^^^^^^^^^^^^^^^^^^^
  File "C:\Users\mahmo\AppData\Roaming\Python\Python313\site-packages\django\template\base.py", line 558, in invalid_block_tag
    raise self.error(
    ...<8 lines>...
    )
django.template.exceptions.TemplateSyntaxError: Invalid block tag on line 115: 'endblock', expected 'empty' or 'endfor'. Did you forget to register or load this tag?
ERROR 2025-12-19 05:30:06,440 basehttp 29340 31096 "GET / HTTP/1.1" 500 217169
INFO 2025-12-19 05:30:51,838 basehttp 29340 25952 "GET / HTTP/1.1" 200 49830
INFO 2025-12-19 05:30:51,850 basehttp 29340 30324 "GET /static/main/logoamr.png HTTP/1.1" 304 0
INFO 2025-12-19 05:30:51,851 basehttp 29340 25952 "GET /static/main/mainnn.css HTTP/1.1" 304 0
INFO 2025-12-19 05:30:51,853 basehttp 29340 29240 "GET /static/main/makee.js HTTP/1.1" 304 0
INFO 2025-12-19 05:31:13,803 basehttp 29340 23592 "GET / HTTP/1.1" 200 49830
WARNING 2025-12-19 05:31:14,867 log 29340 23592 Not Found: /.well-known/appspecific/com.chrome.devtools.json
WARNING 2025-12-19 05:31:14,868 basehttp 29340 23592 "GET /.well-known/appspecific/com.chrome.devtools.json HTTP/1.1" 404 11119
INFO 2025-12-19 05:31:46,623 basehttp 29340 32236 "GET /manage/items HTTP/1.1" 200 61082
INFO 2025-12-19 05:31:46,637 basehttp 29340 29108 "GET /static/main/logoamr.png HTTP/1.1" 304 0
INFO 2025-12-19 05:31:46,637 basehttp 29340 32236 "GET /static/main/mainnn.css HTTP/1.1" 304 0
INFO 2025-12-19 05:31:53,270 basehttp 29340 32236 "GET / HTTP/1.1" 200 49830
WARNING 2025-12-19 05:32:00,134 log 29340 32236 Not Found: /.well-known/appspecific/com.chrome.devtools.json
WARNING 2025-12-19 05:32:00,135 basehttp 29340 32236 "GET /.well-known/appspecific/com.chrome.devtools.json HTTP/1.1" 404 11119
INFO 2025-12-19 05:32:33,491 basehttp 29340 14924 "GET / HTTP/1.1" 200 49830
INFO 2025-12-19 05:32:33,513 basehttp 29340 14924 "GET /static/main/makee.js HTTP/1.1" 304 0
WARNING 2025-12-19 05:32:33,547 log 29340 14924 Not Found: /.well-known/appspecific/com.chrome.devtools.json
WARNING 2025-12-19 05:32:33,549 basehttp 29340 14924 "GET /.well-known/appspecific/com.chrome.devtools.json HTTP/1.1" 404 11119
INFO 2025-12-19 05:32:46,037 basehttp 29340 744 "GET / HTTP/1.1" 200 49830
WARNING 2025-12-19 05:32:46,083 log 29340 744 Not Found: /.well-known/appspecific/com.chrome.devtools.json
WARNING 2025-12-19 05:32:46,084 basehttp 29340 744 "GET /.well-known/appspecific/com.chrome.devtools.json HTTP/1.1" 404 11119
INFO 2025-12-19 05:32:50,740 autoreload 19504 29052 Watching for file changes with StatReloader
INFO 2025-12-19 05:32:52,531 basehttp 19504 3732 "GET / HTTP/1.1" 200 49830
WARNING 2025-12-19 05:32:52,586 log 19504 3732 Not Found: /.well-known/appspecific/com.chrome.devtools.json
WARNING 2025-12-19 05:32:52,587 basehttp 19504 3732 "GET /.well-known/appspecific/com.chrome.devtools.json HTTP/1.1" 404 11119
INFO 2025-12-19 05:33:25,711 basehttp 19504 3732 "GET / HTTP/1.1" 200 49830
WARNING 2025-12-19 05:33:25,764 log 19504 3732 Not Found: /.well-known/appspecific/com.chrome.devtools.json
WARNING 2025-12-19 05:33:25,765 basehttp 19504 3732 "GET /.well-known/appspecific/com.chrome.devtools.json HTTP/1.1" 404 11119
ERROR 2025-12-19 05:34:11,489 log 19504 3732 Internal Server Error: /
Traceback (most recent call last):
  File "C:\Users\mahmo\AppData\Roaming\Python\Python313\site-packages\django\template\smartif.py", line 179, in translate_token
    op = OPERATORS[token]
         ~~~~~~~~~^^^^^^^
KeyError: 'selected_branch.id==branch.id'

During handling of the above exception, another exception occurred:

Traceback (most recent call last):
  File "C:\Users\mahmo\AppData\Roaming\Python\Python313\site-packages\django\core\handlers\exception.py", line 55, in inner
    response = get_response(request)
  File "C:\Users\mahmo\AppData\Roaming\Python\Python313\site-packages\django\core\handlers\base.py", line 220, in _get_response
    response = response.render()
  File "C:\Users\mahmo\AppData\Roaming\Python\Python313\site-packages\django\template\response.py", line 114, in render
    self.content = self.rendered_content
                   ^^^^^^^^^^^^^^^^^^^^^
  File "C:\Users\mahmo\AppData\Roaming\Python\Python313\site-packages\django\template\response.py", line 90, in rendered_content
    template = self.resolve_template(self.template_name)
  File "C:\Users\mahmo\AppData\Roaming\Python\Python313\site-packages\django\template\response.py", line 72, in resolve_template
    return select_template(template, using=self.using)
  File "C:\Users\mahmo\AppData\Roaming\Python\Python313\site-packages\django\template\loader.py", line 42, in select_template
    return engine.get_template(template_name)
           ~~~~~~~~~~~~~~~~~~~^^^^^^^^^^^^^^^
  File "C:\Users\mahmo\AppData\Roaming\Python\Python313\site-packages\django\template\backends\django.py", line 33, in get_template
    return Template(self.engine.get_template(template_name), self)
                    ~~~~~~~~~~~~~~~~~~~~~~~~^^^^^^^^^^^^^^^
  File "C:\Users\mahmo\AppData\Roaming\Python\Python313\site-packages\django\template\engine.py", line 175, in get_template
    template, origin = self.find_template(template_name)
                       ~~~~~~~~~~~~~~~~~~^^^^^^^^^^^^^^^
  File "C:\Users\mahmo\AppData\Roaming\Python\Python313\site-packages\django\template\engine.py", line 157, in find_template
    template = loader.get_template(name, skip=skip)
  File "C:\Users\mahmo\AppData\Roaming\Python\Python313\site-packages\django\template\loaders\cached.py", line 57, in get_template
    template = super().get_template(template_name, skip)
  File "C:\Users\mahmo\AppData\Roaming\Python\Python313\site-packages\django\template\loaders\base.py", line 28, in get_template
    return Template(
        contents,
    ...<2 lines>...
        self.engine,
    )
  File "C:\Users\mahmo\AppData\Roaming\Python\Python313\site-packages\django\template\base.py", line 154, in __init__
    self.nodelist = self.compile_nodelist()
                    ~~~~~~~~~~~~~~~~~~~~~^^
  File "C:\Users\mahmo\AppData\Roaming\Python\Python313\site-packages\django\template\base.py", line 200, in compile_nodelist
    return parser.parse()
           ~~~~~~~~~~~~^^
  File "C:\Users\mahmo\AppData\Roaming\Python\Python313\site-packages\django\template\base.py", line 513, in parse
    raise self.error(token, e)
  File "C:\Users\mahmo\AppData\Roaming\Python\Python313\site-packages\django\template\base.py", line 511, in parse
    compiled_result = compile_func(self, token)
  File "C:\Users\mahmo\AppData\Roaming\Python\Python313\site-packages\django\template\loader_tags.py", line 293, in do_extends
    nodelist = parser.parse()
  File "C:\Users\mahmo\AppData\Roaming\Python\Python313\site-packages\django\template\base.py", line 513, in parse
    raise self.error(token, e)
  File "C:\Users\mahmo\AppData\Roaming\Python\Python313\site-packages\django\template\base.py", line 511, in parse
    compiled_result = compile_func(self, token)
  File "C:\Users\mahmo\AppData\Roaming\Python\Python313\site-packages\django\template\loader_tags.py", line 232, in do_block
    nodelist = parser.parse(("endblock",))
  File "C:\Users\mahmo\AppData\Roaming\Python\Python313\site-packages\django\template\base.py", line 513, in parse
    raise self.error(token, e)
  File "C:\Users\mahmo\AppData\Roaming\Python\Python313\site-packages\django\template\base.py", line 511, in parse
    compiled_result = compile_func(self, token)
  File "C:\Users\mahmo\AppData\Roaming\Python\Python313\site-packages\django\template\defaulttags.py", line 853, in do_for
    nodelist_loop = parser.parse(
        (
    ...<2 lines>...
        )
    )
  File "C:\Users\mahmo\AppData\Roaming\Python\Python313\site-packages\django\template\base.py", line 513, in parse
    raise self.error(token, e)
  File "C:\Users\mahmo\AppData\Roaming\Python\Python313\site-packages\django\template\base.py", line 511, in parse
    compiled_result = compile_func(self, token)
  File "C:\Users\mahmo\AppData\Roaming\Python\Python313\site-packages\django\template\defaulttags.py", line 952, in do_if
    condition = TemplateIfParser(parser, bits).parse()
                ~~~~~~~~~~~~~~~~^^^^^^^^^^^^^^
  File "C:\Users\mahmo\AppData\Roaming\Python\Python313\site-packages\django\template\defaulttags.py", line 885, in __init__
    super().__init__(*args, **kwargs)
    ~~~~~~~~~~~~~~~~^^^^^^^^^^^^^^^^^
  File "C:\Users\mahmo\AppData\Roaming\Python\Python313\site-packages\django\template\smartif.py", line 170, in __init__
    mapped_tokens.append(self.translate_token(token))
                         ~~~~~~~~~~~~~~~~~~~~^^^^^^^
  File "C:\Users\mahmo\AppData\Roaming\Python\Python313\site-packages\django\template\smartif.py", line 181, in translate_token
    return self.create_var(token)
           ~~~~~~~~~~~~~~~^^^^^^^
  File "C:\Users\mahmo\AppData\Roaming\Python\Python313\site-packages\django\template\defaulttags.py", line 888, in create_var
    return TemplateLiteral(self.template_parser.compile_filter(value), value)
                           ~~~~~~~~~~~~~~~~~~~~~~~~~~~~~~~~~~~^^^^^^^
  File "C:\Users\mahmo\AppData\Roaming\Python\Python313\site-packages\django\template\base.py", line 600, in compile_filter
    return FilterExpression(token, self)
  File "C:\Users\mahmo\AppData\Roaming\Python\Python313\site-packages\django\template\base.py", line 703, in __init__
    raise TemplateSyntaxError(
    ...<2 lines>...
    )
django.template.exceptions.TemplateSyntaxError: Could not parse the remainder: '==branch.id' from 'selected_branch.id==branch.id'
ERROR 2025-12-19 05:34:11,496 basehttp 19504 3732 "GET / HTTP/1.1" 500 240605
WARNING 2025-12-19 05:34:11,539 log 19504 3732 Not Found: /.well-known/appspecific/com.chrome.devtools.json
WARNING 2025-12-19 05:34:11,539 basehttp 19504 3732 "GET /.well-known/appspecific/com.chrome.devtools.json HTTP/1.1" 404 11119
ERROR 2025-12-19 05:34:18,297 log 19504 31872 Internal Server Error: /
Traceback (most recent call last):
  File "C:\Users\mahmo\AppData\Roaming\Python\Python313\site-packages\django\template\smartif.py", line 179, in translate_token
    op = OPERATORS[token]
         ~~~~~~~~~^^^^^^^
KeyError: 'selected_branch.id==branch.id'

During handling of the above exception, another exception occurred:

Traceback (most recent call last):
  File "C:\Users\mahmo\AppData\Roaming\Python\Python313\site-packages\django\core\handlers\exception.py", line 55, in inner
    response = get_response(request)
  File "C:\Users\mahmo\AppData\Roaming\Python\Python313\site-packages\django\core\handlers\base.py", line 220, in _get_response
    response = response.render()
  File "C:\Users\mahmo\AppData\Roaming\Python\Python313\site-packages\django\template\response.py", line 114, in render
    self.content = self.rendered_content
                   ^^^^^^^^^^^^^^^^^^^^^
  File "C:\Users\mahmo\AppData\Roaming\Python\Python313\site-packages\django\template\response.py", line 90, in rendered_content
    template = self.resolve_template(self.template_name)
  File "C:\Users\mahmo\AppData\Roaming\Python\Python313\site-packages\django\template\response.py", line 72, in resolve_template
    return select_template(template, using=self.using)
  File "C:\Users\mahmo\AppData\Roaming\Python\Python313\site-packages\django\template\loader.py", line 42, in select_template
    return engine.get_template(template_name)
           ~~~~~~~~~~~~~~~~~~~^^^^^^^^^^^^^^^
  File "C:\Users\mahmo\AppData\Roaming\Python\Python313\site-packages\django\template\backends\django.py", line 33, in get_template
    return Template(self.engine.get_template(template_name), self)
                    ~~~~~~~~~~~~~~~~~~~~~~~~^^^^^^^^^^^^^^^
  File "C:\Users\mahmo\AppData\Roaming\Python\Python313\site-packages\django\template\engine.py", line 175, in get_template
    template, origin = self.find_template(template_name)
                       ~~~~~~~~~~~~~~~~~~^^^^^^^^^^^^^^^
  File "C:\Users\mahmo\AppData\Roaming\Python\Python313\site-packages\django\template\engine.py", line 157, in find_template
    template = loader.get_template(name, skip=skip)
  File "C:\Users\mahmo\AppData\Roaming\Python\Python313\site-packages\django\template\loaders\cached.py", line 57, in get_template
    template = super().get_template(template_name, skip)
  File "C:\Users\mahmo\AppData\Roaming\Python\Python313\site-packages\django\template\loaders\base.py", line 28, in get_template
    return Template(
        contents,
    ...<2 lines>...
        self.engine,
    )
  File "C:\Users\mahmo\AppData\Roaming\Python\Python313\site-packages\django\template\base.py", line 154, in __init__
    self.nodelist = self.compile_nodelist()
                    ~~~~~~~~~~~~~~~~~~~~~^^
  File "C:\Users\mahmo\AppData\Roaming\Python\Python313\site-packages\django\template\base.py", line 200, in compile_nodelist
    return parser.parse()
           ~~~~~~~~~~~~^^
  File "C:\Users\mahmo\AppData\Roaming\Python\Python313\site-packages\django\template\base.py", line 513, in parse
    raise self.error(token, e)
  File "C:\Users\mahmo\AppData\Roaming\Python\Python313\site-packages\django\template\base.py", line 511, in parse
    compiled_result = compile_func(self, token)
  File "C:\Users\mahmo\AppData\Roaming\Python\Python313\site-packages\django\template\loader_tags.py", line 293, in do_extends
    nodelist = parser.parse()
  File "C:\Users\mahmo\AppData\Roaming\Python\Python313\site-packages\django\template\base.py", line 513, in parse
    raise self.error(token, e)
  File "C:\Users\mahmo\AppData\Roaming\Python\Python313\site-packages\django\template\base.py", line 511, in parse
    compiled_result = compile_func(self, token)
  File "C:\Users\mahmo\AppData\Roaming\Python\Python313\site-packages\django\template\loader_tags.py", line 232, in do_block
    nodelist = parser.parse(("endblock",))
  File "C:\Users\mahmo\AppData\Roaming\Python\Python313\site-packages\django\template\base.py", line 513, in parse
    raise self.error(token, e)
  File "C:\Users\mahmo\AppData\Roaming\Python\Python313\site-packages\django\template\base.py", line 511, in parse
    compiled_result = compile_func(self, token)
  File "C:\Users\mahmo\AppData\Roaming\Python\Python313\site-packages\django\template\defaulttags.py", line 853, in do_for
    nodelist_loop = parser.parse(
        (
    ...<2 lines>...
        )
    )
  File "C:\Users\mahmo\AppData\Roaming\Python\Python313\site-packages\django\template\base.py", line 513, in parse
    raise self.error(token, e)
  File "C:\Users\mahmo\AppData\Roaming\Python\Python313\site-packages\django\template\base.py", line 511, in parse
    compiled_result = compile_func(self, token)
  File "C:\Users\mahmo\AppData\Roaming\Python\Python313\site-packages\django\template\defaulttags.py", line 952, in do_if
    condition = TemplateIfParser(parser, bits).parse()
                ~~~~~~~~~~~~~~~~^^^^^^^^^^^^^^
  File "C:\Users\mahmo\AppData\Roaming\Python\Python313\site-packages\django\template\defaulttags.py", line 885, in __init__
    super().__init__(*args, **kwargs)
    ~~~~~~~~~~~~~~~~^^^^^^^^^^^^^^^^^
  File "C:\Users\mahmo\AppData\Roaming\Python\Python313\site-packages\django\template\smartif.py", line 170, in __init__
    mapped_tokens.append(self.translate_token(token))
                         ~~~~~~~~~~~~~~~~~~~~^^^^^^^
  File "C:\Users\mahmo\AppData\Roaming\Python\Python313\site-packages\django\template\smartif.py", line 181, in translate_token
    return self.create_var(token)
           ~~~~~~~~~~~~~~~^^^^^^^
  File "C:\Users\mahmo\AppData\Roaming\Python\Python313\site-packages\django\template\defaulttags.py", line 888, in create_var
    return TemplateLiteral(self.template_parser.compile_filter(value), value)
                           ~~~~~~~~~~~~~~~~~~~~~~~~~~~~~~~~~~~^^^^^^^
  File "C:\Users\mahmo\AppData\Roaming\Python\Python313\site-packages\django\template\base.py", line 600, in compile_filter
    return FilterExpression(token, self)
  File "C:\Users\mahmo\AppData\Roaming\Python\Python313\site-packages\django\template\base.py", line 703, in __init__
    raise TemplateSyntaxError(
    ...<2 lines>...
    )
django.template.exceptions.TemplateSyntaxError: Could not parse the remainder: '==branch.id' from 'selected_branch.id==branch.id'
ERROR 2025-12-19 05:34:18,302 basehttp 19504 31872 "GET / HTTP/1.1" 500 240585
INFO 2025-12-19 05:34:22,619 basehttp 19504 31872 "GET /manage/items HTTP/1.1" 200 61082
ERROR 2025-12-19 05:34:23,846 log 19504 31872 Internal Server Error: /
Traceback (most recent call last):
  File "C:\Users\mahmo\AppData\Roaming\Python\Python313\site-packages\django\template\smartif.py", line 179, in translate_token
    op = OPERATORS[token]
         ~~~~~~~~~^^^^^^^
KeyError: 'selected_branch.id==branch.id'

During handling of the above exception, another exception occurred:

Traceback (most recent call last):
  File "C:\Users\mahmo\AppData\Roaming\Python\Python313\site-packages\django\core\handlers\exception.py", line 55, in inner
    response = get_response(request)
  File "C:\Users\mahmo\AppData\Roaming\Python\Python313\site-packages\django\core\handlers\base.py", line 220, in _get_response
    response = response.render()
  File "C:\Users\mahmo\AppData\Roaming\Python\Python313\site-packages\django\template\response.py", line 114, in render
    self.content = self.rendered_content
                   ^^^^^^^^^^^^^^^^^^^^^
  File "C:\Users\mahmo\AppData\Roaming\Python\Python313\site-packages\django\template\response.py", line 90, in rendered_content
    template = self.resolve_template(self.template_name)
  File "C:\Users\mahmo\AppData\Roaming\Python\Python313\site-packages\django\template\response.py", line 72, in resolve_template
    return select_template(template, using=self.using)
  File "C:\Users\mahmo\AppData\Roaming\Python\Python313\site-packages\django\template\loader.py", line 42, in select_template
    return engine.get_template(template_name)
           ~~~~~~~~~~~~~~~~~~~^^^^^^^^^^^^^^^
  File "C:\Users\mahmo\AppData\Roaming\Python\Python313\site-packages\django\template\backends\django.py", line 33, in get_template
    return Template(self.engine.get_template(template_name), self)
                    ~~~~~~~~~~~~~~~~~~~~~~~~^^^^^^^^^^^^^^^
  File "C:\Users\mahmo\AppData\Roaming\Python\Python313\site-packages\django\template\engine.py", line 175, in get_template
    template, origin = self.find_template(template_name)
                       ~~~~~~~~~~~~~~~~~~^^^^^^^^^^^^^^^
  File "C:\Users\mahmo\AppData\Roaming\Python\Python313\site-packages\django\template\engine.py", line 157, in find_template
    template = loader.get_template(name, skip=skip)
  File "C:\Users\mahmo\AppData\Roaming\Python\Python313\site-packages\django\template\loaders\cached.py", line 57, in get_template
    template = super().get_template(template_name, skip)
  File "C:\Users\mahmo\AppData\Roaming\Python\Python313\site-packages\django\template\loaders\base.py", line 28, in get_template
    return Template(
        contents,
    ...<2 lines>...
        self.engine,
    )
  File "C:\Users\mahmo\AppData\Roaming\Python\Python313\site-packages\django\template\base.py", line 154, in __init__
    self.nodelist = self.compile_nodelist()
                    ~~~~~~~~~~~~~~~~~~~~~^^
  File "C:\Users\mahmo\AppData\Roaming\Python\Python313\site-packages\django\template\base.py", line 200, in compile_nodelist
    return parser.parse()
           ~~~~~~~~~~~~^^
  File "C:\Users\mahmo\AppData\Roaming\Python\Python313\site-packages\django\template\base.py", line 513, in parse
    raise self.error(token, e)
  File "C:\Users\mahmo\AppData\Roaming\Python\Python313\site-packages\django\template\base.py", line 511, in parse
    compiled_result = compile_func(self, token)
  File "C:\Users\mahmo\AppData\Roaming\Python\Python313\site-packages\django\template\loader_tags.py", line 293, in do_extends
    nodelist = parser.parse()
  File "C:\Users\mahmo\AppData\Roaming\Python\Python313\site-packages\django\template\base.py", line 513, in parse
    raise self.error(token, e)
  File "C:\Users\mahmo\AppData\Roaming\Python\Python313\site-packages\django\template\base.py", line 511, in parse
    compiled_result = compile_func(self, token)
  File "C:\Users\mahmo\AppData\Roaming\Python\Python313\site-packages\django\template\loader_tags.py", line 232, in do_block
    nodelist = parser.parse(("endblock",))
  File "C:\Users\mahmo\AppData\Roaming\Python\Python313\site-packages\django\template\base.py", line 513, in parse
    raise self.error(token, e)
  File "C:\Users\mahmo\AppData\Roaming\Python\Python313\site-packages\django\template\base.py", line 511, in parse
    compiled_result = compile_func(self, token)
  File "C:\Users\mahmo\AppData\Roaming\Python\Python313\site-packages\django\template\defaulttags.py", line 853, in do_for
    nodelist_loop = parser.parse(
        (
    ...<2 lines>...
        )
    )
  File "C:\Users\mahmo\AppData\Roaming\Python\Python313\site-packages\django\template\base.py", line 513, in parse
    raise self.error(token, e)
  File "C:\Users\mahmo\AppData\Roaming\Python\Python313\site-packages\django\template\base.py", line 511, in parse
    compiled_result = compile_func(self, token)
  File "C:\Users\mahmo\AppData\Roaming\Python\Python313\site-packages\django\template\defaulttags.py", line 952, in do_if
    condition = TemplateIfParser(parser, bits).parse()
                ~~~~~~~~~~~~~~~~^^^^^^^^^^^^^^
  File "C:\Users\mahmo\AppData\Roaming\Python\Python313\site-packages\django\template\defaulttags.py", line 885, in __init__
    super().__init__(*args, **kwargs)
    ~~~~~~~~~~~~~~~~^^^^^^^^^^^^^^^^^
  File "C:\Users\mahmo\AppData\Roaming\Python\Python313\site-packages\django\template\smartif.py", line 170, in __init__
    mapped_tokens.append(self.translate_token(token))
                         ~~~~~~~~~~~~~~~~~~~~^^^^^^^
  File "C:\Users\mahmo\AppData\Roaming\Python\Python313\site-packages\django\template\smartif.py", line 181, in translate_token
    return self.create_var(token)
           ~~~~~~~~~~~~~~~^^^^^^^
  File "C:\Users\mahmo\AppData\Roaming\Python\Python313\site-packages\django\template\defaulttags.py", line 888, in create_var
    return TemplateLiteral(self.template_parser.compile_filter(value), value)
                           ~~~~~~~~~~~~~~~~~~~~~~~~~~~~~~~~~~~^^^^^^^
  File "C:\Users\mahmo\AppData\Roaming\Python\Python313\site-packages\django\template\base.py", line 600, in compile_filter
    return FilterExpression(token, self)
  File "C:\Users\mahmo\AppData\Roaming\Python\Python313\site-packages\django\template\base.py", line 703, in __init__
    raise TemplateSyntaxError(
    ...<2 lines>...
    )
django.template.exceptions.TemplateSyntaxError: Could not parse the remainder: '==branch.id' from 'selected_branch.id==branch.id'
ERROR 2025-12-19 05:34:23,852 basehttp 19504 31872 "GET / HTTP/1.1" 500 240448
INFO 2025-12-19 05:36:48,856 basehttp 19504 31872 "GET /users/ HTTP/1.1" 200 37524
INFO 2025-12-19 05:36:48,869 basehttp 19504 31872 "GET /static/main/users_search.js HTTP/1.1" 304 0
INFO 2025-12-19 05:36:51,583 basehttp 19504 31872 "GET /manage/items HTTP/1.1" 200 61082
INFO 2025-12-19 05:37:05,498 basehttp 19504 31872 "GET /total_orders HTTP/1.1" 200 42411
INFO 2025-12-19 05:37:09,139 basehttp 19504 31872 "GET /users/ HTTP/1.1" 200 37524
ERROR 2025-12-19 05:37:10,141 basehttp 19504 31872 "GET /order_info/1 HTTP/1.1" 500 248062
INFO 2025-12-19 05:37:34,420 basehttp 19504 31872 "GET / HTTP/1.1" 200 49100
INFO 2025-12-19 05:37:34,430 basehttp 19504 2292 "GET /static/main/mainnn.css HTTP/1.1" 304 0
INFO 2025-12-19 05:37:34,431 basehttp 19504 29256 "GET /static/main/logoamr.png HTTP/1.1" 304 0
INFO 2025-12-19 05:37:34,475 basehttp 19504 31872 "GET /static/main/make.js HTTP/1.1" 200 5350
INFO 2025-12-19 05:38:39,186 basehttp 19504 31872 "GET / HTTP/1.1" 200 49100
INFO 2025-12-19 05:38:39,196 basehttp 19504 31872 "GET /static/main/make.js HTTP/1.1" 200 5403
WARNING 2025-12-19 05:38:40,492 log 19504 31872 Not Found: /.well-known/appspecific/com.chrome.devtools.json
WARNING 2025-12-19 05:38:40,493 basehttp 19504 31872 "GET /.well-known/appspecific/com.chrome.devtools.json HTTP/1.1" 404 11119
INFO 2025-12-19 05:39:32,466 basehttp 19504 31872 "GET / HTTP/1.1" 200 49100
INFO 2025-12-19 05:39:32,477 basehttp 19504 31872 "GET /static/main/make.js HTTP/1.1" 200 5358
INFO 2025-12-19 05:39:35,501 basehttp 19504 31872 "GET /total_orders HTTP/1.1" 200 42411
INFO 2025-12-19 05:39:38,985 basehttp 19504 31872 "GET /users/ HTTP/1.1" 200 37524
ERROR 2025-12-19 05:39:40,093 basehttp 19504 31872 "GET /order_info/1 HTTP/1.1" 500 248062
ERROR 2025-12-19 05:40:56,753 basehttp 19504 31080 "GET /order_info/1 HTTP/1.1" 500 207560
ERROR 2025-12-19 05:40:57,606 basehttp 19504 31080 "GET /order_info/1 HTTP/1.1" 500 207560
INFO 2025-12-19 05:41:23,156 basehttp 19504 12808 "GET /manage/items HTTP/1.1" 200 61082
INFO 2025-12-19 05:41:37,198 basehttp 19504 328 "GET / HTTP/1.1" 200 49100
INFO 2025-12-19 05:41:37,209 basehttp 19504 328 "GET /static/main/make.js HTTP/1.1" 304 0
INFO 2025-12-19 05:41:39,261 basehttp 19504 328 "GET /users/ HTTP/1.1" 200 37524
ERROR 2025-12-19 05:41:40,661 basehttp 19504 328 "GET /order_info/1 HTTP/1.1" 500 207423
INFO 2025-12-19 05:42:08,421 basehttp 19504 328 "GET /order_info/1 HTTP/1.1" 200 35321
INFO 2025-12-19 05:42:08,432 basehttp 19504 328 "GET /static/main/order_table.js HTTP/1.1" 200 7510
INFO 2025-12-19 05:42:16,797 basehttp 19504 328 "GET /order_info/1 HTTP/1.1" 200 35321
INFO 2025-12-19 05:42:26,306 basehttp 19504 328 "GET /order_info/1 HTTP/1.1" 200 35321
INFO 2025-12-19 05:42:31,246 basehttp 19504 328 "GET /order_info/1 HTTP/1.1" 200 35321
INFO 2025-12-19 05:42:57,643 basehttp 19504 328 "GET / HTTP/1.1" 200 49100
INFO 2025-12-19 05:42:57,653 basehttp 19504 328 "GET /static/main/make.js HTTP/1.1" 304 0
INFO 2025-12-19 05:43:03,762 basehttp 19504 328 "POST / HTTP/1.1" 302 0
INFO 2025-12-19 05:43:03,788 basehttp 19504 328 "GET /order_info/2 HTTP/1.1" 200 38545
INFO 2025-12-19 05:43:06,113 basehttp 19504 328 "GET /order_info/2/add_items HTTP/1.1" 200 44454
INFO 2025-12-19 05:43:26,850 basehttp 19504 328 "GET /delete_order/2 HTTP/1.1" 200 34663
INFO 2025-12-19 05:43:29,500 basehttp 19504 328 "POST /delete_order/2 HTTP/1.1" 302 0
INFO 2025-12-19 05:43:29,524 basehttp 19504 328 "GET /users/1 HTTP/1.1" 200 38836
INFO 2025-12-19 05:43:32,222 basehttp 19504 328 "GET /users/1 HTTP/1.1" 200 38836
INFO 2025-12-19 05:43:34,375 basehttp 19504 328 "GET / HTTP/1.1" 200 49097
INFO 2025-12-19 05:43:34,384 basehttp 19504 328 "GET /static/main/make.js HTTP/1.1" 304 0
INFO 2025-12-19 05:43:37,295 basehttp 19504 328 "GET /users/ HTTP/1.1" 200 37524
INFO 2025-12-19 05:43:37,305 basehttp 19504 328 "GET /static/main/users_search.js HTTP/1.1" 304 0
INFO 2025-12-19 05:43:38,511 basehttp 19504 328 "GET /users/13 HTTP/1.1" 200 33035
INFO 2025-12-19 05:43:40,739 basehttp 19504 328 "GET /users/29 HTTP/1.1" 200 33062
INFO 2025-12-19 05:43:42,572 basehttp 19504 328 "GET /users/1 HTTP/1.1" 200 38836
INFO 2025-12-19 05:43:44,931 basehttp 19504 328 "GET /users/13 HTTP/1.1" 200 33035
INFO 2025-12-19 05:43:46,660 basehttp 19504 328 "GET /users/28 HTTP/1.1" 200 33039
INFO 2025-12-19 05:43:48,377 basehttp 19504 328 "GET /users/13 HTTP/1.1" 200 33035
INFO 2025-12-19 05:43:50,033 basehttp 19504 328 "GET /users/1 HTTP/1.1" 200 38836
INFO 2025-12-19 05:43:59,672 basehttp 19504 328 "GET /order_info/1 HTTP/1.1" 200 38562
INFO 2025-12-19 05:43:59,682 basehttp 19504 6580 "GET /static/main/logoamr.png HTTP/1.1" 304 0
INFO 2025-12-19 05:43:59,682 basehttp 19504 328 "GET /static/main/mainnn.css HTTP/1.1" 304 0
INFO 2025-12-19 05:44:02,301 basehttp 19504 328 "GET /delete_order/1 HTTP/1.1" 200 34663
INFO 2025-12-19 05:44:05,008 basehttp 19504 328 "POST /delete_order/1 HTTP/1.1" 302 0
INFO 2025-12-19 05:44:05,029 basehttp 19504 328 "GET /users/1 HTTP/1.1" 200 33034
INFO 2025-12-19 05:44:06,425 basehttp 19504 328 "GET /users/1 HTTP/1.1" 200 33034
INFO 2025-12-19 05:44:07,815 basehttp 19504 328 "GET / HTTP/1.1" 200 49097
INFO 2025-12-19 05:44:07,826 basehttp 19504 328 "GET /static/main/make.js HTTP/1.1" 304 0
ERROR 2025-12-19 05:44:13,499 log 19504 328 Internal Server Error: /coming_order
Traceback (most recent call last):
  File "C:\Users\mahmo\AppData\Roaming\Python\Python313\site-packages\django\template\smartif.py", line 179, in translate_token
    op = OPERATORS[token]
         ~~~~~~~~~^^^^^^^
KeyError: 'selected_branch.id==cust.id'

During handling of the above exception, another exception occurred:

Traceback (most recent call last):
  File "C:\Users\mahmo\AppData\Roaming\Python\Python313\site-packages\django\core\handlers\exception.py", line 55, in inner
    response = get_response(request)
  File "C:\Users\mahmo\AppData\Roaming\Python\Python313\site-packages\django\core\handlers\base.py", line 197, in _get_response
    response = wrapped_callback(request, *callback_args, **callback_kwargs)
  File "C:\Users\mahmo\AppData\Roaming\Python\Python313\site-packages\django\contrib\auth\decorators.py", line 23, in _wrapper_view
    return view_func(request, *args, **kwargs)
  File "C:\D\Cooding\GENERAL\Al-Asel\main\views_cbv.py", line 902, in coming_order
    return render(request, "main/create_store_order.html", {
        "items_object": items_object,
    ...<2 lines>...
        "selected_branch": selected_branch,
    })
  File "C:\Users\mahmo\AppData\Roaming\Python\Python313\site-packages\django\shortcuts.py", line 24, in render
    content = loader.render_to_string(template_name, context, request, using=using)
  File "C:\Users\mahmo\AppData\Roaming\Python\Python313\site-packages\django\template\loader.py", line 61, in render_to_string
    template = get_template(template_name, using=using)
  File "C:\Users\mahmo\AppData\Roaming\Python\Python313\site-packages\django\template\loader.py", line 15, in get_template
    return engine.get_template(template_name)
           ~~~~~~~~~~~~~~~~~~~^^^^^^^^^^^^^^^
  File "C:\Users\mahmo\AppData\Roaming\Python\Python313\site-packages\django\template\backends\django.py", line 33, in get_template
    return Template(self.engine.get_template(template_name), self)
                    ~~~~~~~~~~~~~~~~~~~~~~~~^^^^^^^^^^^^^^^
  File "C:\Users\mahmo\AppData\Roaming\Python\Python313\site-packages\django\template\engine.py", line 175, in get_template
    template, origin = self.find_template(template_name)
                       ~~~~~~~~~~~~~~~~~~^^^^^^^^^^^^^^^
  File "C:\Users\mahmo\AppData\Roaming\Python\Python313\site-packages\django\template\engine.py", line 157, in find_template
    template = loader.get_template(name, skip=skip)
  File "C:\Users\mahmo\AppData\Roaming\Python\Python313\site-packages\django\template\loaders\cached.py", line 57, in get_template
    template = super().get_template(template_name, skip)
  File "C:\Users\mahmo\AppData\Roaming\Python\Python313\site-packages\django\template\loaders\base.py", line 28, in get_template
    return Template(
        contents,
    ...<2 lines>...
        self.engine,
    )
  File "C:\Users\mahmo\AppData\Roaming\Python\Python313\site-packages\django\template\base.py", line 154, in __init__
    self.nodelist = self.compile_nodelist()
                    ~~~~~~~~~~~~~~~~~~~~~^^
  File "C:\Users\mahmo\AppData\Roaming\Python\Python313\site-packages\django\template\base.py", line 200, in compile_nodelist
    return parser.parse()
           ~~~~~~~~~~~~^^
  File "C:\Users\mahmo\AppData\Roaming\Python\Python313\site-packages\django\template\base.py", line 513, in parse
    raise self.error(token, e)
  File "C:\Users\mahmo\AppData\Roaming\Python\Python313\site-packages\django\template\base.py", line 511, in parse
    compiled_result = compile_func(self, token)
  File "C:\Users\mahmo\AppData\Roaming\Python\Python313\site-packages\django\template\loader_tags.py", line 293, in do_extends
    nodelist = parser.parse()
  File "C:\Users\mahmo\AppData\Roaming\Python\Python313\site-packages\django\template\base.py", line 513, in parse
    raise self.error(token, e)
  File "C:\Users\mahmo\AppData\Roaming\Python\Python313\site-packages\django\template\base.py", line 511, in parse
    compiled_result = compile_func(self, token)
  File "C:\Users\mahmo\AppData\Roaming\Python\Python313\site-packages\django\template\loader_tags.py", line 232, in do_block
    nodelist = parser.parse(("endblock",))
  File "C:\Users\mahmo\AppData\Roaming\Python\Python313\site-packages\django\template\base.py", line 513, in parse
    raise self.error(token, e)
  File "C:\Users\mahmo\AppData\Roaming\Python\Python313\site-packages\django\template\base.py", line 511, in parse
    compiled_result = compile_func(self, token)
  File "C:\Users\mahmo\AppData\Roaming\Python\Python313\site-packages\django\template\defaulttags.py", line 953, in do_if
    nodelist = parser.parse(("elif", "else", "endif"))
  File "C:\Users\mahmo\AppData\Roaming\Python\Python313\site-packages\django\template\base.py", line 513, in parse
    raise self.error(token, e)
  File "C:\Users\mahmo\AppData\Roaming\Python\Python313\site-packages\django\template\base.py", line 511, in parse
    compiled_result = compile_func(self, token)
  File "C:\Users\mahmo\AppData\Roaming\Python\Python313\site-packages\django\template\defaulttags.py", line 853, in do_for
    nodelist_loop = parser.parse(
        (
    ...<2 lines>...
        )
    )
  File "C:\Users\mahmo\AppData\Roaming\Python\Python313\site-packages\django\template\base.py", line 513, in parse
    raise self.error(token, e)
  File "C:\Users\mahmo\AppData\Roaming\Python\Python313\site-packages\django\template\base.py", line 511, in parse
    compiled_result = compile_func(self, token)
  File "C:\Users\mahmo\AppData\Roaming\Python\Python313\site-packages\django\template\defaulttags.py", line 952, in do_if
    condition = TemplateIfParser(parser, bits).parse()
                ~~~~~~~~~~~~~~~~^^^^^^^^^^^^^^
  File "C:\Users\mahmo\AppData\Roaming\Python\Python313\site-packages\django\template\defaulttags.py", line 885, in __init__
    super().__init__(*args, **kwargs)
    ~~~~~~~~~~~~~~~~^^^^^^^^^^^^^^^^^
  File "C:\Users\mahmo\AppData\Roaming\Python\Python313\site-packages\django\template\smartif.py", line 170, in __init__
    mapped_tokens.append(self.translate_token(token))
                         ~~~~~~~~~~~~~~~~~~~~^^^^^^^
  File "C:\Users\mahmo\AppData\Roaming\Python\Python313\site-packages\django\template\smartif.py", line 181, in translate_token
    return self.create_var(token)
           ~~~~~~~~~~~~~~~^^^^^^^
  File "C:\Users\mahmo\AppData\Roaming\Python\Python313\site-packages\django\template\defaulttags.py", line 888, in create_var
    return TemplateLiteral(self.template_parser.compile_filter(value), value)
                           ~~~~~~~~~~~~~~~~~~~~~~~~~~~~~~~~~~~^^^^^^^
  File "C:\Users\mahmo\AppData\Roaming\Python\Python313\site-packages\django\template\base.py", line 600, in compile_filter
    return FilterExpression(token, self)
  File "C:\Users\mahmo\AppData\Roaming\Python\Python313\site-packages\django\template\base.py", line 703, in __init__
    raise TemplateSyntaxError(
    ...<2 lines>...
    )
django.template.exceptions.TemplateSyntaxError: Could not parse the remainder: '==cust.id' from 'selected_branch.id==cust.id'
ERROR 2025-12-19 05:44:13,505 basehttp 19504 328 "GET /coming_order HTTP/1.1" 500 304254
INFO 2025-12-19 05:44:51,636 basehttp 19504 16968 "GET /manage/items HTTP/1.1" 200 61109
INFO 2025-12-19 05:45:06,992 basehttp 19504 16968 "GET /total_orders HTTP/1.1" 200 37724
INFO 2025-12-19 05:45:08,315 basehttp 19504 16968 "GET / HTTP/1.1" 200 49097
INFO 2025-12-19 05:45:08,326 basehttp 19504 16968 "GET /static/main/make.js HTTP/1.1" 304 0
INFO 2025-12-19 05:45:19,039 basehttp 19504 16968 "GET /manage/items HTTP/1.1" 200 61109
INFO 2025-12-19 05:46:15,121 basehttp 19504 16968 "GET / HTTP/1.1" 200 49097
INFO 2025-12-19 05:46:15,135 basehttp 19504 16968 "GET /static/main/make.js HTTP/1.1" 304 0
INFO 2025-12-19 05:46:21,752 basehttp 19504 16968 "GET /users/ HTTP/1.1" 200 36760
INFO 2025-12-19 05:46:24,842 basehttp 19504 16968 "GET /total_orders HTTP/1.1" 200 37724
INFO 2025-12-19 05:46:26,895 basehttp 19504 16968 "GET / HTTP/1.1" 200 49097
INFO 2025-12-19 05:46:31,141 basehttp 19504 16968 "GET /users/ HTTP/1.1" 200 36760
INFO 2025-12-19 05:46:35,124 basehttp 19504 16968 "GET /manage/items HTTP/1.1" 200 61109
INFO 2025-12-19 05:46:55,374 basehttp 19504 30796 "GET /manage/categories HTTP/1.1" 200 42535
INFO 2025-12-19 05:46:57,450 basehttp 19504 30796 "GET /manage/items HTTP/1.1" 200 61109
INFO 2025-12-19 05:46:58,253 basehttp 19504 30796 "GET /manage/categories HTTP/1.1" 200 42535
INFO 2025-12-19 05:47:08,640 basehttp 19504 1724 "GET /manage/items HTTP/1.1" 200 61109
INFO 2025-12-19 05:47:17,810 basehttp 19504 30100 "GET /total_orders HTTP/1.1" 200 37724
INFO 2025-12-19 05:47:18,705 basehttp 19504 30100 "GET / HTTP/1.1" 200 49097
INFO 2025-12-19 05:47:18,715 basehttp 19504 30100 "GET /static/main/make.js HTTP/1.1" 304 0
INFO 2025-12-19 05:47:19,805 basehttp 19504 30100 "GET /users/ HTTP/1.1" 200 36760
INFO 2025-12-19 05:47:23,790 basehttp 19504 30100 "GET / HTTP/1.1" 200 49097
INFO 2025-12-19 05:47:25,207 basehttp 19504 30100 "GET /coming_order HTTP/1.1" 200 45470
INFO 2025-12-19 05:47:28,985 basehttp 19504 30100 "GET /coming_order HTTP/1.1" 200 45470
INFO 2025-12-19 05:47:44,102 basehttp 19504 30100 "GET /coming_order HTTP/1.1" 200 45470
WARNING 2025-12-19 05:47:46,182 log 19504 30100 Not Found: /.well-known/appspecific/com.chrome.devtools.json
WARNING 2025-12-19 05:47:46,183 basehttp 19504 30100 "GET /.well-known/appspecific/com.chrome.devtools.json HTTP/1.1" 404 11119
INFO 2025-12-19 05:47:47,326 autoreload 19504 29052 C:\D\Cooding\GENERAL\Al-Asel\main\views_cbv.py changed, reloading.
INFO 2025-12-19 05:47:48,138 autoreload 25980 30848 Watching for file changes with StatReloader
WARNING 2025-12-19 05:48:08,444 log 25980 7768 Not Found: /.well-known/appspecific/com.chrome.devtools.json
WARNING 2025-12-19 05:48:08,445 basehttp 25980 7768 "GET /.well-known/appspecific/com.chrome.devtools.json HTTP/1.1" 404 11119
INFO 2025-12-19 05:48:20,415 basehttp 25980 31540 "GET /coming_order HTTP/1.1" 200 45470
INFO 2025-12-19 05:48:20,437 basehttp 25980 31540 "GET /static/main/make.js HTTP/1.1" 304 0
WARNING 2025-12-19 05:48:20,468 log 25980 31540 Not Found: /.well-known/appspecific/com.chrome.devtools.json
WARNING 2025-12-19 05:48:20,469 basehttp 25980 31540 "GET /.well-known/appspecific/com.chrome.devtools.json HTTP/1.1" 404 11119
INFO 2025-12-19 05:48:28,149 basehttp 25980 31540 "GET / HTTP/1.1" 200 49097
INFO 2025-12-19 05:48:31,477 basehttp 25980 31540 "GET /coming_order HTTP/1.1" 200 45470
INFO 2025-12-19 05:49:02,918 basehttp 25980 31540 "GET /manage/items HTTP/1.1" 200 62804
WARNING 2025-12-19 05:49:14,098 log 25980 31540 Not Found: /.well-known/appspecific/com.chrome.devtools.json
WARNING 2025-12-19 05:49:14,100 basehttp 25980 31540 "GET /.well-known/appspecific/com.chrome.devtools.json HTTP/1.1" 404 11119
INFO 2025-12-19 05:51:52,696 basehttp 25980 32764 "GET /manage/items HTTP/1.1" 200 62900
INFO 2025-12-19 05:51:52,714 basehttp 25980 5700 "GET /static/main/logoamr.png HTTP/1.1" 304 0
INFO 2025-12-19 05:51:52,715 basehttp 25980 32764 "GET /static/main/mainnn.css HTTP/1.1" 304 0
WARNING 2025-12-19 05:51:52,739 log 25980 32764 Not Found: /.well-known/appspecific/com.chrome.devtools.json
WARNING 2025-12-19 05:51:52,740 basehttp 25980 32764 "GET /.well-known/appspecific/com.chrome.devtools.json HTTP/1.1" 404 11119
INFO 2025-12-19 05:52:14,437 basehttp 25980 11804 "GET /manage/items HTTP/1.1" 200 62804
WARNING 2025-12-19 05:52:14,477 log 25980 11804 Not Found: /.well-known/appspecific/com.chrome.devtools.json
WARNING 2025-12-19 05:52:14,477 basehttp 25980 11804 "GET /.well-known/appspecific/com.chrome.devtools.json HTTP/1.1" 404 11119
INFO 2025-12-19 05:53:25,606 basehttp 25980 11804 "GET /manage/items HTTP/1.1" 200 62795
WARNING 2025-12-19 05:53:25,651 log 25980 11804 Not Found: /.well-known/appspecific/com.chrome.devtools.json
WARNING 2025-12-19 05:53:25,652 basehttp 25980 11804 "GET /.well-known/appspecific/com.chrome.devtools.json HTTP/1.1" 404 11119
INFO 2025-12-19 05:56:21,615 basehttp 25980 16900 "GET /manage/items HTTP/1.1" 200 62804
WARNING 2025-12-19 05:56:21,661 log 25980 16900 Not Found: /.well-known/appspecific/com.chrome.devtools.json
WARNING 2025-12-19 05:56:21,662 basehttp 25980 16900 "GET /.well-known/appspecific/com.chrome.devtools.json HTTP/1.1" 404 11119
INFO 2025-12-19 05:56:55,992 basehttp 25980 31180 "GET /manage/items HTTP/1.1" 200 62804
WARNING 2025-12-19 05:56:56,041 log 25980 31180 Not Found: /.well-known/appspecific/com.chrome.devtools.json
WARNING 2025-12-19 05:56:56,042 basehttp 25980 31180 "GET /.well-known/appspecific/com.chrome.devtools.json HTTP/1.1" 404 11119
INFO 2025-12-19 05:58:10,440 basehttp 25980 31180 "GET /manage/items HTTP/1.1" 200 62909
WARNING 2025-12-19 05:58:10,530 log 25980 31180 Not Found: /.well-known/appspecific/com.chrome.devtools.json
WARNING 2025-12-19 05:58:10,531 basehttp 25980 31180 "GET /.well-known/appspecific/com.chrome.devtools.json HTTP/1.1" 404 11119
INFO 2025-12-19 05:59:04,169 basehttp 25980 18304 "GET /manage/items HTTP/1.1" 200 62804
WARNING 2025-12-19 05:59:04,219 log 25980 18304 Not Found: /.well-known/appspecific/com.chrome.devtools.json
WARNING 2025-12-19 05:59:04,220 basehttp 25980 18304 "GET /.well-known/appspecific/com.chrome.devtools.json HTTP/1.1" 404 11119
INFO 2025-12-19 05:59:23,458 basehttp 25980 12160 "GET /manage/items HTTP/1.1" 200 62794
WARNING 2025-12-19 05:59:23,516 log 25980 12160 Not Found: /.well-known/appspecific/com.chrome.devtools.json
WARNING 2025-12-19 05:59:23,517 basehttp 25980 12160 "GET /.well-known/appspecific/com.chrome.devtools.json HTTP/1.1" 404 11119
INFO 2025-12-19 06:00:47,893 basehttp 25980 23428 "GET /manage/items HTTP/1.1" 200 62804
INFO 2025-12-19 06:00:47,914 basehttp 25980 4212 "GET /static/main/logoamr.png HTTP/1.1" 304 0
INFO 2025-12-19 06:00:47,914 basehttp 25980 23428 "GET /static/main/mainnn.css HTTP/1.1" 304 0
WARNING 2025-12-19 06:00:47,947 log 25980 23428 Not Found: /.well-known/appspecific/com.chrome.devtools.json
WARNING 2025-12-19 06:00:47,948 basehttp 25980 23428 "GET /.well-known/appspecific/com.chrome.devtools.json HTTP/1.1" 404 11119
INFO 2025-12-19 06:01:02,166 autoreload 12260 11120 Watching for file changes with StatReloader
INFO 2025-12-19 06:01:02,698 basehttp 12260 14872 "GET /manage/items HTTP/1.1" 200 62804
WARNING 2025-12-19 06:01:02,762 log 12260 14872 Not Found: /.well-known/appspecific/com.chrome.devtools.json
WARNING 2025-12-19 06:01:02,763 basehttp 12260 14872 "GET /.well-known/appspecific/com.chrome.devtools.json HTTP/1.1" 404 11119
INFO 2025-12-19 06:03:11,208 basehttp 12260 14976 "GET /manage/items HTTP/1.1" 200 62804
WARNING 2025-12-19 06:03:11,267 log 12260 14976 Not Found: /.well-known/appspecific/com.chrome.devtools.json
WARNING 2025-12-19 06:03:11,268 basehttp 12260 14976 "GET /.well-known/appspecific/com.chrome.devtools.json HTTP/1.1" 404 11119
INFO 2025-12-19 06:04:32,609 basehttp 12260 28800 "GET /manage/items HTTP/1.1" 200 62942
WARNING 2025-12-19 06:04:32,665 log 12260 28800 Not Found: /.well-known/appspecific/com.chrome.devtools.json
WARNING 2025-12-19 06:04:32,665 basehttp 12260 28800 "GET /.well-known/appspecific/com.chrome.devtools.json HTTP/1.1" 404 11119
INFO 2025-12-19 06:05:05,957 basehttp 12260 6492 "GET /manage/items HTTP/1.1" 200 62810
WARNING 2025-12-19 06:05:06,009 log 12260 6492 Not Found: /.well-known/appspecific/com.chrome.devtools.json
WARNING 2025-12-19 06:05:06,010 basehttp 12260 6492 "GET /.well-known/appspecific/com.chrome.devtools.json HTTP/1.1" 404 11119
INFO 2025-12-19 06:05:19,821 basehttp 12260 11488 "GET /users/ HTTP/1.1" 200 36760
INFO 2025-12-19 06:05:19,879 basehttp 12260 11488 "GET /static/main/users_search.js HTTP/1.1" 304 0
WARNING 2025-12-19 06:05:19,921 log 12260 11488 Not Found: /.well-known/appspecific/com.chrome.devtools.json
WARNING 2025-12-19 06:05:19,925 basehttp 12260 11488 "GET /.well-known/appspecific/com.chrome.devtools.json HTTP/1.1" 404 11119
INFO 2025-12-19 06:05:21,614 basehttp 12260 11488 "GET / HTTP/1.1" 200 49097
INFO 2025-12-19 06:05:21,641 basehttp 12260 11488 "GET /static/main/make.js HTTP/1.1" 304 0
WARNING 2025-12-19 06:05:21,686 log 12260 11488 Not Found: /.well-known/appspecific/com.chrome.devtools.json
WARNING 2025-12-19 06:05:21,686 basehttp 12260 11488 "GET /.well-known/appspecific/com.chrome.devtools.json HTTP/1.1" 404 11119
INFO 2025-12-19 06:05:23,545 basehttp 12260 11488 "GET /coming_order HTTP/1.1" 200 45470
WARNING 2025-12-19 06:05:23,610 log 12260 11488 Not Found: /.well-known/appspecific/com.chrome.devtools.json
WARNING 2025-12-19 06:05:23,611 basehttp 12260 11488 "GET /.well-known/appspecific/com.chrome.devtools.json HTTP/1.1" 404 11119
INFO 2025-12-19 06:07:04,625 basehttp 12260 12564 "GET /coming_order HTTP/1.1" 200 45470
INFO 2025-12-19 06:07:05,622 basehttp 12260 12564 "GET /coming_order HTTP/1.1" 200 45470
INFO 2025-12-19 06:07:15,899 basehttp 12260 12564 "GET / HTTP/1.1" 200 49097
INFO 2025-12-19 06:07:33,861 basehttp 12260 12564 "GET /users/ HTTP/1.1" 200 36760
INFO 2025-12-19 06:07:38,079 basehttp 12260 12564 "GET / HTTP/1.1" 200 49097
INFO 2025-12-19 06:07:39,110 basehttp 12260 12564 "GET /coming_order HTTP/1.1" 200 45470
INFO 2025-12-19 06:07:52,262 basehttp 12260 12564 "GET / HTTP/1.1" 200 49097
INFO 2025-12-19 06:07:53,586 basehttp 12260 12564 "GET /coming_order HTTP/1.1" 200 45470
INFO 2025-12-19 06:08:02,343 basehttp 12260 12564 "GET / HTTP/1.1" 200 49097
INFO 2025-12-19 06:08:02,353 basehttp 12260 12564 "GET /static/main/make.js HTTP/1.1" 304 0
INFO 2025-12-19 06:10:45,138 basehttp 12260 12564 "GET / HTTP/1.1" 200 49097
INFO 2025-12-19 06:10:45,152 basehttp 12260 13696 "GET /static/main/logoamr.png HTTP/1.1" 304 0
INFO 2025-12-19 06:10:45,153 basehttp 12260 12564 "GET /static/main/mainnn.css HTTP/1.1" 304 0
INFO 2025-12-19 06:10:46,613 basehttp 12260 12564 "GET /coming_order HTTP/1.1" 200 46254
INFO 2025-12-19 06:10:55,565 basehttp 12260 12564 "GET / HTTP/1.1" 200 49097
INFO 2025-12-19 06:10:55,578 basehttp 12260 12564 "GET /static/main/make.js HTTP/1.1" 304 0
INFO 2025-12-19 06:14:03,645 basehttp 12260 12564 "GET / HTTP/1.1" 200 49097
INFO 2025-12-19 06:14:09,125 basehttp 12260 12564 "GET / HTTP/1.1" 200 49097
INFO 2025-12-19 06:14:09,134 basehttp 12260 12564 "GET /static/main/make.js HTTP/1.1" 304 0
INFO 2025-12-19 06:14:53,169 basehttp 12260 12564 "GET / HTTP/1.1" 200 49097
WARNING 2025-12-19 06:14:54,037 log 12260 12564 Not Found: /.well-known/appspecific/com.chrome.devtools.json
WARNING 2025-12-19 06:14:54,038 basehttp 12260 12564 "GET /.well-known/appspecific/com.chrome.devtools.json HTTP/1.1" 404 11119
INFO 2025-12-19 06:17:22,472 basehttp 12260 12564 "GET /users/ HTTP/1.1" 200 36760
INFO 2025-12-19 06:17:22,502 basehttp 12260 12564 "GET /static/main/users_search.js HTTP/1.1" 304 0
WARNING 2025-12-19 06:17:22,548 log 12260 12564 Not Found: /.well-known/appspecific/com.chrome.devtools.json
WARNING 2025-12-19 06:17:22,549 basehttp 12260 12564 "GET /.well-known/appspecific/com.chrome.devtools.json HTTP/1.1" 404 11119
INFO 2025-12-19 06:17:23,963 basehttp 12260 23228 "GET / HTTP/1.1" 200 49097
WARNING 2025-12-19 06:17:24,029 log 12260 23228 Not Found: /.well-known/appspecific/com.chrome.devtools.json
WARNING 2025-12-19 06:17:24,030 basehttp 12260 23228 "GET /.well-known/appspecific/com.chrome.devtools.json HTTP/1.1" 404 11119
INFO 2025-12-19 06:17:33,981 basehttp 12260 23228 "GET /manage/items HTTP/1.1" 200 62810
INFO 2025-12-19 06:18:00,846 basehttp 12260 23228 "GET / HTTP/1.1" 200 49097
INFO 2025-12-19 06:18:00,910 basehttp 12260 23228 "GET /static/main/make.js HTTP/1.1" 200 6964
INFO 2025-12-19 06:18:23,877 basehttp 12260 23228 "GET /total_orders HTTP/1.1" 200 37724
INFO 2025-12-19 06:18:26,221 basehttp 12260 23228 "GET /users/ HTTP/1.1" 200 36760
INFO 2025-12-19 06:18:28,198 basehttp 12260 23228 "GET / HTTP/1.1" 200 49097
INFO 2025-12-19 06:18:28,210 basehttp 12260 23228 "GET /static/main/make.js HTTP/1.1" 304 0
INFO 2025-12-19 06:18:33,202 basehttp 12260 23228 "POST / HTTP/1.1" 302 0
INFO 2025-12-19 06:18:33,261 basehttp 12260 23228 "GET /order_info/3 HTTP/1.1" 200 38545
INFO 2025-12-19 06:18:33,279 basehttp 12260 23228 "GET /static/main/order_table.js HTTP/1.1" 304 0
INFO 2025-12-19 06:18:36,881 basehttp 12260 23228 "GET / HTTP/1.1" 200 49097
INFO 2025-12-19 06:18:36,890 basehttp 12260 23228 "GET /static/main/make.js HTTP/1.1" 304 0
INFO 2025-12-19 06:18:41,256 basehttp 12260 23228 "GET /delete_order/3 HTTP/1.1" 200 34663
INFO 2025-12-19 06:18:43,099 basehttp 12260 23228 "POST /delete_order/3 HTTP/1.1" 302 0
INFO 2025-12-19 06:18:43,121 basehttp 12260 23228 "GET /users/1 HTTP/1.1" 200 33034
INFO 2025-12-19 06:18:45,328 basehttp 12260 23228 "GET / HTTP/1.1" 200 49097
INFO 2025-12-19 06:18:45,343 basehttp 12260 23228 "GET /static/main/make.js HTTP/1.1" 304 0
WARNING 2025-12-19 06:19:03,826 log 12260 23228 Not Found: /.well-known/appspecific/com.chrome.devtools.json
WARNING 2025-12-19 06:19:03,827 basehttp 12260 23228 "GET /.well-known/appspecific/com.chrome.devtools.json HTTP/1.1" 404 11119
INFO 2025-12-19 06:20:57,284 basehttp 12260 16448 "GET / HTTP/1.1" 200 49127
INFO 2025-12-19 06:20:57,306 basehttp 12260 30220 "GET /static/main/logoamr.png HTTP/1.1" 304 0
INFO 2025-12-19 06:20:57,306 basehttp 12260 16448 "GET /static/main/mainnn.css HTTP/1.1" 304 0
INFO 2025-12-19 06:20:57,308 basehttp 12260 30176 "GET /static/main/make.js HTTP/1.1" 304 0
WARNING 2025-12-19 06:20:57,332 log 12260 30176 Not Found: /.well-known/appspecific/com.chrome.devtools.json
WARNING 2025-12-19 06:20:57,333 basehttp 12260 30176 "GET /.well-known/appspecific/com.chrome.devtools.json HTTP/1.1" 404 11119
INFO 2025-12-19 06:21:08,988 basehttp 12260 30176 "GET /manage/items HTTP/1.1" 200 62810
WARNING 2025-12-19 06:21:09,067 log 12260 30176 Not Found: /.well-known/appspecific/com.chrome.devtools.json
WARNING 2025-12-19 06:21:09,068 basehttp 12260 30176 "GET /.well-known/appspecific/com.chrome.devtools.json HTTP/1.1" 404 11119
WARNING 2025-12-19 06:21:17,827 log 12260 30176 Not Found: /.well-known/appspecific/com.chrome.devtools.json
WARNING 2025-12-19 06:21:17,828 basehttp 12260 30176 "GET /.well-known/appspecific/com.chrome.devtools.json HTTP/1.1" 404 11119
WARNING 2025-12-19 06:21:17,880 log 12260 30176 Not Found: /.well-known/appspecific/com.chrome.devtools.json
WARNING 2025-12-19 06:21:17,880 basehttp 12260 30176 "GET /.well-known/appspecific/com.chrome.devtools.json HTTP/1.1" 404 11119
INFO 2025-12-19 06:21:33,350 basehttp 12260 30176 "GET /users/ HTTP/1.1" 200 36760
WARNING 2025-12-19 06:21:33,403 log 12260 30176 Not Found: /.well-known/appspecific/com.chrome.devtools.json
WARNING 2025-12-19 06:21:33,404 basehttp 12260 30176 "GET /.well-known/appspecific/com.chrome.devtools.json HTTP/1.1" 404 11119
INFO 2025-12-19 06:21:34,449 basehttp 12260 30176 "GET / HTTP/1.1" 200 49127
INFO 2025-12-19 06:21:34,476 basehttp 12260 30176 "GET /static/main/make.js HTTP/1.1" 304 0
WARNING 2025-12-19 06:21:34,506 log 12260 30176 Not Found: /.well-known/appspecific/com.chrome.devtools.json
WARNING 2025-12-19 06:21:34,507 basehttp 12260 30176 "GET /.well-known/appspecific/com.chrome.devtools.json HTTP/1.1" 404 11119
INFO 2025-12-19 06:23:35,457 basehttp 12260 31304 "GET / HTTP/1.1" 200 49097
INFO 2025-12-19 06:23:35,473 basehttp 12260 31304 "GET /static/main/make.js HTTP/1.1" 304 0
WARNING 2025-12-19 06:23:35,502 log 12260 31304 Not Found: /.well-known/appspecific/com.chrome.devtools.json
WARNING 2025-12-19 06:23:35,503 basehttp 12260 31304 "GET /.well-known/appspecific/com.chrome.devtools.json HTTP/1.1" 404 11119
INFO 2025-12-19 06:26:10,107 autoreload 12260 11120 C:\D\Cooding\GENERAL\Al-Asel\main\views_cbv.py changed, reloading.
INFO 2025-12-19 06:26:10,759 autoreload 32692 25764 Watching for file changes with StatReloader
INFO 2025-12-19 06:26:36,945 basehttp 32692 32028 "GET / HTTP/1.1" 200 49097
INFO 2025-12-19 06:26:36,962 basehttp 32692 32028 "GET /static/main/make.js HTTP/1.1" 304 0
WARNING 2025-12-19 06:26:37,008 log 32692 32028 Not Found: /.well-known/appspecific/com.chrome.devtools.json
WARNING 2025-12-19 06:26:37,009 basehttp 32692 32028 "GET /.well-known/appspecific/com.chrome.devtools.json HTTP/1.1" 404 11119
INFO 2025-12-19 06:26:48,923 basehttp 32692 32028 "GET /coming_order HTTP/1.1" 200 46931
INFO 2025-12-19 06:27:16,679 autoreload 32692 25764 C:\D\Cooding\GENERAL\Al-Asel\main\urls.py changed, reloading.
INFO 2025-12-19 06:27:17,689 autoreload 12680 7488 Watching for file changes with StatReloader
INFO 2025-12-19 06:28:22,508 basehttp 12680 12908 "GET / HTTP/1.1" 200 51188
INFO 2025-12-19 06:28:22,518 basehttp 12680 12908 "GET /static/main/make.js HTTP/1.1" 304 0
INFO 2025-12-19 06:28:29,546 basehttp 12680 15264 "GET /coming_order HTTP/1.1" 200 46931
INFO 2025-12-19 06:28:32,474 basehttp 12680 15264 "GET / HTTP/1.1" 200 51188
INFO 2025-12-19 06:29:36,632 autoreload 12680 7488 C:\D\Cooding\GENERAL\Al-Asel\main\views_cbv.py changed, reloading.
INFO 2025-12-19 06:29:37,172 autoreload 24916 7192 Watching for file changes with StatReloader
INFO 2025-12-19 06:29:39,718 basehttp 24916 32516 "GET / HTTP/1.1" 200 51959
INFO 2025-12-19 06:29:39,727 basehttp 24916 32516 "GET /static/main/make.js HTTP/1.1" 304 0
INFO 2025-12-19 06:29:39,834 basehttp 24916 32516 "GET /api/branch_stock/1 HTTP/1.1" 200 37
INFO 2025-12-19 06:29:45,433 basehttp 24916 10896 "GET /api/branch_stock/13 HTTP/1.1" 200 83
INFO 2025-12-19 06:29:47,691 basehttp 24916 10896 "GET /api/branch_stock/28 HTTP/1.1" 200 30
INFO 2025-12-19 06:29:53,317 basehttp 24916 10896 "GET /api/branch_stock/13 HTTP/1.1" 200 83
INFO 2025-12-19 06:29:55,810 basehttp 24916 29664 "GET /api/branch_stock/1 HTTP/1.1" 200 37
INFO 2025-12-19 06:30:18,180 basehttp 24916 32608 "GET /api/branch_stock/13 HTTP/1.1" 200 83
INFO 2025-12-19 06:30:19,697 basehttp 24916 29888 "GET /api/branch_stock/1 HTTP/1.1" 200 37
INFO 2025-12-19 06:30:21,245 basehttp 24916 29888 "GET /api/branch_stock/28 HTTP/1.1" 200 30
INFO 2025-12-19 06:30:23,076 basehttp 24916 29888 "GET /api/branch_stock/13 HTTP/1.1" 200 83
INFO 2025-12-19 06:30:24,600 basehttp 24916 29888 "GET /api/branch_stock/1 HTTP/1.1" 200 37
INFO 2025-12-19 06:30:26,813 basehttp 24916 29888 "GET /api/branch_stock/13 HTTP/1.1" 200 83
INFO 2025-12-19 06:30:46,176 basehttp 24916 28764 "GET /coming_order HTTP/1.1" 200 46931
ERROR 2025-12-19 06:30:53,653 log 24916 29296 Internal Server Error: /transfer/make/
Traceback (most recent call last):
  File "C:\Users\mahmo\AppData\Roaming\Python\Python313\site-packages\django\template\smartif.py", line 179, in translate_token
    op = OPERATORS[token]
         ~~~~~~~~~^^^^^^^
KeyError: 'selected_from_branch.id==branch.id'

During handling of the above exception, another exception occurred:

Traceback (most recent call last):
  File "C:\Users\mahmo\AppData\Roaming\Python\Python313\site-packages\django\core\handlers\exception.py", line 55, in inner
    response = get_response(request)
  File "C:\Users\mahmo\AppData\Roaming\Python\Python313\site-packages\django\core\handlers\base.py", line 220, in _get_response
    response = response.render()
  File "C:\Users\mahmo\AppData\Roaming\Python\Python313\site-packages\django\template\response.py", line 114, in render
    self.content = self.rendered_content
                   ^^^^^^^^^^^^^^^^^^^^^
  File "C:\Users\mahmo\AppData\Roaming\Python\Python313\site-packages\django\template\response.py", line 90, in rendered_content
    template = self.resolve_template(self.template_name)
  File "C:\Users\mahmo\AppData\Roaming\Python\Python313\site-packages\django\template\response.py", line 72, in resolve_template
    return select_template(template, using=self.using)
  File "C:\Users\mahmo\AppData\Roaming\Python\Python313\site-packages\django\template\loader.py", line 42, in select_template
    return engine.get_template(template_name)
           ~~~~~~~~~~~~~~~~~~~^^^^^^^^^^^^^^^
  File "C:\Users\mahmo\AppData\Roaming\Python\Python313\site-packages\django\template\backends\django.py", line 33, in get_template
    return Template(self.engine.get_template(template_name), self)
                    ~~~~~~~~~~~~~~~~~~~~~~~~^^^^^^^^^^^^^^^
  File "C:\Users\mahmo\AppData\Roaming\Python\Python313\site-packages\django\template\engine.py", line 175, in get_template
    template, origin = self.find_template(template_name)
                       ~~~~~~~~~~~~~~~~~~^^^^^^^^^^^^^^^
  File "C:\Users\mahmo\AppData\Roaming\Python\Python313\site-packages\django\template\engine.py", line 157, in find_template
    template = loader.get_template(name, skip=skip)
  File "C:\Users\mahmo\AppData\Roaming\Python\Python313\site-packages\django\template\loaders\cached.py", line 57, in get_template
    template = super().get_template(template_name, skip)
  File "C:\Users\mahmo\AppData\Roaming\Python\Python313\site-packages\django\template\loaders\base.py", line 28, in get_template
    return Template(
        contents,
    ...<2 lines>...
        self.engine,
    )
  File "C:\Users\mahmo\AppData\Roaming\Python\Python313\site-packages\django\template\base.py", line 154, in __init__
    self.nodelist = self.compile_nodelist()
                    ~~~~~~~~~~~~~~~~~~~~~^^
  File "C:\Users\mahmo\AppData\Roaming\Python\Python313\site-packages\django\template\base.py", line 200, in compile_nodelist
    return parser.parse()
           ~~~~~~~~~~~~^^
  File "C:\Users\mahmo\AppData\Roaming\Python\Python313\site-packages\django\template\base.py", line 513, in parse
    raise self.error(token, e)
  File "C:\Users\mahmo\AppData\Roaming\Python\Python313\site-packages\django\template\base.py", line 511, in parse
    compiled_result = compile_func(self, token)
  File "C:\Users\mahmo\AppData\Roaming\Python\Python313\site-packages\django\template\loader_tags.py", line 293, in do_extends
    nodelist = parser.parse()
  File "C:\Users\mahmo\AppData\Roaming\Python\Python313\site-packages\django\template\base.py", line 513, in parse
    raise self.error(token, e)
  File "C:\Users\mahmo\AppData\Roaming\Python\Python313\site-packages\django\template\base.py", line 511, in parse
    compiled_result = compile_func(self, token)
  File "C:\Users\mahmo\AppData\Roaming\Python\Python313\site-packages\django\template\loader_tags.py", line 232, in do_block
    nodelist = parser.parse(("endblock",))
  File "C:\Users\mahmo\AppData\Roaming\Python\Python313\site-packages\django\template\base.py", line 513, in parse
    raise self.error(token, e)
  File "C:\Users\mahmo\AppData\Roaming\Python\Python313\site-packages\django\template\base.py", line 511, in parse
    compiled_result = compile_func(self, token)
  File "C:\Users\mahmo\AppData\Roaming\Python\Python313\site-packages\django\template\defaulttags.py", line 853, in do_for
    nodelist_loop = parser.parse(
        (
    ...<2 lines>...
        )
    )
  File "C:\Users\mahmo\AppData\Roaming\Python\Python313\site-packages\django\template\base.py", line 513, in parse
    raise self.error(token, e)
  File "C:\Users\mahmo\AppData\Roaming\Python\Python313\site-packages\django\template\base.py", line 511, in parse
    compiled_result = compile_func(self, token)
  File "C:\Users\mahmo\AppData\Roaming\Python\Python313\site-packages\django\template\defaulttags.py", line 952, in do_if
    condition = TemplateIfParser(parser, bits).parse()
                ~~~~~~~~~~~~~~~~^^^^^^^^^^^^^^
  File "C:\Users\mahmo\AppData\Roaming\Python\Python313\site-packages\django\template\defaulttags.py", line 885, in __init__
    super().__init__(*args, **kwargs)
    ~~~~~~~~~~~~~~~~^^^^^^^^^^^^^^^^^
  File "C:\Users\mahmo\AppData\Roaming\Python\Python313\site-packages\django\template\smartif.py", line 170, in __init__
    mapped_tokens.append(self.translate_token(token))
                         ~~~~~~~~~~~~~~~~~~~~^^^^^^^
  File "C:\Users\mahmo\AppData\Roaming\Python\Python313\site-packages\django\template\smartif.py", line 181, in translate_token
    return self.create_var(token)
           ~~~~~~~~~~~~~~~^^^^^^^
  File "C:\Users\mahmo\AppData\Roaming\Python\Python313\site-packages\django\template\defaulttags.py", line 888, in create_var
    return TemplateLiteral(self.template_parser.compile_filter(value), value)
                           ~~~~~~~~~~~~~~~~~~~~~~~~~~~~~~~~~~~^^^^^^^
  File "C:\Users\mahmo\AppData\Roaming\Python\Python313\site-packages\django\template\base.py", line 600, in compile_filter
    return FilterExpression(token, self)
  File "C:\Users\mahmo\AppData\Roaming\Python\Python313\site-packages\django\template\base.py", line 703, in __init__
    raise TemplateSyntaxError(
    ...<2 lines>...
    )
django.template.exceptions.TemplateSyntaxError: Could not parse the remainder: '==branch.id' from 'selected_from_branch.id==branch.id'
ERROR 2025-12-19 06:30:53,660 basehttp 24916 29296 "GET /transfer/make/ HTTP/1.1" 500 269883
INFO 2025-12-19 06:31:00,303 basehttp 24916 22888 "GET /users/all_coming_orders HTTP/1.1" 200 36496
INFO 2025-12-19 06:31:07,062 basehttp 24916 22888 "GET /transfer/history/ HTTP/1.1" 200 33296
INFO 2025-12-19 06:31:09,633 basehttp 24916 14784 "GET /transfer/stock/ HTTP/1.1" 200 33042
INFO 2025-12-19 06:31:13,382 basehttp 24916 14784 "GET /transfer/stock/?branch_id=1 HTTP/1.1" 200 34564
INFO 2025-12-19 06:31:15,893 basehttp 24916 14784 "GET /transfer/stock/?branch_id=13 HTTP/1.1" 200 38238
INFO 2025-12-19 06:31:18,078 basehttp 24916 14784 "GET /transfer/stock/?branch_id=1 HTTP/1.1" 200 34564
INFO 2025-12-19 06:31:20,810 basehttp 24916 9804 "GET /transfer/stock/?branch_id=28 HTTP/1.1" 200 34045
INFO 2025-12-19 06:31:23,188 basehttp 24916 9804 "GET /transfer/stock/?branch_id=13 HTTP/1.1" 200 38238
INFO 2025-12-19 06:31:35,457 basehttp 24916 25208 "GET / HTTP/1.1" 200 51959
INFO 2025-12-19 06:31:35,466 basehttp 24916 25208 "GET /static/main/make.js HTTP/1.1" 304 0
INFO 2025-12-19 06:31:35,653 basehttp 24916 25208 "GET /api/branch_stock/1 HTTP/1.1" 200 37
INFO 2025-12-19 06:31:36,756 basehttp 24916 25208 "GET /coming_order HTTP/1.1" 200 46931
INFO 2025-12-19 06:31:36,764 basehttp 24916 27808 "GET /static/main/logoamr.png HTTP/1.1" 304 0
INFO 2025-12-19 06:31:36,764 basehttp 24916 25208 "GET /static/main/mainnn.css HTTP/1.1" 304 0
INFO 2025-12-19 06:34:51,396 basehttp 24916 27808 "GET /coming_order HTTP/1.1" 200 48784
INFO 2025-12-19 06:34:51,406 basehttp 24916 27808 "GET /static/main/make.js HTTP/1.1" 304 0
INFO 2025-12-19 06:34:56,860 basehttp 24916 11368 "GET /api/branch_stock/1 HTTP/1.1" 200 37
INFO 2025-12-19 06:34:58,759 basehttp 24916 11368 "GET /api/branch_stock/13 HTTP/1.1" 200 83
INFO 2025-12-19 06:35:03,529 basehttp 24916 11368 "GET / HTTP/1.1" 200 51959
INFO 2025-12-19 06:35:03,693 basehttp 24916 11368 "GET /api/branch_stock/1 HTTP/1.1" 200 37
INFO 2025-12-25 18:57:30,354 autoreload 27404 17988 Watching for file changes with StatReloader
INFO 2025-12-25 18:57:32,970 basehttp 27404 10512 "GET / HTTP/1.1" 302 0
INFO 2025-12-25 18:57:33,041 basehttp 27404 10512 "GET /login/?next=/ HTTP/1.1" 200 5164
INFO 2025-12-25 18:57:33,069 basehttp 27404 10512 "GET / HTTP/1.1" 302 0
INFO 2025-12-25 18:57:33,089 basehttp 27404 10512 "GET /login/?next=/ HTTP/1.1" 200 5164
INFO 2025-12-25 18:57:33,226 basehttp 27404 10512 "GET /static/main/logoamr.png HTTP/1.1" 200 38244
INFO 2025-12-25 18:57:35,827 basehttp 27404 1688 "POST /login/ HTTP/1.1" 200 5481
INFO 2025-12-25 18:57:39,687 basehttp 27404 1688 "POST /login/ HTTP/1.1" 302 0
INFO 2025-12-25 18:57:39,724 basehttp 27404 1688 "GET / HTTP/1.1" 200 51959
INFO 2025-12-25 18:57:39,733 basehttp 27404 8428 "GET /static/main/make.js HTTP/1.1" 200 6964
INFO 2025-12-25 18:57:39,735 basehttp 27404 1688 "GET /static/main/mainnn.css HTTP/1.1" 200 10819
INFO 2025-12-25 18:57:39,878 basehttp 27404 1688 "GET /api/branch_stock/1 HTTP/1.1" 200 37
INFO 2025-12-25 18:57:45,066 basehttp 27404 1688 "GET /coming_order HTTP/1.1" 200 48784
ERROR 2025-12-25 18:57:53,219 log 27404 17524 Internal Server Error: /manage/items
Traceback (most recent call last):
  File "C:\Users\mahmo\AppData\Roaming\Python\Python313\site-packages\django\core\handlers\exception.py", line 55, in inner
    response = get_response(request)
  File "C:\Users\mahmo\AppData\Roaming\Python\Python313\site-packages\django\core\handlers\base.py", line 197, in _get_response
    response = wrapped_callback(request, *callback_args, **callback_kwargs)
  File "C:\Users\mahmo\AppData\Roaming\Python\Python313\site-packages\django\views\generic\base.py", line 104, in view
    return self.dispatch(request, *args, **kwargs)
           ~~~~~~~~~~~~~^^^^^^^^^^^^^^^^^^^^^^^^^^
  File "C:\Users\mahmo\AppData\Roaming\Python\Python313\site-packages\django\contrib\auth\mixins.py", line 73, in dispatch
    return super().dispatch(request, *args, **kwargs)
           ~~~~~~~~~~~~~~~~^^^^^^^^^^^^^^^^^^^^^^^^^^
  File "C:\Users\mahmo\AppData\Roaming\Python\Python313\site-packages\django\views\generic\base.py", line 143, in dispatch
    return handler(request, *args, **kwargs)
  File "C:\Users\mahmo\AppData\Roaming\Python\Python313\site-packages\django\views\generic\base.py", line 226, in get
    context = self.get_context_data(**kwargs)
  File "C:\D\Cooding\GENERAL\Al-Asel\main\views_cbv.py", line 1165, in get_context_data
    for item in items:
                ^^^^^
  File "C:\Users\mahmo\AppData\Roaming\Python\Python313\site-packages\django\db\models\query.py", line 398, in __iter__
    self._fetch_all()
    ~~~~~~~~~~~~~~~^^
  File "C:\Users\mahmo\AppData\Roaming\Python\Python313\site-packages\django\db\models\query.py", line 1883, in _fetch_all
    self._prefetch_related_objects()
    ~~~~~~~~~~~~~~~~~~~~~~~~~~~~~~^^
  File "C:\Users\mahmo\AppData\Roaming\Python\Python313\site-packages\django\db\models\query.py", line 1273, in _prefetch_related_objects
    prefetch_related_objects(self._result_cache, *self._prefetch_related_lookups)
    ~~~~~~~~~~~~~~~~~~~~~~~~^^^^^^^^^^^^^^^^^^^^^^^^^^^^^^^^^^^^^^^^^^^^^^^^^^^^^
  File "C:\Users\mahmo\AppData\Roaming\Python\Python313\site-packages\django\db\models\query.py", line 2296, in prefetch_related_objects
    raise AttributeError(
    ...<7 lines>...
    )
AttributeError: Cannot find 'branchstock_set' on Item object, 'branchstock_set__branch' is an invalid parameter to prefetch_related()
ERROR 2025-12-25 18:57:53,225 basehttp 27404 17524 "GET /manage/items HTTP/1.1" 500 110902
WARNING 2025-12-25 18:57:53,304 log 27404 17524 Not Found: /favicon.ico
WARNING 2025-12-25 18:57:53,305 basehttp 27404 17524 "GET /favicon.ico HTTP/1.1" 404 11218
INFO 2025-12-25 18:58:00,359 basehttp 27404 30324 "GET /create_item HTTP/1.1" 200 37892
INFO 2025-12-25 18:58:02,766 basehttp 27404 30324 "GET /manage/categories HTTP/1.1" 200 42535
INFO 2025-12-25 18:58:04,575 basehttp 27404 30324 "GET /create_customer HTTP/1.1" 200 34783
ERROR 2025-12-25 18:58:06,435 log 27404 21744 Internal Server Error: /manage/items
Traceback (most recent call last):
  File "C:\Users\mahmo\AppData\Roaming\Python\Python313\site-packages\django\core\handlers\exception.py", line 55, in inner
    response = get_response(request)
  File "C:\Users\mahmo\AppData\Roaming\Python\Python313\site-packages\django\core\handlers\base.py", line 197, in _get_response
    response = wrapped_callback(request, *callback_args, **callback_kwargs)
  File "C:\Users\mahmo\AppData\Roaming\Python\Python313\site-packages\django\views\generic\base.py", line 104, in view
    return self.dispatch(request, *args, **kwargs)
           ~~~~~~~~~~~~~^^^^^^^^^^^^^^^^^^^^^^^^^^
  File "C:\Users\mahmo\AppData\Roaming\Python\Python313\site-packages\django\contrib\auth\mixins.py", line 73, in dispatch
    return super().dispatch(request, *args, **kwargs)
           ~~~~~~~~~~~~~~~~^^^^^^^^^^^^^^^^^^^^^^^^^^
  File "C:\Users\mahmo\AppData\Roaming\Python\Python313\site-packages\django\views\generic\base.py", line 143, in dispatch
    return handler(request, *args, **kwargs)
  File "C:\Users\mahmo\AppData\Roaming\Python\Python313\site-packages\django\views\generic\base.py", line 226, in get
    context = self.get_context_data(**kwargs)
  File "C:\D\Cooding\GENERAL\Al-Asel\main\views_cbv.py", line 1165, in get_context_data
    for item in items:
                ^^^^^
  File "C:\Users\mahmo\AppData\Roaming\Python\Python313\site-packages\django\db\models\query.py", line 398, in __iter__
    self._fetch_all()
    ~~~~~~~~~~~~~~~^^
  File "C:\Users\mahmo\AppData\Roaming\Python\Python313\site-packages\django\db\models\query.py", line 1883, in _fetch_all
    self._prefetch_related_objects()
    ~~~~~~~~~~~~~~~~~~~~~~~~~~~~~~^^
  File "C:\Users\mahmo\AppData\Roaming\Python\Python313\site-packages\django\db\models\query.py", line 1273, in _prefetch_related_objects
    prefetch_related_objects(self._result_cache, *self._prefetch_related_lookups)
    ~~~~~~~~~~~~~~~~~~~~~~~~^^^^^^^^^^^^^^^^^^^^^^^^^^^^^^^^^^^^^^^^^^^^^^^^^^^^^
  File "C:\Users\mahmo\AppData\Roaming\Python\Python313\site-packages\django\db\models\query.py", line 2296, in prefetch_related_objects
    raise AttributeError(
    ...<7 lines>...
    )
AttributeError: Cannot find 'branchstock_set' on Item object, 'branchstock_set__branch' is an invalid parameter to prefetch_related()
ERROR 2025-12-25 18:58:06,438 basehttp 27404 21744 "GET /manage/items HTTP/1.1" 500 110902
INFO 2025-12-25 18:58:08,660 basehttp 27404 21744 "GET /users/all_orders HTTP/1.1" 200 32745
INFO 2025-12-25 18:58:10,454 basehttp 27404 21744 "GET /all_rest_orders HTTP/1.1" 200 32966
INFO 2025-12-25 18:58:13,176 basehttp 27404 21744 "GET /users/all_coming_orders HTTP/1.1" 200 36496
INFO 2025-12-25 18:58:22,330 basehttp 27404 6980 "GET /coming_order/49 HTTP/1.1" 200 56210
ERROR 2025-12-25 18:58:39,728 log 27404 6980 Internal Server Error: /coming_order/50
Traceback (most recent call last):
  File "C:\Users\mahmo\AppData\Roaming\Python\Python313\site-packages\django\core\handlers\exception.py", line 55, in inner
    response = get_response(request)
  File "C:\Users\mahmo\AppData\Roaming\Python\Python313\site-packages\django\core\handlers\base.py", line 197, in _get_response
    response = wrapped_callback(request, *callback_args, **callback_kwargs)
  File "C:\Users\mahmo\AppData\Roaming\Python\Python313\site-packages\django\contrib\auth\decorators.py", line 23, in _wrapper_view
    return view_func(request, *args, **kwargs)
  File "C:\D\Cooding\GENERAL\Al-Asel\main\views_cbv.py", line 996, in coming_order_info
    return render(request, "main/coming_order_info.html", {
        "order": order,
        "order_items": order_items,
    })
  File "C:\Users\mahmo\AppData\Roaming\Python\Python313\site-packages\django\shortcuts.py", line 24, in render
    content = loader.render_to_string(template_name, context, request, using=using)
  File "C:\Users\mahmo\AppData\Roaming\Python\Python313\site-packages\django\template\loader.py", line 62, in render_to_string
    return template.render(context, request)
           ~~~~~~~~~~~~~~~^^^^^^^^^^^^^^^^^^
  File "C:\Users\mahmo\AppData\Roaming\Python\Python313\site-packages\django\template\backends\django.py", line 61, in render
    return self.template.render(context)
           ~~~~~~~~~~~~~~~~~~~~^^^^^^^^^
  File "C:\Users\mahmo\AppData\Roaming\Python\Python313\site-packages\django\template\base.py", line 175, in render
    return self._render(context)
           ~~~~~~~~~~~~^^^^^^^^^
  File "C:\Users\mahmo\AppData\Roaming\Python\Python313\site-packages\django\template\base.py", line 167, in _render
    return self.nodelist.render(context)
           ~~~~~~~~~~~~~~~~~~~~^^^^^^^^^
  File "C:\Users\mahmo\AppData\Roaming\Python\Python313\site-packages\django\template\base.py", line 1005, in render
    return SafeString("".join([node.render_annotated(context) for node in self]))
                               ~~~~~~~~~~~~~~~~~~~~~^^^^^^^^^
  File "C:\Users\mahmo\AppData\Roaming\Python\Python313\site-packages\django\template\base.py", line 966, in render_annotated
    return self.render(context)
           ~~~~~~~~~~~^^^^^^^^^
  File "C:\Users\mahmo\AppData\Roaming\Python\Python313\site-packages\django\template\loader_tags.py", line 157, in render
    return compiled_parent._render(context)
           ~~~~~~~~~~~~~~~~~~~~~~~^^^^^^^^^
  File "C:\Users\mahmo\AppData\Roaming\Python\Python313\site-packages\django\template\base.py", line 167, in _render
    return self.nodelist.render(context)
           ~~~~~~~~~~~~~~~~~~~~^^^^^^^^^
  File "C:\Users\mahmo\AppData\Roaming\Python\Python313\site-packages\django\template\base.py", line 1005, in render
    return SafeString("".join([node.render_annotated(context) for node in self]))
                               ~~~~~~~~~~~~~~~~~~~~~^^^^^^^^^
  File "C:\Users\mahmo\AppData\Roaming\Python\Python313\site-packages\django\template\base.py", line 966, in render_annotated
    return self.render(context)
           ~~~~~~~~~~~^^^^^^^^^
  File "C:\Users\mahmo\AppData\Roaming\Python\Python313\site-packages\django\template\loader_tags.py", line 63, in render
    result = block.nodelist.render(context)
  File "C:\Users\mahmo\AppData\Roaming\Python\Python313\site-packages\django\template\base.py", line 1005, in render
    return SafeString("".join([node.render_annotated(context) for node in self]))
                               ~~~~~~~~~~~~~~~~~~~~~^^^^^^^^^
  File "C:\Users\mahmo\AppData\Roaming\Python\Python313\site-packages\django\template\base.py", line 966, in render_annotated
    return self.render(context)
           ~~~~~~~~~~~^^^^^^^^^
  File "C:\Users\mahmo\AppData\Roaming\Python\Python313\site-packages\django\template\defaulttags.py", line 471, in render
    url = reverse(view_name, args=args, kwargs=kwargs, current_app=current_app)
  File "C:\Users\mahmo\AppData\Roaming\Python\Python313\site-packages\django\urls\base.py", line 88, in reverse
    return resolver._reverse_with_prefix(view, prefix, *args, **kwargs)
           ~~~~~~~~~~~~~~~~~~~~~~~~~~~~~^^^^^^^^^^^^^^^^^^^^^^^^^^^^^^^
  File "C:\Users\mahmo\AppData\Roaming\Python\Python313\site-packages\django\urls\resolvers.py", line 828, in _reverse_with_prefix
    raise NoReverseMatch(msg)
django.urls.exceptions.NoReverseMatch: Reverse for 'supplier_coming_info' with arguments '('',)' not found. 1 pattern(s) tried: ['supplier_info/(?P<supplier_id>[0-9]+)\\Z']
ERROR 2025-12-25 18:58:39,735 basehttp 27404 6980 "GET /coming_order/50 HTTP/1.1" 500 177010
INFO 2025-12-25 18:58:57,296 basehttp 27404 6980 "GET /coming_order/49 HTTP/1.1" 200 56210
ERROR 2025-12-25 18:59:05,520 log 27404 12920 Internal Server Error: /coming_order/50
Traceback (most recent call last):
  File "C:\Users\mahmo\AppData\Roaming\Python\Python313\site-packages\django\core\handlers\exception.py", line 55, in inner
    response = get_response(request)
  File "C:\Users\mahmo\AppData\Roaming\Python\Python313\site-packages\django\core\handlers\base.py", line 197, in _get_response
    response = wrapped_callback(request, *callback_args, **callback_kwargs)
  File "C:\Users\mahmo\AppData\Roaming\Python\Python313\site-packages\django\contrib\auth\decorators.py", line 23, in _wrapper_view
    return view_func(request, *args, **kwargs)
  File "C:\D\Cooding\GENERAL\Al-Asel\main\views_cbv.py", line 996, in coming_order_info
    return render(request, "main/coming_order_info.html", {
        "order": order,
        "order_items": order_items,
    })
  File "C:\Users\mahmo\AppData\Roaming\Python\Python313\site-packages\django\shortcuts.py", line 24, in render
    content = loader.render_to_string(template_name, context, request, using=using)
  File "C:\Users\mahmo\AppData\Roaming\Python\Python313\site-packages\django\template\loader.py", line 62, in render_to_string
    return template.render(context, request)
           ~~~~~~~~~~~~~~~^^^^^^^^^^^^^^^^^^
  File "C:\Users\mahmo\AppData\Roaming\Python\Python313\site-packages\django\template\backends\django.py", line 61, in render
    return self.template.render(context)
           ~~~~~~~~~~~~~~~~~~~~^^^^^^^^^
  File "C:\Users\mahmo\AppData\Roaming\Python\Python313\site-packages\django\template\base.py", line 175, in render
    return self._render(context)
           ~~~~~~~~~~~~^^^^^^^^^
  File "C:\Users\mahmo\AppData\Roaming\Python\Python313\site-packages\django\template\base.py", line 167, in _render
    return self.nodelist.render(context)
           ~~~~~~~~~~~~~~~~~~~~^^^^^^^^^
  File "C:\Users\mahmo\AppData\Roaming\Python\Python313\site-packages\django\template\base.py", line 1005, in render
    return SafeString("".join([node.render_annotated(context) for node in self]))
                               ~~~~~~~~~~~~~~~~~~~~~^^^^^^^^^
  File "C:\Users\mahmo\AppData\Roaming\Python\Python313\site-packages\django\template\base.py", line 966, in render_annotated
    return self.render(context)
           ~~~~~~~~~~~^^^^^^^^^
  File "C:\Users\mahmo\AppData\Roaming\Python\Python313\site-packages\django\template\loader_tags.py", line 157, in render
    return compiled_parent._render(context)
           ~~~~~~~~~~~~~~~~~~~~~~~^^^^^^^^^
  File "C:\Users\mahmo\AppData\Roaming\Python\Python313\site-packages\django\template\base.py", line 167, in _render
    return self.nodelist.render(context)
           ~~~~~~~~~~~~~~~~~~~~^^^^^^^^^
  File "C:\Users\mahmo\AppData\Roaming\Python\Python313\site-packages\django\template\base.py", line 1005, in render
    return SafeString("".join([node.render_annotated(context) for node in self]))
                               ~~~~~~~~~~~~~~~~~~~~~^^^^^^^^^
  File "C:\Users\mahmo\AppData\Roaming\Python\Python313\site-packages\django\template\base.py", line 966, in render_annotated
    return self.render(context)
           ~~~~~~~~~~~^^^^^^^^^
  File "C:\Users\mahmo\AppData\Roaming\Python\Python313\site-packages\django\template\loader_tags.py", line 63, in render
    result = block.nodelist.render(context)
  File "C:\Users\mahmo\AppData\Roaming\Python\Python313\site-packages\django\template\base.py", line 1005, in render
    return SafeString("".join([node.render_annotated(context) for node in self]))
                               ~~~~~~~~~~~~~~~~~~~~~^^^^^^^^^
  File "C:\Users\mahmo\AppData\Roaming\Python\Python313\site-packages\django\template\base.py", line 966, in render_annotated
    return self.render(context)
           ~~~~~~~~~~~^^^^^^^^^
  File "C:\Users\mahmo\AppData\Roaming\Python\Python313\site-packages\django\template\defaulttags.py", line 471, in render
    url = reverse(view_name, args=args, kwargs=kwargs, current_app=current_app)
  File "C:\Users\mahmo\AppData\Roaming\Python\Python313\site-packages\django\urls\base.py", line 88, in reverse
    return resolver._reverse_with_prefix(view, prefix, *args, **kwargs)
           ~~~~~~~~~~~~~~~~~~~~~~~~~~~~~^^^^^^^^^^^^^^^^^^^^^^^^^^^^^^^
  File "C:\Users\mahmo\AppData\Roaming\Python\Python313\site-packages\django\urls\resolvers.py", line 828, in _reverse_with_prefix
    raise NoReverseMatch(msg)
django.urls.exceptions.NoReverseMatch: Reverse for 'supplier_coming_info' with arguments '('',)' not found. 1 pattern(s) tried: ['supplier_info/(?P<supplier_id>[0-9]+)\\Z']
ERROR 2025-12-25 18:59:05,524 basehttp 27404 12920 "GET /coming_order/50 HTTP/1.1" 500 177010
ERROR 2025-12-25 18:59:14,458 log 27404 21036 Internal Server Error: /transfer/make/
Traceback (most recent call last):
  File "C:\Users\mahmo\AppData\Roaming\Python\Python313\site-packages\django\template\smartif.py", line 179, in translate_token
    op = OPERATORS[token]
         ~~~~~~~~~^^^^^^^
KeyError: 'selected_from_branch.id==branch.id'

During handling of the above exception, another exception occurred:

Traceback (most recent call last):
  File "C:\Users\mahmo\AppData\Roaming\Python\Python313\site-packages\django\core\handlers\exception.py", line 55, in inner
    response = get_response(request)
  File "C:\Users\mahmo\AppData\Roaming\Python\Python313\site-packages\django\core\handlers\base.py", line 220, in _get_response
    response = response.render()
  File "C:\Users\mahmo\AppData\Roaming\Python\Python313\site-packages\django\template\response.py", line 114, in render
    self.content = self.rendered_content
                   ^^^^^^^^^^^^^^^^^^^^^
  File "C:\Users\mahmo\AppData\Roaming\Python\Python313\site-packages\django\template\response.py", line 90, in rendered_content
    template = self.resolve_template(self.template_name)
  File "C:\Users\mahmo\AppData\Roaming\Python\Python313\site-packages\django\template\response.py", line 72, in resolve_template
    return select_template(template, using=self.using)
  File "C:\Users\mahmo\AppData\Roaming\Python\Python313\site-packages\django\template\loader.py", line 42, in select_template
    return engine.get_template(template_name)
           ~~~~~~~~~~~~~~~~~~~^^^^^^^^^^^^^^^
  File "C:\Users\mahmo\AppData\Roaming\Python\Python313\site-packages\django\template\backends\django.py", line 33, in get_template
    return Template(self.engine.get_template(template_name), self)
                    ~~~~~~~~~~~~~~~~~~~~~~~~^^^^^^^^^^^^^^^
  File "C:\Users\mahmo\AppData\Roaming\Python\Python313\site-packages\django\template\engine.py", line 175, in get_template
    template, origin = self.find_template(template_name)
                       ~~~~~~~~~~~~~~~~~~^^^^^^^^^^^^^^^
  File "C:\Users\mahmo\AppData\Roaming\Python\Python313\site-packages\django\template\engine.py", line 157, in find_template
    template = loader.get_template(name, skip=skip)
  File "C:\Users\mahmo\AppData\Roaming\Python\Python313\site-packages\django\template\loaders\cached.py", line 57, in get_template
    template = super().get_template(template_name, skip)
  File "C:\Users\mahmo\AppData\Roaming\Python\Python313\site-packages\django\template\loaders\base.py", line 28, in get_template
    return Template(
        contents,
    ...<2 lines>...
        self.engine,
    )
  File "C:\Users\mahmo\AppData\Roaming\Python\Python313\site-packages\django\template\base.py", line 154, in __init__
    self.nodelist = self.compile_nodelist()
                    ~~~~~~~~~~~~~~~~~~~~~^^
  File "C:\Users\mahmo\AppData\Roaming\Python\Python313\site-packages\django\template\base.py", line 200, in compile_nodelist
    return parser.parse()
           ~~~~~~~~~~~~^^
  File "C:\Users\mahmo\AppData\Roaming\Python\Python313\site-packages\django\template\base.py", line 513, in parse
    raise self.error(token, e)
  File "C:\Users\mahmo\AppData\Roaming\Python\Python313\site-packages\django\template\base.py", line 511, in parse
    compiled_result = compile_func(self, token)
  File "C:\Users\mahmo\AppData\Roaming\Python\Python313\site-packages\django\template\loader_tags.py", line 293, in do_extends
    nodelist = parser.parse()
  File "C:\Users\mahmo\AppData\Roaming\Python\Python313\site-packages\django\template\base.py", line 513, in parse
    raise self.error(token, e)
  File "C:\Users\mahmo\AppData\Roaming\Python\Python313\site-packages\django\template\base.py", line 511, in parse
    compiled_result = compile_func(self, token)
  File "C:\Users\mahmo\AppData\Roaming\Python\Python313\site-packages\django\template\loader_tags.py", line 232, in do_block
    nodelist = parser.parse(("endblock",))
  File "C:\Users\mahmo\AppData\Roaming\Python\Python313\site-packages\django\template\base.py", line 513, in parse
    raise self.error(token, e)
  File "C:\Users\mahmo\AppData\Roaming\Python\Python313\site-packages\django\template\base.py", line 511, in parse
    compiled_result = compile_func(self, token)
  File "C:\Users\mahmo\AppData\Roaming\Python\Python313\site-packages\django\template\defaulttags.py", line 853, in do_for
    nodelist_loop = parser.parse(
        (
    ...<2 lines>...
        )
    )
  File "C:\Users\mahmo\AppData\Roaming\Python\Python313\site-packages\django\template\base.py", line 513, in parse
    raise self.error(token, e)
  File "C:\Users\mahmo\AppData\Roaming\Python\Python313\site-packages\django\template\base.py", line 511, in parse
    compiled_result = compile_func(self, token)
  File "C:\Users\mahmo\AppData\Roaming\Python\Python313\site-packages\django\template\defaulttags.py", line 952, in do_if
    condition = TemplateIfParser(parser, bits).parse()
                ~~~~~~~~~~~~~~~~^^^^^^^^^^^^^^
  File "C:\Users\mahmo\AppData\Roaming\Python\Python313\site-packages\django\template\defaulttags.py", line 885, in __init__
    super().__init__(*args, **kwargs)
    ~~~~~~~~~~~~~~~~^^^^^^^^^^^^^^^^^
  File "C:\Users\mahmo\AppData\Roaming\Python\Python313\site-packages\django\template\smartif.py", line 170, in __init__
    mapped_tokens.append(self.translate_token(token))
                         ~~~~~~~~~~~~~~~~~~~~^^^^^^^
  File "C:\Users\mahmo\AppData\Roaming\Python\Python313\site-packages\django\template\smartif.py", line 181, in translate_token
    return self.create_var(token)
           ~~~~~~~~~~~~~~~^^^^^^^
  File "C:\Users\mahmo\AppData\Roaming\Python\Python313\site-packages\django\template\defaulttags.py", line 888, in create_var
    return TemplateLiteral(self.template_parser.compile_filter(value), value)
                           ~~~~~~~~~~~~~~~~~~~~~~~~~~~~~~~~~~~^^^^^^^
  File "C:\Users\mahmo\AppData\Roaming\Python\Python313\site-packages\django\template\base.py", line 600, in compile_filter
    return FilterExpression(token, self)
  File "C:\Users\mahmo\AppData\Roaming\Python\Python313\site-packages\django\template\base.py", line 703, in __init__
    raise TemplateSyntaxError(
    ...<2 lines>...
    )
django.template.exceptions.TemplateSyntaxError: Could not parse the remainder: '==branch.id' from 'selected_from_branch.id==branch.id'
ERROR 2025-12-25 18:59:14,465 basehttp 27404 21036 "GET /transfer/make/ HTTP/1.1" 500 269142
INFO 2025-12-25 18:59:18,401 basehttp 27404 21036 "GET /transfer/history/ HTTP/1.1" 200 33296
INFO 2025-12-25 18:59:20,587 basehttp 27404 10808 "GET /transfer/stock/ HTTP/1.1" 200 33042
INFO 2025-12-25 18:59:22,421 basehttp 27404 10808 "GET /help HTTP/1.1" 200 55777
INFO 2025-12-25 18:59:25,033 basehttp 27404 10808 "GET /logout/ HTTP/1.1" 200 5469
INFO 2025-12-25 18:59:26,833 basehttp 27404 10808 "POST /login/ HTTP/1.1" 200 5481
INFO 2025-12-25 18:59:30,747 basehttp 27404 30484 "POST /login/ HTTP/1.1" 200 5481
INFO 2025-12-25 18:59:37,569 basehttp 27404 30484 "POST /login/ HTTP/1.1" 302 0
INFO 2025-12-25 18:59:37,592 basehttp 27404 30484 "GET / HTTP/1.1" 200 51959
INFO 2025-12-25 18:59:37,713 basehttp 27404 30484 "GET /api/branch_stock/1 HTTP/1.1" 200 37
INFO 2025-12-25 19:00:58,212 basehttp 27404 17024 "GET /users/ HTTP/1.1" 200 36760
INFO 2025-12-25 19:00:58,223 basehttp 27404 17024 "GET /static/main/users_search.js HTTP/1.1" 200 2469
INFO 2025-12-25 19:01:01,433 basehttp 27404 25676 "GET /users/1 HTTP/1.1" 200 33034
INFO 2025-12-25 19:02:22,783 basehttp 27404 6472 "GET /create_customer HTTP/1.1" 200 34783
INFO 2025-12-25 19:02:46,502 basehttp 27404 27104 "GET / HTTP/1.1" 200 51959
INFO 2025-12-25 19:02:46,692 basehttp 27404 27104 "GET /api/branch_stock/1 HTTP/1.1" 200 37
INFO 2025-12-25 19:03:19,332 basehttp 27404 10664 "GET /api/branch_stock/13 HTTP/1.1" 200 83
ERROR 2025-12-25 19:03:31,586 log 27404 23472 Internal Server Error: /
Traceback (most recent call last):
  File "C:\Users\mahmo\AppData\Roaming\Python\Python313\site-packages\django\utils\datastructures.py", line 84, in __getitem__
    list_ = super().__getitem__(key)
KeyError: 'quantity_57'

During handling of the above exception, another exception occurred:

Traceback (most recent call last):
  File "C:\Users\mahmo\AppData\Roaming\Python\Python313\site-packages\django\core\handlers\exception.py", line 55, in inner
    response = get_response(request)
  File "C:\Users\mahmo\AppData\Roaming\Python\Python313\site-packages\django\core\handlers\base.py", line 197, in _get_response
    response = wrapped_callback(request, *callback_args, **callback_kwargs)
  File "C:\Users\mahmo\AppData\Roaming\Python\Python313\site-packages\django\views\generic\base.py", line 104, in view
    return self.dispatch(request, *args, **kwargs)
           ~~~~~~~~~~~~~^^^^^^^^^^^^^^^^^^^^^^^^^^
  File "C:\Users\mahmo\AppData\Roaming\Python\Python313\site-packages\django\contrib\auth\mixins.py", line 73, in dispatch
    return super().dispatch(request, *args, **kwargs)
           ~~~~~~~~~~~~~~~~^^^^^^^^^^^^^^^^^^^^^^^^^^
  File "C:\Users\mahmo\AppData\Roaming\Python\Python313\site-packages\django\views\generic\base.py", line 143, in dispatch
    return handler(request, *args, **kwargs)
  File "C:\D\Cooding\GENERAL\Al-Asel\main\views_cbv.py", line 142, in post
    quantity = int(request.POST[f"quantity_{item.id}"])
                   ~~~~~~~~~~~~^^^^^^^^^^^^^^^^^^^^^^^
  File "C:\Users\mahmo\AppData\Roaming\Python\Python313\site-packages\django\utils\datastructures.py", line 86, in __getitem__
    raise MultiValueDictKeyError(key)
django.utils.datastructures.MultiValueDictKeyError: 'quantity_57'
ERROR 2025-12-25 19:03:31,589 basehttp 27404 23472 "POST / HTTP/1.1" 500 99872
ERROR 2025-12-25 19:03:46,202 log 27404 23472 Internal Server Error: /
Traceback (most recent call last):
  File "C:\Users\mahmo\AppData\Roaming\Python\Python313\site-packages\django\utils\datastructures.py", line 84, in __getitem__
    list_ = super().__getitem__(key)
KeyError: 'quantity_52'

During handling of the above exception, another exception occurred:

Traceback (most recent call last):
  File "C:\Users\mahmo\AppData\Roaming\Python\Python313\site-packages\django\core\handlers\exception.py", line 55, in inner
    response = get_response(request)
  File "C:\Users\mahmo\AppData\Roaming\Python\Python313\site-packages\django\core\handlers\base.py", line 197, in _get_response
    response = wrapped_callback(request, *callback_args, **callback_kwargs)
  File "C:\Users\mahmo\AppData\Roaming\Python\Python313\site-packages\django\views\generic\base.py", line 104, in view
    return self.dispatch(request, *args, **kwargs)
           ~~~~~~~~~~~~~^^^^^^^^^^^^^^^^^^^^^^^^^^
  File "C:\Users\mahmo\AppData\Roaming\Python\Python313\site-packages\django\contrib\auth\mixins.py", line 73, in dispatch
    return super().dispatch(request, *args, **kwargs)
           ~~~~~~~~~~~~~~~~^^^^^^^^^^^^^^^^^^^^^^^^^^
  File "C:\Users\mahmo\AppData\Roaming\Python\Python313\site-packages\django\views\generic\base.py", line 143, in dispatch
    return handler(request, *args, **kwargs)
  File "C:\D\Cooding\GENERAL\Al-Asel\main\views_cbv.py", line 142, in post
    quantity = int(request.POST[f"quantity_{item.id}"])
                   ~~~~~~~~~~~~^^^^^^^^^^^^^^^^^^^^^^^
  File "C:\Users\mahmo\AppData\Roaming\Python\Python313\site-packages\django\utils\datastructures.py", line 86, in __getitem__
    raise MultiValueDictKeyError(key)
django.utils.datastructures.MultiValueDictKeyError: 'quantity_52'
ERROR 2025-12-25 19:03:46,203 basehttp 27404 23472 "POST / HTTP/1.1" 500 98923
INFO 2025-12-25 19:03:51,320 basehttp 27404 23472 "GET /users/ HTTP/1.1" 200 38465
INFO 2025-12-25 19:03:53,753 basehttp 27404 23472 "GET /order_info/5 HTTP/1.1" 200 35073
INFO 2025-12-25 19:03:53,763 basehttp 27404 23472 "GET /static/main/order_table.js HTTP/1.1" 200 7510
INFO 2025-12-25 19:04:00,084 basehttp 27404 23472 "GET /order_info/4 HTTP/1.1" 200 38572
INFO 2025-12-25 19:04:04,487 basehttp 27404 23472 "GET /order_info/5 HTTP/1.1" 200 35073
INFO 2025-12-25 19:04:08,982 basehttp 27404 23472 "GET /order_info/5 HTTP/1.1" 200 35073
INFO 2025-12-25 19:04:11,859 basehttp 27404 23472 "GET /delete_order/5 HTTP/1.1" 200 34663
INFO 2025-12-25 19:04:15,882 basehttp 27404 23472 "POST /delete_order/5 HTTP/1.1" 302 0
INFO 2025-12-25 19:04:15,898 basehttp 27404 23472 "GET /users/13 HTTP/1.1" 200 38839
INFO 2025-12-25 19:04:24,694 basehttp 27404 23472 "GET /order_info/4 HTTP/1.1" 200 38572
INFO 2025-12-25 19:04:28,979 basehttp 27404 23472 "POST /edit_order/4 HTTP/1.1" 302 0
INFO 2025-12-25 19:04:28,995 basehttp 27404 23472 "GET /edit_order/4 HTTP/1.1" 200 38828
INFO 2025-12-25 19:04:38,022 basehttp 27404 23472 "GET /change_rank/4 HTTP/1.1" 302 0
INFO 2025-12-25 19:04:38,036 basehttp 27404 23472 "GET /edit_order/4 HTTP/1.1" 200 38817
INFO 2025-12-25 19:04:40,357 basehttp 27404 23472 "GET /change_rank/4 HTTP/1.1" 302 0
INFO 2025-12-25 19:04:40,374 basehttp 27404 23472 "GET /edit_order/4 HTTP/1.1" 200 38828
INFO 2025-12-25 19:04:42,931 basehttp 27404 23472 "GET /change_rank/4 HTTP/1.1" 302 0
INFO 2025-12-25 19:04:42,948 basehttp 27404 23472 "GET /edit_order/4 HTTP/1.1" 200 38817
INFO 2025-12-25 19:04:52,189 basehttp 27404 23472 "GET / HTTP/1.1" 200 51959
INFO 2025-12-25 19:04:52,361 basehttp 27404 23472 "GET /api/branch_stock/1 HTTP/1.1" 200 37
INFO 2025-12-25 19:05:00,087 basehttp 27404 23472 "GET /api/branch_stock/28 HTTP/1.1" 200 30
INFO 2025-12-25 19:05:04,320 basehttp 27404 23472 "GET /api/branch_stock/13 HTTP/1.1" 200 83
ERROR 2025-12-25 19:05:14,936 log 27404 23472 Internal Server Error: /
Traceback (most recent call last):
  File "C:\Users\mahmo\AppData\Roaming\Python\Python313\site-packages\django\utils\datastructures.py", line 84, in __getitem__
    list_ = super().__getitem__(key)
KeyError: 'quantity_57'

During handling of the above exception, another exception occurred:

Traceback (most recent call last):
  File "C:\Users\mahmo\AppData\Roaming\Python\Python313\site-packages\django\core\handlers\exception.py", line 55, in inner
    response = get_response(request)
  File "C:\Users\mahmo\AppData\Roaming\Python\Python313\site-packages\django\core\handlers\base.py", line 197, in _get_response
    response = wrapped_callback(request, *callback_args, **callback_kwargs)
  File "C:\Users\mahmo\AppData\Roaming\Python\Python313\site-packages\django\views\generic\base.py", line 104, in view
    return self.dispatch(request, *args, **kwargs)
           ~~~~~~~~~~~~~^^^^^^^^^^^^^^^^^^^^^^^^^^
  File "C:\Users\mahmo\AppData\Roaming\Python\Python313\site-packages\django\contrib\auth\mixins.py", line 73, in dispatch
    return super().dispatch(request, *args, **kwargs)
           ~~~~~~~~~~~~~~~~^^^^^^^^^^^^^^^^^^^^^^^^^^
  File "C:\Users\mahmo\AppData\Roaming\Python\Python313\site-packages\django\views\generic\base.py", line 143, in dispatch
    return handler(request, *args, **kwargs)
  File "C:\D\Cooding\GENERAL\Al-Asel\main\views_cbv.py", line 142, in post
    quantity = int(request.POST[f"quantity_{item.id}"])
                   ~~~~~~~~~~~~^^^^^^^^^^^^^^^^^^^^^^^
  File "C:\Users\mahmo\AppData\Roaming\Python\Python313\site-packages\django\utils\datastructures.py", line 86, in __getitem__
    raise MultiValueDictKeyError(key)
django.utils.datastructures.MultiValueDictKeyError: 'quantity_57'
ERROR 2025-12-25 19:05:14,937 basehttp 27404 23472 "POST / HTTP/1.1" 500 99870
INFO 2025-12-25 19:05:42,614 basehttp 27404 23472 "GET /users/ HTTP/1.1" 200 38465
INFO 2025-12-25 19:05:45,266 basehttp 27404 23472 "GET /order_info/6 HTTP/1.1" 200 38559
INFO 2025-12-25 19:06:34,863 basehttp 27404 23472 "GET / HTTP/1.1" 200 51959
INFO 2025-12-25 19:06:35,064 basehttp 27404 23472 "GET /api/branch_stock/1 HTTP/1.1" 200 37
INFO 2025-12-25 19:07:34,996 basehttp 27404 23472 "GET /coming_order HTTP/1.1" 200 48784
INFO 2025-12-25 19:07:39,832 basehttp 27404 23472 "GET /api/branch_stock/1 HTTP/1.1" 200 37
INFO 2025-12-25 19:07:49,988 basehttp 27404 23472 "GET /api/branch_stock/13 HTTP/1.1" 200 83
INFO 2025-12-25 19:07:52,884 basehttp 27404 23472 "GET /api/branch_stock/28 HTTP/1.1" 200 30
ERROR 2025-12-25 19:07:56,323 log 27404 23472 Internal Server Error: /coming_order
Traceback (most recent call last):
  File "C:\Users\mahmo\AppData\Roaming\Python\Python313\site-packages\django\core\handlers\exception.py", line 55, in inner
    response = get_response(request)
  File "C:\Users\mahmo\AppData\Roaming\Python\Python313\site-packages\django\core\handlers\base.py", line 197, in _get_response
    response = wrapped_callback(request, *callback_args, **callback_kwargs)
  File "C:\Users\mahmo\AppData\Roaming\Python\Python313\site-packages\django\contrib\auth\decorators.py", line 23, in _wrapper_view
    return view_func(request, *args, **kwargs)
  File "C:\D\Cooding\GENERAL\Al-Asel\main\views_cbv.py", line 927, in coming_order
    Store_OrderItem.objects.create(
    ~~~~~~~~~~~~~~~~~~~~~~~~~~~~~~^
        order=order, item=item, quantity=quantity, single_real_price=item.real_price,
        ^^^^^^^^^^^^^^^^^^^^^^^^^^^^^^^^^^^^^^^^^^^^^^^^^^^^^^^^^^^^^^^^^^^^^^^^^^^^^
        single_gomla_price=item.gomla_price, single_market_price=item.market_price
        ^^^^^^^^^^^^^^^^^^^^^^^^^^^^^^^^^^^^^^^^^^^^^^^^^^^^^^^^^^^^^^^^^^^^^^^^^^
    )
    ^
  File "C:\Users\mahmo\AppData\Roaming\Python\Python313\site-packages\django\db\models\manager.py", line 87, in manager_method
    return getattr(self.get_queryset(), name)(*args, **kwargs)
           ~~~~~~~~~~~~~~~~~~~~~~~~~~~~~~~~~~^^^^^^^^^^^^^^^^^
  File "C:\Users\mahmo\AppData\Roaming\Python\Python313\site-packages\django\db\models\query.py", line 658, in create
    obj.save(force_insert=True, using=self.db)
    ~~~~~~~~^^^^^^^^^^^^^^^^^^^^^^^^^^^^^^^^^^
  File "C:\D\Cooding\GENERAL\Al-Asel\main\models.py", line 279, in save
    self.total_gomla_gomla_price = self.quantity * self.single_gomla_gomla_price
                                   ~~~~~~~~~~~~~~^~~~~~~~~~~~~~~~~~~~~~~~~~~~~~~
TypeError: unsupported operand type(s) for *: 'int' and 'NoneType'
ERROR 2025-12-25 19:07:56,325 basehttp 27404 23472 "POST /coming_order HTTP/1.1" 500 95050
INFO 2025-12-25 19:09:58,755 basehttp 27404 23472 "GET /users/ HTTP/1.1" 200 38465
INFO 2025-12-25 19:10:04,281 basehttp 27404 23472 "GET /coming_order HTTP/1.1" 200 48784
INFO 2025-12-25 19:10:14,130 basehttp 27404 23472 "GET /users/all_coming_orders HTTP/1.1" 200 37731
INFO 2025-12-25 19:10:18,795 basehttp 27404 23472 "GET /coming_order/51 HTTP/1.1" 200 34492
INFO 2025-12-25 19:15:32,703 autoreload 27404 17988 C:\D\Cooding\GENERAL\Al-Asel\main\views_cbv.py changed, reloading.
INFO 2025-12-25 19:15:33,501 autoreload 13092 22952 Watching for file changes with StatReloader
INFO 2025-12-25 19:16:09,374 autoreload 13092 22952 C:\D\Cooding\GENERAL\Al-Asel\main\views_cbv.py changed, reloading.
INFO 2025-12-25 19:16:10,236 autoreload 4092 24044 Watching for file changes with StatReloader
INFO 2025-12-25 19:16:41,245 autoreload 4092 24044 C:\D\Cooding\GENERAL\Al-Asel\main\views_cbv.py changed, reloading.
INFO 2025-12-25 19:16:41,791 autoreload 26640 21648 Watching for file changes with StatReloader
ERROR 2025-12-25 19:17:06,270 log 26640 26520 Internal Server Error: /delete_coming_order/51
Traceback (most recent call last):
  File "C:\Users\mahmo\AppData\Roaming\Python\Python313\site-packages\django\core\handlers\exception.py", line 55, in inner
    response = get_response(request)
  File "C:\Users\mahmo\AppData\Roaming\Python\Python313\site-packages\django\core\handlers\base.py", line 204, in _get_response
    self.check_response(response, callback)
    ~~~~~~~~~~~~~~~~~~~^^^^^^^^^^^^^^^^^^^^
  File "C:\Users\mahmo\AppData\Roaming\Python\Python313\site-packages\django\core\handlers\base.py", line 332, in check_response
    raise ValueError(
    ...<2 lines>...
    )
ValueError: The view main.views_cbv.delete_coming_order didn't return an HttpResponse object. It returned None instead.
ERROR 2025-12-25 19:17:06,273 basehttp 26640 26520 "GET /delete_coming_order/51 HTTP/1.1" 500 72976
INFO 2025-12-25 19:17:09,986 basehttp 26640 26520 "GET /users/ HTTP/1.1" 200 38473
INFO 2025-12-25 19:17:19,003 autoreload 26640 21648 C:\D\Cooding\GENERAL\Al-Asel\main\views_cbv.py changed, reloading.
INFO 2025-12-25 19:17:19,535 autoreload 28064 5720 Watching for file changes with StatReloader
INFO 2025-12-25 19:17:20,788 autoreload 28064 5720 C:\D\Cooding\GENERAL\Al-Asel\main\urls.py changed, reloading.
INFO 2025-12-25 19:17:21,312 autoreload 18020 21156 Watching for file changes with StatReloader
INFO 2025-12-25 19:18:44,967 autoreload 18020 21156 C:\D\Cooding\GENERAL\Al-Asel\main\models.py changed, reloading.
INFO 2025-12-25 19:18:45,704 autoreload 28876 26300 Watching for file changes with StatReloader
INFO 2025-12-25 19:18:46,999 autoreload 28876 26300 C:\D\Cooding\GENERAL\Al-Asel\main\models.py changed, reloading.
INFO 2025-12-25 19:18:47,649 autoreload 7236 27388 Watching for file changes with StatReloader
INFO 2025-12-25 19:19:30,650 autoreload 7236 27388 C:\D\Cooding\GENERAL\Al-Asel\main\models.py changed, reloading.
INFO 2025-12-25 19:19:31,210 autoreload 26236 29732 Watching for file changes with StatReloader
INFO 2025-12-25 19:20:09,518 autoreload 12500 17732 Watching for file changes with StatReloader
INFO 2025-12-25 19:20:12,559 basehttp 12500 29340 "GET / HTTP/1.1" 200 51967
INFO 2025-12-25 19:20:12,857 basehttp 12500 29340 "GET /api/branch_stock/1 HTTP/1.1" 200 37
INFO 2025-12-25 19:20:20,847 basehttp 12500 29340 "POST / HTTP/1.1" 302 0
INFO 2025-12-25 19:20:20,882 basehttp 12500 29340 "GET /order_info/7 HTTP/1.1" 200 38553
INFO 2025-12-25 19:20:31,837 basehttp 12500 29620 "POST /edit_order/7 HTTP/1.1" 302 0
INFO 2025-12-25 19:20:31,851 basehttp 12500 29620 "GET /edit_order/7 HTTP/1.1" 200 38809
INFO 2025-12-25 19:20:39,501 basehttp 12500 28776 "GET / HTTP/1.1" 200 51967
INFO 2025-12-25 19:20:39,656 basehttp 12500 28776 "GET /api/branch_stock/1 HTTP/1.1" 200 37
INFO 2025-12-25 19:36:11,257 basehttp 12500 29128 "GET / HTTP/1.1" 200 51967
INFO 2025-12-25 19:36:11,469 basehttp 12500 29128 "GET /api/branch_stock/1 HTTP/1.1" 200 37
INFO 2025-12-25 19:36:15,724 basehttp 12500 29128 "GET /users/ HTTP/1.1" 200 39414
INFO 2025-12-25 19:36:17,990 basehttp 12500 29128 "GET /order_info/7 HTTP/1.1" 200 38553
INFO 2025-12-25 19:36:20,926 basehttp 12500 29128 "GET /delete_order/7 HTTP/1.1" 200 34671
INFO 2025-12-25 19:36:24,496 basehttp 12500 29128 "POST /delete_order/7 HTTP/1.1" 302 0
INFO 2025-12-25 19:36:24,523 basehttp 12500 29128 "GET /users/1 HTTP/1.1" 200 39828
INFO 2025-12-25 19:36:28,861 basehttp 12500 29128 "GET /users/ HTTP/1.1" 200 38473
INFO 2025-12-25 19:36:30,072 basehttp 12500 29128 "GET /order_info/4 HTTP/1.1" 200 38569
INFO 2025-12-25 19:36:33,176 basehttp 12500 29128 "GET /delete_order/4 HTTP/1.1" 200 34673
INFO 2025-12-25 19:36:36,570 basehttp 12500 29128 "POST /delete_order/4 HTTP/1.1" 302 0
INFO 2025-12-25 19:36:36,588 basehttp 12500 29128 "GET /users/13 HTTP/1.1" 200 33043
INFO 2025-12-25 19:36:39,805 basehttp 12500 29128 "GET /users/ HTTP/1.1" 200 37532
INFO 2025-12-25 19:36:41,131 basehttp 12500 29128 "GET /order_info/6 HTTP/1.1" 200 38567
INFO 2025-12-25 19:36:43,930 basehttp 12500 29128 "GET /delete_order/6 HTTP/1.1" 200 34672
INFO 2025-12-25 19:36:47,362 basehttp 12500 29128 "POST /delete_order/6 HTTP/1.1" 302 0
INFO 2025-12-25 19:36:47,380 basehttp 12500 29128 "GET /users/1 HTTP/1.1" 200 33042
INFO 2025-12-25 19:36:49,262 basehttp 12500 29128 "GET /users/ HTTP/1.1" 200 36768
INFO 2025-12-25 19:36:53,370 basehttp 12500 29128 "GET /users/1 HTTP/1.1" 200 33042
INFO 2025-12-25 19:37:02,397 basehttp 12500 29128 "GET /transfer/stock/ HTTP/1.1" 200 33050
INFO 2025-12-25 19:37:05,187 basehttp 12500 29128 "GET /transfer/stock/?branch_id=1 HTTP/1.1" 200 34572
INFO 2025-12-25 19:37:08,355 basehttp 12500 29128 "GET /transfer/stock/?branch_id=13 HTTP/1.1" 200 38246
INFO 2025-12-25 19:37:23,678 basehttp 12500 29128 "GET /transfer/stock/?branch_id=28 HTTP/1.1" 200 34053
INFO 2025-12-25 19:37:25,940 basehttp 12500 29128 "GET /users/ HTTP/1.1" 200 36768
INFO 2025-12-25 19:37:27,712 basehttp 12500 29128 "GET / HTTP/1.1" 200 51967
INFO 2025-12-25 19:37:27,945 basehttp 12500 29128 "GET /api/branch_stock/1 HTTP/1.1" 200 37
INFO 2025-12-25 19:37:40,399 autoreload 29644 28988 Watching for file changes with StatReloader
ERROR 2025-12-25 19:37:56,892 log 29644 12544 Internal Server Error: /manage/items
Traceback (most recent call last):
  File "C:\Users\mahmo\AppData\Roaming\Python\Python313\site-packages\django\core\handlers\exception.py", line 55, in inner
    response = get_response(request)
  File "C:\Users\mahmo\AppData\Roaming\Python\Python313\site-packages\django\core\handlers\base.py", line 197, in _get_response
    response = wrapped_callback(request, *callback_args, **callback_kwargs)
  File "C:\Users\mahmo\AppData\Roaming\Python\Python313\site-packages\django\views\generic\base.py", line 104, in view
    return self.dispatch(request, *args, **kwargs)
           ~~~~~~~~~~~~~^^^^^^^^^^^^^^^^^^^^^^^^^^
  File "C:\Users\mahmo\AppData\Roaming\Python\Python313\site-packages\django\contrib\auth\mixins.py", line 73, in dispatch
    return super().dispatch(request, *args, **kwargs)
           ~~~~~~~~~~~~~~~~^^^^^^^^^^^^^^^^^^^^^^^^^^
  File "C:\Users\mahmo\AppData\Roaming\Python\Python313\site-packages\django\views\generic\base.py", line 143, in dispatch
    return handler(request, *args, **kwargs)
  File "C:\Users\mahmo\AppData\Roaming\Python\Python313\site-packages\django\views\generic\base.py", line 226, in get
    context = self.get_context_data(**kwargs)
  File "C:\D\Cooding\GENERAL\Al-Asel\main\views_cbv.py", line 1202, in get_context_data
    for item in items:
                ^^^^^
  File "C:\Users\mahmo\AppData\Roaming\Python\Python313\site-packages\django\db\models\query.py", line 398, in __iter__
    self._fetch_all()
    ~~~~~~~~~~~~~~~^^
  File "C:\Users\mahmo\AppData\Roaming\Python\Python313\site-packages\django\db\models\query.py", line 1883, in _fetch_all
    self._prefetch_related_objects()
    ~~~~~~~~~~~~~~~~~~~~~~~~~~~~~~^^
  File "C:\Users\mahmo\AppData\Roaming\Python\Python313\site-packages\django\db\models\query.py", line 1273, in _prefetch_related_objects
    prefetch_related_objects(self._result_cache, *self._prefetch_related_lookups)
    ~~~~~~~~~~~~~~~~~~~~~~~~^^^^^^^^^^^^^^^^^^^^^^^^^^^^^^^^^^^^^^^^^^^^^^^^^^^^^
  File "C:\Users\mahmo\AppData\Roaming\Python\Python313\site-packages\django\db\models\query.py", line 2296, in prefetch_related_objects
    raise AttributeError(
    ...<7 lines>...
    )
AttributeError: Cannot find 'branchstock_set' on Item object, 'branchstock_set__branch' is an invalid parameter to prefetch_related()
ERROR 2025-12-25 19:37:56,897 basehttp 29644 12544 "GET /manage/items HTTP/1.1" 500 110890
INFO 2025-12-25 19:38:05,082 basehttp 29644 12544 "GET /create_item HTTP/1.1" 200 37900
INFO 2025-12-25 19:38:07,035 basehttp 29644 12544 "GET /manage/categories HTTP/1.1" 200 42543
INFO 2025-12-25 19:38:08,854 basehttp 29644 12544 "GET /create_customer HTTP/1.1" 200 34869
ERROR 2025-12-25 19:38:10,791 log 29644 12544 Internal Server Error: /manage/items
Traceback (most recent call last):
  File "C:\Users\mahmo\AppData\Roaming\Python\Python313\site-packages\django\core\handlers\exception.py", line 55, in inner
    response = get_response(request)
  File "C:\Users\mahmo\AppData\Roaming\Python\Python313\site-packages\django\core\handlers\base.py", line 197, in _get_response
    response = wrapped_callback(request, *callback_args, **callback_kwargs)
  File "C:\Users\mahmo\AppData\Roaming\Python\Python313\site-packages\django\views\generic\base.py", line 104, in view
    return self.dispatch(request, *args, **kwargs)
           ~~~~~~~~~~~~~^^^^^^^^^^^^^^^^^^^^^^^^^^
  File "C:\Users\mahmo\AppData\Roaming\Python\Python313\site-packages\django\contrib\auth\mixins.py", line 73, in dispatch
    return super().dispatch(request, *args, **kwargs)
           ~~~~~~~~~~~~~~~~^^^^^^^^^^^^^^^^^^^^^^^^^^
  File "C:\Users\mahmo\AppData\Roaming\Python\Python313\site-packages\django\views\generic\base.py", line 143, in dispatch
    return handler(request, *args, **kwargs)
  File "C:\Users\mahmo\AppData\Roaming\Python\Python313\site-packages\django\views\generic\base.py", line 226, in get
    context = self.get_context_data(**kwargs)
  File "C:\D\Cooding\GENERAL\Al-Asel\main\views_cbv.py", line 1202, in get_context_data
    for item in items:
                ^^^^^
  File "C:\Users\mahmo\AppData\Roaming\Python\Python313\site-packages\django\db\models\query.py", line 398, in __iter__
    self._fetch_all()
    ~~~~~~~~~~~~~~~^^
  File "C:\Users\mahmo\AppData\Roaming\Python\Python313\site-packages\django\db\models\query.py", line 1883, in _fetch_all
    self._prefetch_related_objects()
    ~~~~~~~~~~~~~~~~~~~~~~~~~~~~~~^^
  File "C:\Users\mahmo\AppData\Roaming\Python\Python313\site-packages\django\db\models\query.py", line 1273, in _prefetch_related_objects
    prefetch_related_objects(self._result_cache, *self._prefetch_related_lookups)
    ~~~~~~~~~~~~~~~~~~~~~~~~^^^^^^^^^^^^^^^^^^^^^^^^^^^^^^^^^^^^^^^^^^^^^^^^^^^^^
  File "C:\Users\mahmo\AppData\Roaming\Python\Python313\site-packages\django\db\models\query.py", line 2296, in prefetch_related_objects
    raise AttributeError(
    ...<7 lines>...
    )
AttributeError: Cannot find 'branchstock_set' on Item object, 'branchstock_set__branch' is an invalid parameter to prefetch_related()
ERROR 2025-12-25 19:38:10,793 basehttp 29644 12544 "GET /manage/items HTTP/1.1" 500 110890
INFO 2025-12-25 19:38:13,212 basehttp 29644 12544 "GET /users/all_orders HTTP/1.1" 200 32753
INFO 2025-12-25 19:38:14,667 basehttp 29644 8244 "GET /all_rest_orders HTTP/1.1" 200 32974
INFO 2025-12-25 19:38:16,348 basehttp 29644 8244 "GET /users/all_coming_orders HTTP/1.1" 200 37739
INFO 2025-12-25 19:38:17,980 basehttp 29644 8244 "GET /coming_order HTTP/1.1" 200 48792
ERROR 2025-12-25 19:38:20,202 log 29644 8244 Internal Server Error: /transfer/make/
Traceback (most recent call last):
  File "C:\Users\mahmo\AppData\Roaming\Python\Python313\site-packages\django\template\smartif.py", line 179, in translate_token
    op = OPERATORS[token]
         ~~~~~~~~~^^^^^^^
KeyError: 'selected_from_branch.id==branch.id'

During handling of the above exception, another exception occurred:

Traceback (most recent call last):
  File "C:\Users\mahmo\AppData\Roaming\Python\Python313\site-packages\django\core\handlers\exception.py", line 55, in inner
    response = get_response(request)
  File "C:\Users\mahmo\AppData\Roaming\Python\Python313\site-packages\django\core\handlers\base.py", line 220, in _get_response
    response = response.render()
  File "C:\Users\mahmo\AppData\Roaming\Python\Python313\site-packages\django\template\response.py", line 114, in render
    self.content = self.rendered_content
                   ^^^^^^^^^^^^^^^^^^^^^
  File "C:\Users\mahmo\AppData\Roaming\Python\Python313\site-packages\django\template\response.py", line 90, in rendered_content
    template = self.resolve_template(self.template_name)
  File "C:\Users\mahmo\AppData\Roaming\Python\Python313\site-packages\django\template\response.py", line 72, in resolve_template
    return select_template(template, using=self.using)
  File "C:\Users\mahmo\AppData\Roaming\Python\Python313\site-packages\django\template\loader.py", line 42, in select_template
    return engine.get_template(template_name)
           ~~~~~~~~~~~~~~~~~~~^^^^^^^^^^^^^^^
  File "C:\Users\mahmo\AppData\Roaming\Python\Python313\site-packages\django\template\backends\django.py", line 33, in get_template
    return Template(self.engine.get_template(template_name), self)
                    ~~~~~~~~~~~~~~~~~~~~~~~~^^^^^^^^^^^^^^^
  File "C:\Users\mahmo\AppData\Roaming\Python\Python313\site-packages\django\template\engine.py", line 175, in get_template
    template, origin = self.find_template(template_name)
                       ~~~~~~~~~~~~~~~~~~^^^^^^^^^^^^^^^
  File "C:\Users\mahmo\AppData\Roaming\Python\Python313\site-packages\django\template\engine.py", line 157, in find_template
    template = loader.get_template(name, skip=skip)
  File "C:\Users\mahmo\AppData\Roaming\Python\Python313\site-packages\django\template\loaders\cached.py", line 57, in get_template
    template = super().get_template(template_name, skip)
  File "C:\Users\mahmo\AppData\Roaming\Python\Python313\site-packages\django\template\loaders\base.py", line 28, in get_template
    return Template(
        contents,
    ...<2 lines>...
        self.engine,
    )
  File "C:\Users\mahmo\AppData\Roaming\Python\Python313\site-packages\django\template\base.py", line 154, in __init__
    self.nodelist = self.compile_nodelist()
                    ~~~~~~~~~~~~~~~~~~~~~^^
  File "C:\Users\mahmo\AppData\Roaming\Python\Python313\site-packages\django\template\base.py", line 200, in compile_nodelist
    return parser.parse()
           ~~~~~~~~~~~~^^
  File "C:\Users\mahmo\AppData\Roaming\Python\Python313\site-packages\django\template\base.py", line 513, in parse
    raise self.error(token, e)
  File "C:\Users\mahmo\AppData\Roaming\Python\Python313\site-packages\django\template\base.py", line 511, in parse
    compiled_result = compile_func(self, token)
  File "C:\Users\mahmo\AppData\Roaming\Python\Python313\site-packages\django\template\loader_tags.py", line 293, in do_extends
    nodelist = parser.parse()
  File "C:\Users\mahmo\AppData\Roaming\Python\Python313\site-packages\django\template\base.py", line 513, in parse
    raise self.error(token, e)
  File "C:\Users\mahmo\AppData\Roaming\Python\Python313\site-packages\django\template\base.py", line 511, in parse
    compiled_result = compile_func(self, token)
  File "C:\Users\mahmo\AppData\Roaming\Python\Python313\site-packages\django\template\loader_tags.py", line 232, in do_block
    nodelist = parser.parse(("endblock",))
  File "C:\Users\mahmo\AppData\Roaming\Python\Python313\site-packages\django\template\base.py", line 513, in parse
    raise self.error(token, e)
  File "C:\Users\mahmo\AppData\Roaming\Python\Python313\site-packages\django\template\base.py", line 511, in parse
    compiled_result = compile_func(self, token)
  File "C:\Users\mahmo\AppData\Roaming\Python\Python313\site-packages\django\template\defaulttags.py", line 853, in do_for
    nodelist_loop = parser.parse(
        (
    ...<2 lines>...
        )
    )
  File "C:\Users\mahmo\AppData\Roaming\Python\Python313\site-packages\django\template\base.py", line 513, in parse
    raise self.error(token, e)
  File "C:\Users\mahmo\AppData\Roaming\Python\Python313\site-packages\django\template\base.py", line 511, in parse
    compiled_result = compile_func(self, token)
  File "C:\Users\mahmo\AppData\Roaming\Python\Python313\site-packages\django\template\defaulttags.py", line 952, in do_if
    condition = TemplateIfParser(parser, bits).parse()
                ~~~~~~~~~~~~~~~~^^^^^^^^^^^^^^
  File "C:\Users\mahmo\AppData\Roaming\Python\Python313\site-packages\django\template\defaulttags.py", line 885, in __init__
    super().__init__(*args, **kwargs)
    ~~~~~~~~~~~~~~~~^^^^^^^^^^^^^^^^^
  File "C:\Users\mahmo\AppData\Roaming\Python\Python313\site-packages\django\template\smartif.py", line 170, in __init__
    mapped_tokens.append(self.translate_token(token))
                         ~~~~~~~~~~~~~~~~~~~~^^^^^^^
  File "C:\Users\mahmo\AppData\Roaming\Python\Python313\site-packages\django\template\smartif.py", line 181, in translate_token
    return self.create_var(token)
           ~~~~~~~~~~~~~~~^^^^^^^
  File "C:\Users\mahmo\AppData\Roaming\Python\Python313\site-packages\django\template\defaulttags.py", line 888, in create_var
    return TemplateLiteral(self.template_parser.compile_filter(value), value)
                           ~~~~~~~~~~~~~~~~~~~~~~~~~~~~~~~~~~~^^^^^^^
  File "C:\Users\mahmo\AppData\Roaming\Python\Python313\site-packages\django\template\base.py", line 600, in compile_filter
    return FilterExpression(token, self)
  File "C:\Users\mahmo\AppData\Roaming\Python\Python313\site-packages\django\template\base.py", line 703, in __init__
    raise TemplateSyntaxError(
    ...<2 lines>...
    )
django.template.exceptions.TemplateSyntaxError: Could not parse the remainder: '==branch.id' from 'selected_from_branch.id==branch.id'
ERROR 2025-12-25 19:38:20,209 basehttp 29644 8244 "GET /transfer/make/ HTTP/1.1" 500 269119
ERROR 2025-12-25 19:38:21,844 log 29644 8244 Internal Server Error: /transfer/make/
Traceback (most recent call last):
  File "C:\Users\mahmo\AppData\Roaming\Python\Python313\site-packages\django\template\smartif.py", line 179, in translate_token
    op = OPERATORS[token]
         ~~~~~~~~~^^^^^^^
KeyError: 'selected_from_branch.id==branch.id'

During handling of the above exception, another exception occurred:

Traceback (most recent call last):
  File "C:\Users\mahmo\AppData\Roaming\Python\Python313\site-packages\django\core\handlers\exception.py", line 55, in inner
    response = get_response(request)
  File "C:\Users\mahmo\AppData\Roaming\Python\Python313\site-packages\django\core\handlers\base.py", line 220, in _get_response
    response = response.render()
  File "C:\Users\mahmo\AppData\Roaming\Python\Python313\site-packages\django\template\response.py", line 114, in render
    self.content = self.rendered_content
                   ^^^^^^^^^^^^^^^^^^^^^
  File "C:\Users\mahmo\AppData\Roaming\Python\Python313\site-packages\django\template\response.py", line 90, in rendered_content
    template = self.resolve_template(self.template_name)
  File "C:\Users\mahmo\AppData\Roaming\Python\Python313\site-packages\django\template\response.py", line 72, in resolve_template
    return select_template(template, using=self.using)
  File "C:\Users\mahmo\AppData\Roaming\Python\Python313\site-packages\django\template\loader.py", line 42, in select_template
    return engine.get_template(template_name)
           ~~~~~~~~~~~~~~~~~~~^^^^^^^^^^^^^^^
  File "C:\Users\mahmo\AppData\Roaming\Python\Python313\site-packages\django\template\backends\django.py", line 33, in get_template
    return Template(self.engine.get_template(template_name), self)
                    ~~~~~~~~~~~~~~~~~~~~~~~~^^^^^^^^^^^^^^^
  File "C:\Users\mahmo\AppData\Roaming\Python\Python313\site-packages\django\template\engine.py", line 175, in get_template
    template, origin = self.find_template(template_name)
                       ~~~~~~~~~~~~~~~~~~^^^^^^^^^^^^^^^
  File "C:\Users\mahmo\AppData\Roaming\Python\Python313\site-packages\django\template\engine.py", line 157, in find_template
    template = loader.get_template(name, skip=skip)
  File "C:\Users\mahmo\AppData\Roaming\Python\Python313\site-packages\django\template\loaders\cached.py", line 57, in get_template
    template = super().get_template(template_name, skip)
  File "C:\Users\mahmo\AppData\Roaming\Python\Python313\site-packages\django\template\loaders\base.py", line 28, in get_template
    return Template(
        contents,
    ...<2 lines>...
        self.engine,
    )
  File "C:\Users\mahmo\AppData\Roaming\Python\Python313\site-packages\django\template\base.py", line 154, in __init__
    self.nodelist = self.compile_nodelist()
                    ~~~~~~~~~~~~~~~~~~~~~^^
  File "C:\Users\mahmo\AppData\Roaming\Python\Python313\site-packages\django\template\base.py", line 200, in compile_nodelist
    return parser.parse()
           ~~~~~~~~~~~~^^
  File "C:\Users\mahmo\AppData\Roaming\Python\Python313\site-packages\django\template\base.py", line 513, in parse
    raise self.error(token, e)
  File "C:\Users\mahmo\AppData\Roaming\Python\Python313\site-packages\django\template\base.py", line 511, in parse
    compiled_result = compile_func(self, token)
  File "C:\Users\mahmo\AppData\Roaming\Python\Python313\site-packages\django\template\loader_tags.py", line 293, in do_extends
    nodelist = parser.parse()
  File "C:\Users\mahmo\AppData\Roaming\Python\Python313\site-packages\django\template\base.py", line 513, in parse
    raise self.error(token, e)
  File "C:\Users\mahmo\AppData\Roaming\Python\Python313\site-packages\django\template\base.py", line 511, in parse
    compiled_result = compile_func(self, token)
  File "C:\Users\mahmo\AppData\Roaming\Python\Python313\site-packages\django\template\loader_tags.py", line 232, in do_block
    nodelist = parser.parse(("endblock",))
  File "C:\Users\mahmo\AppData\Roaming\Python\Python313\site-packages\django\template\base.py", line 513, in parse
    raise self.error(token, e)
  File "C:\Users\mahmo\AppData\Roaming\Python\Python313\site-packages\django\template\base.py", line 511, in parse
    compiled_result = compile_func(self, token)
  File "C:\Users\mahmo\AppData\Roaming\Python\Python313\site-packages\django\template\defaulttags.py", line 853, in do_for
    nodelist_loop = parser.parse(
        (
    ...<2 lines>...
        )
    )
  File "C:\Users\mahmo\AppData\Roaming\Python\Python313\site-packages\django\template\base.py", line 513, in parse
    raise self.error(token, e)
  File "C:\Users\mahmo\AppData\Roaming\Python\Python313\site-packages\django\template\base.py", line 511, in parse
    compiled_result = compile_func(self, token)
  File "C:\Users\mahmo\AppData\Roaming\Python\Python313\site-packages\django\template\defaulttags.py", line 952, in do_if
    condition = TemplateIfParser(parser, bits).parse()
                ~~~~~~~~~~~~~~~~^^^^^^^^^^^^^^
  File "C:\Users\mahmo\AppData\Roaming\Python\Python313\site-packages\django\template\defaulttags.py", line 885, in __init__
    super().__init__(*args, **kwargs)
    ~~~~~~~~~~~~~~~~^^^^^^^^^^^^^^^^^
  File "C:\Users\mahmo\AppData\Roaming\Python\Python313\site-packages\django\template\smartif.py", line 170, in __init__
    mapped_tokens.append(self.translate_token(token))
                         ~~~~~~~~~~~~~~~~~~~~^^^^^^^
  File "C:\Users\mahmo\AppData\Roaming\Python\Python313\site-packages\django\template\smartif.py", line 181, in translate_token
    return self.create_var(token)
           ~~~~~~~~~~~~~~~^^^^^^^
  File "C:\Users\mahmo\AppData\Roaming\Python\Python313\site-packages\django\template\defaulttags.py", line 888, in create_var
    return TemplateLiteral(self.template_parser.compile_filter(value), value)
                           ~~~~~~~~~~~~~~~~~~~~~~~~~~~~~~~~~~~^^^^^^^
  File "C:\Users\mahmo\AppData\Roaming\Python\Python313\site-packages\django\template\base.py", line 600, in compile_filter
    return FilterExpression(token, self)
  File "C:\Users\mahmo\AppData\Roaming\Python\Python313\site-packages\django\template\base.py", line 703, in __init__
    raise TemplateSyntaxError(
    ...<2 lines>...
    )
django.template.exceptions.TemplateSyntaxError: Could not parse the remainder: '==branch.id' from 'selected_from_branch.id==branch.id'
ERROR 2025-12-25 19:38:21,849 basehttp 29644 8244 "GET /transfer/make/ HTTP/1.1" 500 269119
INFO 2025-12-25 19:38:29,765 basehttp 29644 28664 "GET /transfer/history/ HTTP/1.1" 200 33304
INFO 2025-12-25 19:38:31,411 basehttp 29644 28664 "GET /transfer/stock/ HTTP/1.1" 200 33050
INFO 2025-12-25 19:38:35,568 basehttp 29644 19716 "GET /users/ HTTP/1.1" 200 36768
INFO 2025-12-25 19:38:39,131 basehttp 29644 19716 "GET /total_orders HTTP/1.1" 200 37732
INFO 2025-12-25 19:39:43,691 basehttp 29644 19716 "GET /users/ HTTP/1.1" 200 36768
INFO 2025-12-25 19:39:46,030 basehttp 29644 26028 "GET /users/1 HTTP/1.1" 200 33042
INFO 2025-12-25 19:39:51,273 basehttp 29644 26028 "GET /total_orders HTTP/1.1" 200 37732
INFO 2025-12-25 19:39:53,008 basehttp 29644 26028 "GET /users/ HTTP/1.1" 200 36768
INFO 2025-12-25 19:39:54,211 basehttp 29644 21468 "GET /users/29 HTTP/1.1" 200 33070
INFO 2025-12-25 19:40:01,787 autoreload 29644 28988 C:\D\Cooding\GENERAL\Al-Asel\main\views_cbv.py changed, reloading.
INFO 2025-12-25 19:40:02,495 autoreload 28236 18700 Watching for file changes with StatReloader
INFO 2025-12-25 19:40:35,593 autoreload 8728 30640 Watching for file changes with StatReloader
INFO 2025-12-25 19:40:37,031 basehttp 8728 22852 "GET /users/29 HTTP/1.1" 200 33070
INFO 2025-12-25 19:40:40,325 basehttp 8728 22852 "GET /create_customer HTTP/1.1" 200 34869
INFO 2025-12-25 19:40:42,360 basehttp 8728 22852 "GET /manage/items HTTP/1.1" 200 65870
INFO 2025-12-25 19:41:17,470 basehttp 8728 19404 "GET /users/all_coming_orders HTTP/1.1" 200 37739
INFO 2025-12-25 19:41:23,677 basehttp 8728 19404 "GET /coming_order/51 HTTP/1.1" 200 34500
ERROR 2025-12-25 19:41:26,998 log 8728 16464 Internal Server Error: /delete_coming_order/51
Traceback (most recent call last):
  File "C:\Users\mahmo\AppData\Roaming\Python\Python313\site-packages\django\core\handlers\exception.py", line 55, in inner
    response = get_response(request)
  File "C:\Users\mahmo\AppData\Roaming\Python\Python313\site-packages\django\core\handlers\base.py", line 204, in _get_response
    self.check_response(response, callback)
    ~~~~~~~~~~~~~~~~~~~^^^^^^^^^^^^^^^^^^^^
  File "C:\Users\mahmo\AppData\Roaming\Python\Python313\site-packages\django\core\handlers\base.py", line 332, in check_response
    raise ValueError(
    ...<2 lines>...
    )
ValueError: The view main.views_cbv.delete_coming_order didn't return an HttpResponse object. It returned None instead.
ERROR 2025-12-25 19:41:27,000 basehttp 8728 16464 "GET /delete_coming_order/51 HTTP/1.1" 500 72976
INFO 2025-12-25 19:41:30,863 basehttp 8728 16464 "GET /users/all_coming_orders HTTP/1.1" 200 37739
INFO 2025-12-25 19:41:33,131 basehttp 8728 16464 "GET /coming_order/51 HTTP/1.1" 200 34500
ERROR 2025-12-25 19:41:37,837 log 8728 5164 Internal Server Error: /delete_coming_order/51
Traceback (most recent call last):
  File "C:\Users\mahmo\AppData\Roaming\Python\Python313\site-packages\django\core\handlers\exception.py", line 55, in inner
    response = get_response(request)
  File "C:\Users\mahmo\AppData\Roaming\Python\Python313\site-packages\django\core\handlers\base.py", line 204, in _get_response
    self.check_response(response, callback)
    ~~~~~~~~~~~~~~~~~~~^^^^^^^^^^^^^^^^^^^^
  File "C:\Users\mahmo\AppData\Roaming\Python\Python313\site-packages\django\core\handlers\base.py", line 332, in check_response
    raise ValueError(
    ...<2 lines>...
    )
ValueError: The view main.views_cbv.delete_coming_order didn't return an HttpResponse object. It returned None instead.
ERROR 2025-12-25 19:41:37,839 basehttp 8728 5164 "GET /delete_coming_order/51 HTTP/1.1" 500 72976
INFO 2025-12-25 19:42:25,422 autoreload 8728 30640 C:\D\Cooding\GENERAL\Al-Asel\main\views_cbv.py changed, reloading.
INFO 2025-12-25 19:42:26,075 autoreload 788 20840 Watching for file changes with StatReloader
INFO 2025-12-25 19:43:31,976 autoreload 25352 5984 Watching for file changes with StatReloader
ERROR 2025-12-25 19:43:33,075 basehttp 25352 11244 "GET /delete_coming_order/51 HTTP/1.1" 500 93303
ERROR 2025-12-25 19:43:33,724 basehttp 25352 11244 "GET /delete_coming_order/51 HTTP/1.1" 500 93303
INFO 2025-12-25 19:43:35,396 basehttp 25352 19104 "GET /coming_order/51 HTTP/1.1" 200 34500
ERROR 2025-12-25 19:43:37,655 basehttp 25352 19104 "GET /delete_coming_order/51 HTTP/1.1" 500 93166
INFO 2025-12-25 19:44:36,429 basehttp 25352 19104 "GET /coming_order/51 HTTP/1.1" 200 34500
INFO 2025-12-25 19:44:40,771 basehttp 25352 14548 "GET /coming_order/51 HTTP/1.1" 200 34500
ERROR 2025-12-25 19:44:43,149 basehttp 25352 14548 "GET /delete_coming_order/51 HTTP/1.1" 500 93166
INFO 2025-12-25 19:45:13,449 autoreload 15236 23620 Watching for file changes with StatReloader
INFO 2025-12-25 19:45:15,842 basehttp 15236 15268 "GET /coming_order/51 HTTP/1.1" 200 34500
INFO 2025-12-25 19:45:17,893 basehttp 15236 15268 "GET /delete_coming_order/51 HTTP/1.1" 200 33239
INFO 2025-12-25 19:45:26,021 basehttp 15236 15268 "POST /delete_coming_order/51 HTTP/1.1" 302 0
INFO 2025-12-25 19:45:26,040 basehttp 15236 15268 "GET /users/all_coming_orders HTTP/1.1" 200 36767
INFO 2025-12-25 19:45:28,944 basehttp 15236 15268 "GET /users/ HTTP/1.1" 200 36768
INFO 2025-12-25 19:45:30,663 basehttp 15236 15268 "GET / HTTP/1.1" 200 51967
INFO 2025-12-25 19:45:30,856 basehttp 15236 15268 "GET /api/branch_stock/1 HTTP/1.1" 200 37
INFO 2025-12-25 19:45:40,871 basehttp 15236 15268 "POST / HTTP/1.1" 302 0
INFO 2025-12-25 19:45:40,893 basehttp 15236 15268 "GET /order_info/8 HTTP/1.1" 200 38553
INFO 2025-12-25 19:45:43,149 basehttp 15236 15268 "GET / HTTP/1.1" 200 51967
INFO 2025-12-25 19:45:43,344 basehttp 15236 15268 "GET /api/branch_stock/1 HTTP/1.1" 200 37
INFO 2025-12-25 19:45:48,049 basehttp 15236 15268 "GET /delete_order/8 HTTP/1.1" 200 34671
INFO 2025-12-25 19:45:51,803 basehttp 15236 15268 "POST /delete_order/8 HTTP/1.1" 302 0
INFO 2025-12-25 19:45:51,818 basehttp 15236 15268 "GET /users/1 HTTP/1.1" 200 33042
INFO 2025-12-25 19:45:53,670 basehttp 15236 15268 "GET / HTTP/1.1" 200 51967
INFO 2025-12-25 19:45:53,771 basehttp 15236 15268 "GET /api/branch_stock/1 HTTP/1.1" 200 37
INFO 2025-12-25 19:45:56,280 basehttp 15236 15268 "GET / HTTP/1.1" 200 51967
INFO 2025-12-25 19:45:56,387 basehttp 15236 15268 "GET /api/branch_stock/1 HTTP/1.1" 200 37
INFO 2025-12-25 19:46:04,353 basehttp 15236 15268 "GET /coming_order HTTP/1.1" 200 48792
INFO 2025-12-25 19:46:11,737 basehttp 15236 15268 "GET /users/ HTTP/1.1" 200 36768
INFO 2025-12-25 19:46:13,666 basehttp 15236 15268 "GET / HTTP/1.1" 200 51967
INFO 2025-12-25 19:46:13,875 basehttp 15236 15268 "GET /api/branch_stock/1 HTTP/1.1" 200 37
INFO 2025-12-25 19:46:20,011 basehttp 15236 15268 "GET /coming_order HTTP/1.1" 200 48792
INFO 2025-12-25 19:46:28,866 basehttp 15236 15268 "GET /users/all_coming_orders HTTP/1.1" 200 36504
ERROR 2025-12-25 19:46:33,118 log 15236 15268 Internal Server Error: /coming_order/50
Traceback (most recent call last):
  File "C:\Users\mahmo\AppData\Roaming\Python\Python313\site-packages\django\core\handlers\exception.py", line 55, in inner
    response = get_response(request)
  File "C:\Users\mahmo\AppData\Roaming\Python\Python313\site-packages\django\core\handlers\base.py", line 197, in _get_response
    response = wrapped_callback(request, *callback_args, **callback_kwargs)
  File "C:\Users\mahmo\AppData\Roaming\Python\Python313\site-packages\django\contrib\auth\decorators.py", line 23, in _wrapper_view
    return view_func(request, *args, **kwargs)
  File "C:\D\Cooding\GENERAL\Al-Asel\main\views_cbv.py", line 1033, in coming_order_info
    return render(request, "main/coming_order_info.html", {
        "order": order,
        "order_items": order_items,
    })
  File "C:\Users\mahmo\AppData\Roaming\Python\Python313\site-packages\django\shortcuts.py", line 24, in render
    content = loader.render_to_string(template_name, context, request, using=using)
  File "C:\Users\mahmo\AppData\Roaming\Python\Python313\site-packages\django\template\loader.py", line 62, in render_to_string
    return template.render(context, request)
           ~~~~~~~~~~~~~~~^^^^^^^^^^^^^^^^^^
  File "C:\Users\mahmo\AppData\Roaming\Python\Python313\site-packages\django\template\backends\django.py", line 61, in render
    return self.template.render(context)
           ~~~~~~~~~~~~~~~~~~~~^^^^^^^^^
  File "C:\Users\mahmo\AppData\Roaming\Python\Python313\site-packages\django\template\base.py", line 175, in render
    return self._render(context)
           ~~~~~~~~~~~~^^^^^^^^^
  File "C:\Users\mahmo\AppData\Roaming\Python\Python313\site-packages\django\template\base.py", line 167, in _render
    return self.nodelist.render(context)
           ~~~~~~~~~~~~~~~~~~~~^^^^^^^^^
  File "C:\Users\mahmo\AppData\Roaming\Python\Python313\site-packages\django\template\base.py", line 1005, in render
    return SafeString("".join([node.render_annotated(context) for node in self]))
                               ~~~~~~~~~~~~~~~~~~~~~^^^^^^^^^
  File "C:\Users\mahmo\AppData\Roaming\Python\Python313\site-packages\django\template\base.py", line 966, in render_annotated
    return self.render(context)
           ~~~~~~~~~~~^^^^^^^^^
  File "C:\Users\mahmo\AppData\Roaming\Python\Python313\site-packages\django\template\loader_tags.py", line 157, in render
    return compiled_parent._render(context)
           ~~~~~~~~~~~~~~~~~~~~~~~^^^^^^^^^
  File "C:\Users\mahmo\AppData\Roaming\Python\Python313\site-packages\django\template\base.py", line 167, in _render
    return self.nodelist.render(context)
           ~~~~~~~~~~~~~~~~~~~~^^^^^^^^^
  File "C:\Users\mahmo\AppData\Roaming\Python\Python313\site-packages\django\template\base.py", line 1005, in render
    return SafeString("".join([node.render_annotated(context) for node in self]))
                               ~~~~~~~~~~~~~~~~~~~~~^^^^^^^^^
  File "C:\Users\mahmo\AppData\Roaming\Python\Python313\site-packages\django\template\base.py", line 966, in render_annotated
    return self.render(context)
           ~~~~~~~~~~~^^^^^^^^^
  File "C:\Users\mahmo\AppData\Roaming\Python\Python313\site-packages\django\template\loader_tags.py", line 63, in render
    result = block.nodelist.render(context)
  File "C:\Users\mahmo\AppData\Roaming\Python\Python313\site-packages\django\template\base.py", line 1005, in render
    return SafeString("".join([node.render_annotated(context) for node in self]))
                               ~~~~~~~~~~~~~~~~~~~~~^^^^^^^^^
  File "C:\Users\mahmo\AppData\Roaming\Python\Python313\site-packages\django\template\base.py", line 966, in render_annotated
    return self.render(context)
           ~~~~~~~~~~~^^^^^^^^^
  File "C:\Users\mahmo\AppData\Roaming\Python\Python313\site-packages\django\template\defaulttags.py", line 471, in render
    url = reverse(view_name, args=args, kwargs=kwargs, current_app=current_app)
  File "C:\Users\mahmo\AppData\Roaming\Python\Python313\site-packages\django\urls\base.py", line 88, in reverse
    return resolver._reverse_with_prefix(view, prefix, *args, **kwargs)
           ~~~~~~~~~~~~~~~~~~~~~~~~~~~~~^^^^^^^^^^^^^^^^^^^^^^^^^^^^^^^
  File "C:\Users\mahmo\AppData\Roaming\Python\Python313\site-packages\django\urls\resolvers.py", line 828, in _reverse_with_prefix
    raise NoReverseMatch(msg)
django.urls.exceptions.NoReverseMatch: Reverse for 'supplier_coming_info' with arguments '('',)' not found. 1 pattern(s) tried: ['supplier_info/(?P<supplier_id>[0-9]+)\\Z']
ERROR 2025-12-25 19:46:33,125 basehttp 15236 15268 "GET /coming_order/50 HTTP/1.1" 500 177016
INFO 2025-12-25 19:47:29,895 autoreload 12532 9848 Watching for file changes with StatReloader
INFO 2025-12-25 19:47:30,475 basehttp 12532 16152 "GET /coming_order/50 HTTP/1.1" 200 39901
INFO 2025-12-25 19:47:38,953 basehttp 12532 17132 "GET /delete_coming_order/50 HTTP/1.1" 200 33238
ERROR 2025-12-25 19:47:40,331 log 12532 17132 Internal Server Error: /delete_coming_order/50
Traceback (most recent call last):
  File "C:\Users\mahmo\AppData\Roaming\Python\Python313\site-packages\django\db\backends\utils.py", line 89, in _execute
    return self.cursor.execute(sql, params)
           ~~~~~~~~~~~~~~~~~~~^^^^^^^^^^^^^
  File "C:\Users\mahmo\AppData\Roaming\Python\Python313\site-packages\django\db\backends\sqlite3\base.py", line 328, in execute
    return super().execute(query, params)
           ~~~~~~~~~~~~~~~^^^^^^^^^^^^^^^
sqlite3.IntegrityError: CHECK constraint failed: quantity

The above exception was the direct cause of the following exception:

Traceback (most recent call last):
  File "C:\Users\mahmo\AppData\Roaming\Python\Python313\site-packages\django\core\handlers\exception.py", line 55, in inner
    response = get_response(request)
  File "C:\Users\mahmo\AppData\Roaming\Python\Python313\site-packages\django\core\handlers\base.py", line 197, in _get_response
    response = wrapped_callback(request, *callback_args, **callback_kwargs)
  File "C:\Users\mahmo\AppData\Roaming\Python\Python313\site-packages\django\contrib\auth\decorators.py", line 23, in _wrapper_view
    return view_func(request, *args, **kwargs)
  File "C:\D\Cooding\GENERAL\Al-Asel\main\views_cbv.py", line 1050, in delete_coming_order
    order.delete()
    ~~~~~~~~~~~~^^
  File "C:\D\Cooding\GENERAL\Al-Asel\main\models.py", line 251, in delete
    order_item.delete()
    ~~~~~~~~~~~~~~~~~^^
  File "C:\D\Cooding\GENERAL\Al-Asel\main\models.py", line 304, in delete
    self.update_item_prices(reverse=True)
    ~~~~~~~~~~~~~~~~~~~~~~~^^^^^^^^^^^^^^
  File "C:\D\Cooding\GENERAL\Al-Asel\main\models.py", line 322, in update_item_prices
    branch_stock.save()
    ~~~~~~~~~~~~~~~~~^^
  File "C:\Users\mahmo\AppData\Roaming\Python\Python313\site-packages\django\db\models\base.py", line 814, in save
    self.save_base(
    ~~~~~~~~~~~~~~^
        using=using,
        ^^^^^^^^^^^^
    ...<2 lines>...
        update_fields=update_fields,
        ^^^^^^^^^^^^^^^^^^^^^^^^^^^^
    )
    ^
  File "C:\Users\mahmo\AppData\Roaming\Python\Python313\site-packages\django\db\models\base.py", line 877, in save_base
    updated = self._save_table(
        raw,
    ...<4 lines>...
        update_fields,
    )
  File "C:\Users\mahmo\AppData\Roaming\Python\Python313\site-packages\django\db\models\base.py", line 990, in _save_table
    updated = self._do_update(
        base_qs, using, pk_val, values, update_fields, forced_update
    )
  File "C:\Users\mahmo\AppData\Roaming\Python\Python313\site-packages\django\db\models\base.py", line 1054, in _do_update
    return filtered._update(values) > 0
           ~~~~~~~~~~~~~~~~^^^^^^^^
  File "C:\Users\mahmo\AppData\Roaming\Python\Python313\site-packages\django\db\models\query.py", line 1231, in _update
    return query.get_compiler(self.db).execute_sql(CURSOR)
           ~~~~~~~~~~~~~~~~~~~~~~~~~~~~~~~~~~~~~~~^^^^^^^^
  File "C:\Users\mahmo\AppData\Roaming\Python\Python313\site-packages\django\db\models\sql\compiler.py", line 1984, in execute_sql
    cursor = super().execute_sql(result_type)
  File "C:\Users\mahmo\AppData\Roaming\Python\Python313\site-packages\django\db\models\sql\compiler.py", line 1562, in execute_sql
    cursor.execute(sql, params)
    ~~~~~~~~~~~~~~^^^^^^^^^^^^^
  File "C:\Users\mahmo\AppData\Roaming\Python\Python313\site-packages\django\db\backends\utils.py", line 102, in execute
    return super().execute(sql, params)
           ~~~~~~~~~~~~~~~^^^^^^^^^^^^^
  File "C:\Users\mahmo\AppData\Roaming\Python\Python313\site-packages\django\db\backends\utils.py", line 67, in execute
    return self._execute_with_wrappers(
           ~~~~~~~~~~~~~~~~~~~~~~~~~~~^
        sql, params, many=False, executor=self._execute
        ^^^^^^^^^^^^^^^^^^^^^^^^^^^^^^^^^^^^^^^^^^^^^^^
    )
    ^
  File "C:\Users\mahmo\AppData\Roaming\Python\Python313\site-packages\django\db\backends\utils.py", line 80, in _execute_with_wrappers
    return executor(sql, params, many, context)
  File "C:\Users\mahmo\AppData\Roaming\Python\Python313\site-packages\django\db\backends\utils.py", line 84, in _execute
    with self.db.wrap_database_errors:
         ^^^^^^^^^^^^^^^^^^^^^^^^^^^^
  File "C:\Users\mahmo\AppData\Roaming\Python\Python313\site-packages\django\db\utils.py", line 91, in __exit__
    raise dj_exc_value.with_traceback(traceback) from exc_value
  File "C:\Users\mahmo\AppData\Roaming\Python\Python313\site-packages\django\db\backends\utils.py", line 89, in _execute
    return self.cursor.execute(sql, params)
           ~~~~~~~~~~~~~~~~~~~^^^^^^^^^^^^^
  File "C:\Users\mahmo\AppData\Roaming\Python\Python313\site-packages\django\db\backends\sqlite3\base.py", line 328, in execute
    return super().execute(query, params)
           ~~~~~~~~~~~~~~~^^^^^^^^^^^^^^^
django.db.utils.IntegrityError: CHECK constraint failed: quantity
ERROR 2025-12-25 19:47:40,339 basehttp 12532 17132 "POST /delete_coming_order/50 HTTP/1.1" 500 170827
ERROR 2025-12-25 19:47:55,000 log 12532 18492 Internal Server Error: /done_coming_order/50
Traceback (most recent call last):
  File "C:\Users\mahmo\AppData\Roaming\Python\Python313\site-packages\django\core\handlers\exception.py", line 55, in inner
    response = get_response(request)
  File "C:\Users\mahmo\AppData\Roaming\Python\Python313\site-packages\django\core\handlers\base.py", line 204, in _get_response
    self.check_response(response, callback)
    ~~~~~~~~~~~~~~~~~~~^^^^^^^^^^^^^^^^^^^^
  File "C:\Users\mahmo\AppData\Roaming\Python\Python313\site-packages\django\core\handlers\base.py", line 332, in check_response
    raise ValueError(
    ...<2 lines>...
    )
ValueError: The view main.views_cbv.done_coming_order didn't return an HttpResponse object. It returned None instead.
ERROR 2025-12-25 19:47:55,002 basehttp 12532 18492 "GET /done_coming_order/50 HTTP/1.1" 500 72940
INFO 2025-12-25 19:47:58,891 basehttp 12532 18492 "GET /coming_order/50 HTTP/1.1" 200 39901
INFO 2025-12-25 19:48:01,019 basehttp 12532 18492 "GET /coming_order/50/add_items HTTP/1.1" 200 47808
ERROR 2025-12-25 19:48:05,676 log 12532 30064 Internal Server Error: /coming_order/50/add_items
Traceback (most recent call last):
  File "C:\Users\mahmo\AppData\Roaming\Python\Python313\site-packages\django\core\handlers\exception.py", line 55, in inner
    response = get_response(request)
  File "C:\Users\mahmo\AppData\Roaming\Python\Python313\site-packages\django\core\handlers\base.py", line 197, in _get_response
    response = wrapped_callback(request, *callback_args, **callback_kwargs)
  File "C:\D\Cooding\GENERAL\Al-Asel\main\views_cbv.py", line 1015, in add_coming_items
    Store_OrderItem.objects.create(
    ~~~~~~~~~~~~~~~~~~~~~~~~~~~~~~^
        order=order, item=item, quantity=quantity, single_real_price=item.real_price,
        ^^^^^^^^^^^^^^^^^^^^^^^^^^^^^^^^^^^^^^^^^^^^^^^^^^^^^^^^^^^^^^^^^^^^^^^^^^^^^
        single_gomla_price=item.gomla_price, single_market_price=item.market_price
        ^^^^^^^^^^^^^^^^^^^^^^^^^^^^^^^^^^^^^^^^^^^^^^^^^^^^^^^^^^^^^^^^^^^^^^^^^^
    )
    ^
  File "C:\Users\mahmo\AppData\Roaming\Python\Python313\site-packages\django\db\models\manager.py", line 87, in manager_method
    return getattr(self.get_queryset(), name)(*args, **kwargs)
           ~~~~~~~~~~~~~~~~~~~~~~~~~~~~~~~~~~^^^^^^^^^^^^^^^^^
  File "C:\Users\mahmo\AppData\Roaming\Python\Python313\site-packages\django\db\models\query.py", line 658, in create
    obj.save(force_insert=True, using=self.db)
    ~~~~~~~~^^^^^^^^^^^^^^^^^^^^^^^^^^^^^^^^^^
  File "C:\D\Cooding\GENERAL\Al-Asel\main\models.py", line 283, in save
    self.total_gomla_gomla_price = self.quantity * self.single_gomla_gomla_price
                                   ~~~~~~~~~~~~~~^~~~~~~~~~~~~~~~~~~~~~~~~~~~~~~
TypeError: unsupported operand type(s) for *: 'int' and 'NoneType'
ERROR 2025-12-25 19:48:05,679 basehttp 12532 30064 "POST /coming_order/50/add_items HTTP/1.1" 500 89350
INFO 2025-12-25 19:50:23,582 autoreload 12532 9848 C:\D\Cooding\GENERAL\Al-Asel\main\models.py changed, reloading.
INFO 2025-12-25 19:50:24,448 autoreload 6596 3468 Watching for file changes with StatReloader
INFO 2025-12-25 19:50:52,105 autoreload 6596 3468 C:\D\Cooding\GENERAL\Al-Asel\main\models.py changed, reloading.
INFO 2025-12-25 19:50:52,710 autoreload 14564 28072 Watching for file changes with StatReloader
ERROR 2025-12-25 19:51:25,078 log 14564 21908 Internal Server Error: /coming_order/50/add_items
Traceback (most recent call last):
  File "C:\Users\mahmo\AppData\Roaming\Python\Python313\site-packages\django\core\handlers\exception.py", line 55, in inner
    response = get_response(request)
  File "C:\Users\mahmo\AppData\Roaming\Python\Python313\site-packages\django\core\handlers\base.py", line 197, in _get_response
    response = wrapped_callback(request, *callback_args, **callback_kwargs)
  File "C:\D\Cooding\GENERAL\Al-Asel\main\views_cbv.py", line 1015, in add_coming_items
    Store_OrderItem.objects.create(
    ~~~~~~~~~~~~~~~~~~~~~~~~~~~~~~^
        order=order, item=item, quantity=quantity, single_real_price=item.real_price,
        ^^^^^^^^^^^^^^^^^^^^^^^^^^^^^^^^^^^^^^^^^^^^^^^^^^^^^^^^^^^^^^^^^^^^^^^^^^^^^
        single_gomla_price=item.gomla_price, single_market_price=item.market_price
        ^^^^^^^^^^^^^^^^^^^^^^^^^^^^^^^^^^^^^^^^^^^^^^^^^^^^^^^^^^^^^^^^^^^^^^^^^^
    )
    ^
  File "C:\Users\mahmo\AppData\Roaming\Python\Python313\site-packages\django\db\models\manager.py", line 87, in manager_method
    return getattr(self.get_queryset(), name)(*args, **kwargs)
           ~~~~~~~~~~~~~~~~~~~~~~~~~~~~~~~~~~^^^^^^^^^^^^^^^^^
  File "C:\Users\mahmo\AppData\Roaming\Python\Python313\site-packages\django\db\models\query.py", line 658, in create
    obj.save(force_insert=True, using=self.db)
    ~~~~~~~~^^^^^^^^^^^^^^^^^^^^^^^^^^^^^^^^^^
  File "C:\D\Cooding\GENERAL\Al-Asel\main\models.py", line 301, in save
    self.total_gomla_gomla_price = self.quantity * self.single_gomla_gomla_price
                                   ~~~~~~~~~~~~~~^~~~~~~~~~~~~~~~~~~~~~~~~~~~~~~
TypeError: unsupported operand type(s) for *: 'int' and 'NoneType'
ERROR 2025-12-25 19:51:25,082 basehttp 14564 21908 "POST /coming_order/50/add_items HTTP/1.1" 500 89350
INFO 2025-12-25 19:51:38,880 autoreload 14564 28072 C:\D\Cooding\GENERAL\Al-Asel\main\views_cbv.py changed, reloading.
INFO 2025-12-25 19:51:39,560 autoreload 20932 1460 Watching for file changes with StatReloader
INFO 2025-12-25 19:53:10,070 autoreload 14996 27976 Watching for file changes with StatReloader
INFO 2025-12-25 19:53:11,735 basehttp 14996 23248 "GET /coming_order/50/add_items HTTP/1.1" 200 47808
INFO 2025-12-25 19:53:15,661 basehttp 14996 3984 "GET /coming_order/50/add_items HTTP/1.1" 200 47808
ERROR 2025-12-25 19:53:19,205 log 14996 3984 Internal Server Error: /coming_order/50/add_items
Traceback (most recent call last):
  File "C:\Users\mahmo\AppData\Roaming\Python\Python313\site-packages\django\core\handlers\exception.py", line 55, in inner
    response = get_response(request)
  File "C:\Users\mahmo\AppData\Roaming\Python\Python313\site-packages\django\core\handlers\base.py", line 197, in _get_response
    response = wrapped_callback(request, *callback_args, **callback_kwargs)
  File "C:\D\Cooding\GENERAL\Al-Asel\main\views_cbv.py", line 1017, in add_coming_items
    Store_OrderItem.objects.create(
    ~~~~~~~~~~~~~~~~~~~~~~~~~~~~~~^
        order=order, item=item, quantity=quantity, single_real_price=item.real_price,
        ^^^^^^^^^^^^^^^^^^^^^^^^^^^^^^^^^^^^^^^^^^^^^^^^^^^^^^^^^^^^^^^^^^^^^^^^^^^^^
        single_gomla_price=item.gomla_price, single_market_price=item.market_price
        ^^^^^^^^^^^^^^^^^^^^^^^^^^^^^^^^^^^^^^^^^^^^^^^^^^^^^^^^^^^^^^^^^^^^^^^^^^
    )
    ^
  File "C:\Users\mahmo\AppData\Roaming\Python\Python313\site-packages\django\db\models\manager.py", line 87, in manager_method
    return getattr(self.get_queryset(), name)(*args, **kwargs)
           ~~~~~~~~~~~~~~~~~~~~~~~~~~~~~~~~~~^^^^^^^^^^^^^^^^^
  File "C:\Users\mahmo\AppData\Roaming\Python\Python313\site-packages\django\db\models\query.py", line 658, in create
    obj.save(force_insert=True, using=self.db)
    ~~~~~~~~^^^^^^^^^^^^^^^^^^^^^^^^^^^^^^^^^^
  File "C:\D\Cooding\GENERAL\Al-Asel\main\models.py", line 301, in save
    self.total_gomla_gomla_price = self.quantity * self.single_gomla_gomla_price
                                   ~~~~~~~~~~~~~~^~~~~~~~~~~~~~~~~~~~~~~~~~~~~~~
TypeError: unsupported operand type(s) for *: 'int' and 'NoneType'
ERROR 2025-12-25 19:53:19,209 basehttp 14996 3984 "POST /coming_order/50/add_items HTTP/1.1" 500 89341
ERROR 2025-12-25 19:53:28,712 log 14996 27180 Internal Server Error: /coming_order/50/add_items
Traceback (most recent call last):
  File "C:\Users\mahmo\AppData\Roaming\Python\Python313\site-packages\django\core\handlers\exception.py", line 55, in inner
    response = get_response(request)
  File "C:\Users\mahmo\AppData\Roaming\Python\Python313\site-packages\django\core\handlers\base.py", line 197, in _get_response
    response = wrapped_callback(request, *callback_args, **callback_kwargs)
  File "C:\D\Cooding\GENERAL\Al-Asel\main\views_cbv.py", line 1017, in add_coming_items
    Store_OrderItem.objects.create(
    ~~~~~~~~~~~~~~~~~~~~~~~~~~~~~~^
        order=order, item=item, quantity=quantity, single_real_price=item.real_price,
        ^^^^^^^^^^^^^^^^^^^^^^^^^^^^^^^^^^^^^^^^^^^^^^^^^^^^^^^^^^^^^^^^^^^^^^^^^^^^^
        single_gomla_price=item.gomla_price, single_market_price=item.market_price
        ^^^^^^^^^^^^^^^^^^^^^^^^^^^^^^^^^^^^^^^^^^^^^^^^^^^^^^^^^^^^^^^^^^^^^^^^^^
    )
    ^
  File "C:\Users\mahmo\AppData\Roaming\Python\Python313\site-packages\django\db\models\manager.py", line 87, in manager_method
    return getattr(self.get_queryset(), name)(*args, **kwargs)
           ~~~~~~~~~~~~~~~~~~~~~~~~~~~~~~~~~~^^^^^^^^^^^^^^^^^
  File "C:\Users\mahmo\AppData\Roaming\Python\Python313\site-packages\django\db\models\query.py", line 658, in create
    obj.save(force_insert=True, using=self.db)
    ~~~~~~~~^^^^^^^^^^^^^^^^^^^^^^^^^^^^^^^^^^
  File "C:\D\Cooding\GENERAL\Al-Asel\main\models.py", line 301, in save
    self.total_gomla_gomla_price = self.quantity * self.single_gomla_gomla_price
                                   ~~~~~~~~~~~~~~^~~~~~~~~~~~~~~~~~~~~~~~~~~~~~~
TypeError: unsupported operand type(s) for *: 'int' and 'NoneType'
ERROR 2025-12-25 19:53:28,714 basehttp 14996 27180 "POST /coming_order/50/add_items HTTP/1.1" 500 89396
INFO 2025-12-25 19:53:47,520 basehttp 14996 10664 "GET /users/ HTTP/1.1" 200 36768
INFO 2025-12-25 19:53:48,826 basehttp 14996 10664 "GET / HTTP/1.1" 200 51967
INFO 2025-12-25 19:53:48,954 basehttp 14996 10664 "GET /api/branch_stock/1 HTTP/1.1" 200 37
INFO 2025-12-25 19:54:06,745 autoreload 14996 27976 C:\D\Cooding\GENERAL\Al-Asel\main\views_cbv.py changed, reloading.
INFO 2025-12-25 19:54:07,314 autoreload 18080 6356 Watching for file changes with StatReloader
INFO 2025-12-25 19:54:16,329 basehttp 18080 14648 "GET /admin HTTP/1.1" 301 0
INFO 2025-12-25 19:54:16,407 basehttp 18080 24260 "GET /admin/ HTTP/1.1" 200 9074
INFO 2025-12-25 19:54:16,579 basehttp 18080 24164 "GET /static/admin/css/nav_sidebar.css HTTP/1.1" 200 2694
INFO 2025-12-25 19:54:16,580 basehttp 18080 15700 "GET /static/admin/css/dark_mode.css HTTP/1.1" 200 2929
INFO 2025-12-25 19:54:16,582 basehttp 18080 24164 "GET /static/admin/css/responsive_rtl.css HTTP/1.1" 200 1864
INFO 2025-12-25 19:54:16,583 basehttp 18080 18652 "GET /static/admin/css/responsive.css HTTP/1.1" 200 18559
INFO 2025-12-25 19:54:16,584 basehttp 18080 19832 "GET /static/admin/css/rtl.css HTTP/1.1" 200 4918
INFO 2025-12-25 19:54:16,584 basehttp 18080 24780 "GET /static/admin/css/dashboard.css HTTP/1.1" 200 441
INFO 2025-12-25 19:54:16,585 basehttp 18080 15700 "GET /static/admin/js/theme.js HTTP/1.1" 200 1943
INFO 2025-12-25 19:54:16,586 basehttp 18080 24260 "GET /static/admin/css/base.css HTTP/1.1" 200 21310
INFO 2025-12-25 19:54:16,586 basehttp 18080 24164 "GET /static/admin/js/nav_sidebar.js HTTP/1.1" 200 3063
INFO 2025-12-25 19:54:16,596 basehttp 18080 24260 "GET /static/admin/img/icon-changelink.svg HTTP/1.1" 200 380
INFO 2025-12-25 19:54:16,597 basehttp 18080 24164 "GET /static/admin/img/icon-addlink.svg HTTP/1.1" 200 331
INFO 2025-12-25 19:54:27,190 basehttp 18080 28252 "GET /admin/main/order/ HTTP/1.1" 200 9521
INFO 2025-12-25 19:54:27,209 basehttp 18080 28252 "GET /static/admin/css/changelists.css HTTP/1.1" 200 6566
INFO 2025-12-25 19:54:27,212 basehttp 18080 18812 "GET /static/admin/js/jquery.init.js HTTP/1.1" 200 347
INFO 2025-12-25 19:54:27,214 basehttp 18080 25132 "GET /static/admin/js/admin/RelatedObjectLookups.js HTTP/1.1" 200 8943
INFO 2025-12-25 19:54:27,215 basehttp 18080 28364 "GET /static/admin/js/core.js HTTP/1.1" 200 5682
INFO 2025-12-25 19:54:27,217 basehttp 18080 28252 "GET /static/admin/js/actions.js HTTP/1.1" 200 7872
INFO 2025-12-25 19:54:27,219 basehttp 18080 18812 "GET /static/admin/js/urlify.js HTTP/1.1" 200 7887
INFO 2025-12-25 19:54:27,220 basehttp 18080 25132 "GET /static/admin/js/prepopulate.js HTTP/1.1" 200 1531
INFO 2025-12-25 19:54:27,221 basehttp 18080 24040 "GET /static/admin/js/vendor/jquery/jquery.js HTTP/1.1" 200 292458
INFO 2025-12-25 19:54:27,221 basehttp 18080 24680 "GET /admin/jsi18n/ HTTP/1.1" 200 14011
INFO 2025-12-25 19:54:27,223 basehttp 18080 28364 "GET /static/admin/js/vendor/xregexp/xregexp.js HTTP/1.1" 200 232381
INFO 2025-12-25 19:54:27,233 basehttp 18080 24680 "GET /static/admin/js/filters.js HTTP/1.1" 200 978
INFO 2025-12-25 19:54:27,249 basehttp 18080 24680 "GET /static/admin/img/tooltag-add.svg HTTP/1.1" 200 331
INFO 2025-12-25 19:54:28,732 basehttp 18080 24680 "GET /admin/ HTTP/1.1" 200 9074
INFO 2025-12-25 19:54:32,152 basehttp 18080 24860 "GET /admin/main/store_order/ HTTP/1.1" 200 12612
INFO 2025-12-25 19:54:32,166 basehttp 18080 21792 "GET /static/admin/img/icon-yes.svg HTTP/1.1" 200 436
INFO 2025-12-25 19:54:32,181 basehttp 18080 24860 "GET /admin/jsi18n/ HTTP/1.1" 200 14011
INFO 2025-12-25 19:54:43,754 basehttp 18080 30652 "POST /admin/main/store_order/ HTTP/1.1" 200 9949
INFO 2025-12-25 19:54:43,764 basehttp 18080 30652 "GET /static/admin/js/cancel.js HTTP/1.1" 200 884
INFO 2025-12-25 19:54:45,392 basehttp 18080 30652 "POST /admin/main/store_order/ HTTP/1.1" 302 0
INFO 2025-12-25 19:54:45,414 basehttp 18080 30652 "GET /admin/main/store_order/ HTTP/1.1" 200 12200
INFO 2025-12-25 19:54:45,434 basehttp 18080 30652 "GET /admin/jsi18n/ HTTP/1.1" 200 14011
INFO 2025-12-25 19:54:47,396 basehttp 18080 30652 "GET / HTTP/1.1" 200 51967
INFO 2025-12-25 19:54:47,527 basehttp 18080 30652 "GET /api/branch_stock/1 HTTP/1.1" 200 37
INFO 2025-12-25 19:54:56,810 basehttp 18080 11116 "GET /admin/main/store_order/49/change/ HTTP/1.1" 200 16795
INFO 2025-12-25 19:54:56,824 basehttp 18080 11116 "GET /static/admin/css/forms.css HTTP/1.1" 200 9090
INFO 2025-12-25 19:54:56,828 basehttp 18080 26064 "GET /static/admin/js/calendar.js HTTP/1.1" 200 8466
INFO 2025-12-25 19:54:56,831 basehttp 18080 3648 "GET /static/admin/js/admin/DateTimeShortcuts.js HTTP/1.1" 200 19319
INFO 2025-12-25 19:54:56,831 basehttp 18080 12344 "GET /static/admin/js/prepopulate_init.js HTTP/1.1" 200 586
INFO 2025-12-25 19:54:56,832 basehttp 18080 19096 "GET /static/admin/img/icon-viewlink.svg HTTP/1.1" 200 581
INFO 2025-12-25 19:54:56,834 basehttp 18080 11116 "GET /static/admin/css/widgets.css HTTP/1.1" 200 11921
INFO 2025-12-25 19:54:56,839 basehttp 18080 22440 "GET /admin/jsi18n/ HTTP/1.1" 200 14011
INFO 2025-12-25 19:54:56,840 basehttp 18080 11116 "GET /static/admin/js/change_form.js HTTP/1.1" 200 606
INFO 2025-12-25 19:54:56,873 basehttp 18080 11116 "GET /static/admin/img/icon-calendar.svg HTTP/1.1" 200 1086
INFO 2025-12-25 19:54:56,873 basehttp 18080 22440 "GET /static/admin/img/icon-clock.svg HTTP/1.1" 200 677
INFO 2025-12-25 19:55:06,118 basehttp 18080 25784 "GET /admin/main/store_orderitem/ HTTP/1.1" 200 14187
INFO 2025-12-25 19:55:06,136 basehttp 18080 25784 "GET /admin/jsi18n/ HTTP/1.1" 200 14011
INFO 2025-12-25 19:55:39,319 basehttp 18080 12236 "GET /users/ HTTP/1.1" 200 36768
INFO 2025-12-25 19:55:43,890 basehttp 18080 25588 "GET /users/all_coming_orders HTTP/1.1" 200 35288
INFO 2025-12-25 19:55:47,067 basehttp 18080 25588 "GET /coming_order/49 HTTP/1.1" 200 56236
INFO 2025-12-25 19:55:56,231 basehttp 18080 21704 "GET / HTTP/1.1" 200 51967
INFO 2025-12-25 19:55:56,588 basehttp 18080 21704 "GET /api/branch_stock/1 HTTP/1.1" 200 37
INFO 2025-12-25 19:56:06,876 basehttp 18080 12932 "GET /api/branch_stock/13 HTTP/1.1" 200 83
INFO 2025-12-25 19:56:31,837 basehttp 18080 20656 "GET /admin/main/store_orderitem/204/change/ HTTP/1.1" 200 22224
INFO 2025-12-25 19:56:31,855 basehttp 18080 20656 "GET /admin/jsi18n/ HTTP/1.1" 200 14011
INFO 2025-12-25 19:56:37,236 basehttp 18080 20656 "GET /admin/main/item/ HTTP/1.1" 200 13568
INFO 2025-12-25 19:56:37,255 basehttp 18080 20656 "GET /admin/jsi18n/ HTTP/1.1" 200 14011
INFO 2025-12-25 19:56:43,171 basehttp 18080 13976 "GET /admin/main/item/56/change/ HTTP/1.1" 200 16952
INFO 2025-12-25 19:56:43,189 basehttp 18080 13976 "GET /admin/jsi18n/ HTTP/1.1" 200 14011
INFO 2025-12-25 19:56:49,473 basehttp 18080 13976 "POST /admin/main/item/56/change/ HTTP/1.1" 302 0
INFO 2025-12-25 19:56:49,493 basehttp 18080 13976 "GET /admin/main/item/ HTTP/1.1" 200 13775
INFO 2025-12-25 19:56:49,512 basehttp 18080 13976 "GET /admin/jsi18n/ HTTP/1.1" 200 14011
INFO 2025-12-25 19:56:53,643 basehttp 18080 8840 "GET / HTTP/1.1" 200 51967
INFO 2025-12-25 19:56:53,779 basehttp 18080 8840 "GET /api/branch_stock/1 HTTP/1.1" 200 37
INFO 2025-12-25 19:56:59,277 basehttp 18080 8840 "GET /api/branch_stock/13 HTTP/1.1" 200 83
INFO 2025-12-25 19:57:06,001 basehttp 18080 22156 "GET /admin/main/orderitem/ HTTP/1.1" 200 9554
INFO 2025-12-25 19:57:06,020 basehttp 18080 22156 "GET /admin/jsi18n/ HTTP/1.1" 200 14011
INFO 2025-12-25 19:57:09,056 basehttp 18080 22156 "GET /admin/main/store_order/ HTTP/1.1" 200 12060
INFO 2025-12-25 19:57:09,073 basehttp 18080 22156 "GET /admin/jsi18n/ HTTP/1.1" 200 14011
INFO 2025-12-25 19:57:10,792 basehttp 18080 12344 "GET /admin/main/store_orderitem/ HTTP/1.1" 200 14187
INFO 2025-12-25 19:57:10,811 basehttp 18080 12344 "GET /admin/jsi18n/ HTTP/1.1" 200 14011
INFO 2025-12-25 19:57:20,214 basehttp 18080 17988 "GET /total_orders HTTP/1.1" 200 37732
INFO 2025-12-25 19:57:22,922 basehttp 18080 17988 "GET /users/ HTTP/1.1" 200 36768
INFO 2025-12-25 19:57:27,601 basehttp 18080 17988 "GET /users/all_coming_orders HTTP/1.1" 200 35288
INFO 2025-12-25 19:57:31,037 basehttp 18080 26432 "GET /coming_order/49 HTTP/1.1" 200 56236
ERROR 2025-12-25 19:58:48,766 log 18080 10336 Internal Server Error: /done_coming_order/49
Traceback (most recent call last):
  File "C:\Users\mahmo\AppData\Roaming\Python\Python313\site-packages\django\core\handlers\exception.py", line 55, in inner
    response = get_response(request)
  File "C:\Users\mahmo\AppData\Roaming\Python\Python313\site-packages\django\core\handlers\base.py", line 204, in _get_response
    self.check_response(response, callback)
    ~~~~~~~~~~~~~~~~~~~^^^^^^^^^^^^^^^^^^^^
  File "C:\Users\mahmo\AppData\Roaming\Python\Python313\site-packages\django\core\handlers\base.py", line 332, in check_response
    raise ValueError(
    ...<2 lines>...
    )
ValueError: The view main.views_cbv.done_coming_order didn't return an HttpResponse object. It returned None instead.
ERROR 2025-12-25 19:58:48,770 basehttp 18080 10336 "GET /done_coming_order/49 HTTP/1.1" 500 72940
INFO 2025-12-25 20:00:02,219 autoreload 18080 6356 C:\D\Cooding\GENERAL\Al-Asel\main\views_cbv.py changed, reloading.
INFO 2025-12-25 20:00:03,066 autoreload 22324 27740 Watching for file changes with StatReloader
INFO 2025-12-25 20:00:18,952 basehttp 22324 19852 "GET /done_coming_order/49 HTTP/1.1" 302 0
INFO 2025-12-25 20:00:18,999 basehttp 22324 19852 "GET /coming_order/49 HTTP/1.1" 200 42334
INFO 2025-12-25 20:00:35,789 autoreload 15760 20432 Watching for file changes with StatReloader
INFO 2025-12-25 20:00:42,585 basehttp 15760 24980 "GET /coming_order/49 HTTP/1.1" 200 42080
INFO 2025-12-25 20:00:53,254 basehttp 15760 26136 "GET /admin/main/store_order/ HTTP/1.1" 200 12060
INFO 2025-12-25 20:00:53,276 basehttp 15760 26136 "GET /admin/jsi18n/ HTTP/1.1" 200 14011
INFO 2025-12-25 20:00:55,389 basehttp 15760 26136 "GET /admin/main/store_order/49/change/ HTTP/1.1" 200 16803
INFO 2025-12-25 20:00:55,409 basehttp 15760 26136 "GET /admin/jsi18n/ HTTP/1.1" 200 14011
INFO 2025-12-25 20:00:58,534 basehttp 15760 30044 "POST /admin/main/store_order/49/change/ HTTP/1.1" 302 0
INFO 2025-12-25 20:00:58,557 basehttp 15760 30044 "GET /admin/main/store_order/ HTTP/1.1" 200 12316
INFO 2025-12-25 20:00:58,577 basehttp 15760 30044 "GET /admin/jsi18n/ HTTP/1.1" 200 14011
INFO 2025-12-25 20:01:00,369 basehttp 15760 30044 "GET /coming_order/49 HTTP/1.1" 200 56236
INFO 2025-12-25 20:01:24,612 basehttp 15760 25168 "GET /users/all_coming_orders HTTP/1.1" 200 35288
INFO 2025-12-25 20:01:26,522 basehttp 15760 22952 "GET /users/ HTTP/1.1" 200 36768
INFO 2025-12-25 20:01:30,351 basehttp 15760 22952 "GET / HTTP/1.1" 200 51967
INFO 2025-12-25 20:01:30,566 basehttp 15760 22952 "GET /api/branch_stock/1 HTTP/1.1" 200 37
INFO 2025-12-25 20:01:32,746 basehttp 15760 22952 "GET /coming_order HTTP/1.1" 200 48792
INFO 2025-12-25 20:01:38,590 basehttp 15760 30640 "GET /api/branch_stock/1 HTTP/1.1" 200 37
INFO 2025-12-25 20:01:40,600 basehttp 15760 30640 "GET /api/branch_stock/13 HTTP/1.1" 200 83
ERROR 2025-12-25 20:02:14,851 log 15760 19616 Internal Server Error: /coming_order
Traceback (most recent call last):
  File "C:\Users\mahmo\AppData\Roaming\Python\Python313\site-packages\django\core\handlers\exception.py", line 55, in inner
    response = get_response(request)
  File "C:\Users\mahmo\AppData\Roaming\Python\Python313\site-packages\django\core\handlers\base.py", line 197, in _get_response
    response = wrapped_callback(request, *callback_args, **callback_kwargs)
  File "C:\Users\mahmo\AppData\Roaming\Python\Python313\site-packages\django\contrib\auth\decorators.py", line 23, in _wrapper_view
    return view_func(request, *args, **kwargs)
  File "C:\D\Cooding\GENERAL\Al-Asel\main\views_cbv.py", line 961, in coming_order
    Store_OrderItem.objects.create(
    ~~~~~~~~~~~~~~~~~~~~~~~~~~~~~~^
        order=order, item=item, quantity=quantity,
        ^^^^^^^^^^^^^^^^^^^^^^^^^^^^^^^^^^^^^^^^^^
    ...<2 lines>...
        single_market_price=market_price
        ^^^^^^^^^^^^^^^^^^^^^^^^^^^^^^^^
    )
    ^
  File "C:\Users\mahmo\AppData\Roaming\Python\Python313\site-packages\django\db\models\manager.py", line 87, in manager_method
    return getattr(self.get_queryset(), name)(*args, **kwargs)
           ~~~~~~~~~~~~~~~~~~~~~~~~~~~~~~~~~~^^^^^^^^^^^^^^^^^
  File "C:\Users\mahmo\AppData\Roaming\Python\Python313\site-packages\django\db\models\query.py", line 658, in create
    obj.save(force_insert=True, using=self.db)
    ~~~~~~~~^^^^^^^^^^^^^^^^^^^^^^^^^^^^^^^^^^
  File "C:\D\Cooding\GENERAL\Al-Asel\main\models.py", line 301, in save
    self.total_gomla_gomla_price = self.quantity * self.single_gomla_gomla_price
                                   ~~~~~~~~~~~~~~^~~~~~~~~~~~~~~~~~~~~~~~~~~~~~~
TypeError: unsupported operand type(s) for *: 'int' and 'NoneType'
ERROR 2025-12-25 20:02:14,855 basehttp 15760 19616 "POST /coming_order HTTP/1.1" 500 95718
INFO 2025-12-25 20:03:32,755 basehttp 15760 27544 "GET /admin/main/store_order/ HTTP/1.1" 200 12060
INFO 2025-12-25 20:03:32,774 basehttp 15760 27544 "GET /admin/jsi18n/ HTTP/1.1" 200 14011
INFO 2025-12-25 20:04:08,166 autoreload 15760 20432 C:\D\Cooding\GENERAL\Al-Asel\main\models.py changed, reloading.
INFO 2025-12-25 20:04:08,899 autoreload 12624 14048 Watching for file changes with StatReloader
INFO 2025-12-25 20:04:20,613 autoreload 26212 27104 Watching for file changes with StatReloader
ERROR 2025-12-25 20:04:22,950 log 26212 2680 Internal Server Error: /coming_order
Traceback (most recent call last):
  File "C:\Users\mahmo\AppData\Roaming\Python\Python313\site-packages\django\core\handlers\exception.py", line 55, in inner
    response = get_response(request)
  File "C:\Users\mahmo\AppData\Roaming\Python\Python313\site-packages\django\core\handlers\base.py", line 197, in _get_response
    response = wrapped_callback(request, *callback_args, **callback_kwargs)
  File "C:\Users\mahmo\AppData\Roaming\Python\Python313\site-packages\django\contrib\auth\decorators.py", line 23, in _wrapper_view
    return view_func(request, *args, **kwargs)
  File "C:\D\Cooding\GENERAL\Al-Asel\main\views_cbv.py", line 961, in coming_order
    Store_OrderItem.objects.create(
    ~~~~~~~~~~~~~~~~~~~~~~~~~~~~~~^
        order=order, item=item, quantity=quantity,
        ^^^^^^^^^^^^^^^^^^^^^^^^^^^^^^^^^^^^^^^^^^
    ...<2 lines>...
        single_market_price=market_price
        ^^^^^^^^^^^^^^^^^^^^^^^^^^^^^^^^
    )
    ^
  File "C:\Users\mahmo\AppData\Roaming\Python\Python313\site-packages\django\db\models\manager.py", line 87, in manager_method
    return getattr(self.get_queryset(), name)(*args, **kwargs)
           ~~~~~~~~~~~~~~~~~~~~~~~~~~~~~~~~~~^^^^^^^^^^^^^^^^^
  File "C:\Users\mahmo\AppData\Roaming\Python\Python313\site-packages\django\db\models\query.py", line 658, in create
    obj.save(force_insert=True, using=self.db)
    ~~~~~~~~^^^^^^^^^^^^^^^^^^^^^^^^^^^^^^^^^^
  File "C:\D\Cooding\GENERAL\Al-Asel\main\models.py", line 302, in save
    if self.single_gomla_gomla_price is None: self.single_gomla_gomla_price = Decimal(0)
                                                                              ^^^^^^^
NameError: name 'Decimal' is not defined
ERROR 2025-12-25 20:04:22,957 basehttp 26212 2680 "POST /coming_order HTTP/1.1" 500 95550
ERROR 2025-12-25 20:04:34,376 log 26212 1860 Internal Server Error: /coming_order
Traceback (most recent call last):
  File "C:\Users\mahmo\AppData\Roaming\Python\Python313\site-packages\django\core\handlers\exception.py", line 55, in inner
    response = get_response(request)
  File "C:\Users\mahmo\AppData\Roaming\Python\Python313\site-packages\django\core\handlers\base.py", line 197, in _get_response
    response = wrapped_callback(request, *callback_args, **callback_kwargs)
  File "C:\Users\mahmo\AppData\Roaming\Python\Python313\site-packages\django\contrib\auth\decorators.py", line 23, in _wrapper_view
    return view_func(request, *args, **kwargs)
  File "C:\D\Cooding\GENERAL\Al-Asel\main\views_cbv.py", line 961, in coming_order
    Store_OrderItem.objects.create(
    ~~~~~~~~~~~~~~~~~~~~~~~~~~~~~~^
        order=order, item=item, quantity=quantity,
        ^^^^^^^^^^^^^^^^^^^^^^^^^^^^^^^^^^^^^^^^^^
    ...<2 lines>...
        single_market_price=market_price
        ^^^^^^^^^^^^^^^^^^^^^^^^^^^^^^^^
    )
    ^
  File "C:\Users\mahmo\AppData\Roaming\Python\Python313\site-packages\django\db\models\manager.py", line 87, in manager_method
    return getattr(self.get_queryset(), name)(*args, **kwargs)
           ~~~~~~~~~~~~~~~~~~~~~~~~~~~~~~~~~~^^^^^^^^^^^^^^^^^
  File "C:\Users\mahmo\AppData\Roaming\Python\Python313\site-packages\django\db\models\query.py", line 658, in create
    obj.save(force_insert=True, using=self.db)
    ~~~~~~~~^^^^^^^^^^^^^^^^^^^^^^^^^^^^^^^^^^
  File "C:\D\Cooding\GENERAL\Al-Asel\main\models.py", line 302, in save
    if self.single_gomla_gomla_price is None: self.single_gomla_gomla_price = Decimal(0)
                                                                              ^^^^^^^
NameError: name 'Decimal' is not defined
ERROR 2025-12-25 20:04:34,378 basehttp 26212 1860 "POST /coming_order HTTP/1.1" 500 95550
INFO 2025-12-25 20:04:59,896 autoreload 26212 27104 C:\D\Cooding\GENERAL\Al-Asel\main\models.py changed, reloading.
INFO 2025-12-25 20:05:00,507 autoreload 2760 19908 Watching for file changes with StatReloader
INFO 2025-12-25 20:05:33,019 basehttp 2760 14412 "POST /coming_order HTTP/1.1" 302 0
INFO 2025-12-25 20:05:33,097 basehttp 2760 14412 "GET /coming_order/52 HTTP/1.1" 200 44045
INFO 2025-12-25 20:05:53,533 basehttp 2760 5372 "GET /users/all_coming_orders HTTP/1.1" 200 36526
INFO 2025-12-25 20:05:55,651 basehttp 2760 5372 "GET /total_orders HTTP/1.1" 200 37732
INFO 2025-12-25 20:05:56,684 basehttp 2760 23500 "GET / HTTP/1.1" 200 51967
INFO 2025-12-25 20:05:56,800 basehttp 2760 23500 "GET /api/branch_stock/1 HTTP/1.1" 200 37
INFO 2025-12-25 20:05:58,076 basehttp 2760 23500 "GET /users/ HTTP/1.1" 200 36768
INFO 2025-12-25 20:06:02,004 basehttp 2760 23500 "GET /users/all_coming_orders HTTP/1.1" 200 36526
INFO 2025-12-25 20:06:04,191 basehttp 2760 23500 "GET /coming_order/49 HTTP/1.1" 200 42080
INFO 2025-12-25 20:06:06,914 basehttp 2760 23184 "GET /coming_order/52 HTTP/1.1" 200 44045
INFO 2025-12-25 20:09:15,739 autoreload 2760 19908 C:\D\Cooding\GENERAL\Al-Asel\main\views_cbv.py changed, reloading.
INFO 2025-12-25 20:09:16,379 autoreload 23708 27660 Watching for file changes with StatReloader
ERROR 2025-12-25 20:10:12,388 log 23708 28312 Internal Server Error: /coming_order/52
Traceback (most recent call last):
  File "C:\Users\mahmo\AppData\Roaming\Python\Python313\site-packages\django\core\handlers\exception.py", line 55, in inner
    response = get_response(request)
  File "C:\Users\mahmo\AppData\Roaming\Python\Python313\site-packages\django\core\handlers\base.py", line 197, in _get_response
    response = wrapped_callback(request, *callback_args, **callback_kwargs)
  File "C:\Users\mahmo\AppData\Roaming\Python\Python313\site-packages\django\contrib\auth\decorators.py", line 23, in _wrapper_view
    return view_func(request, *args, **kwargs)
  File "C:\D\Cooding\GENERAL\Al-Asel\main\views_cbv.py", line 1048, in coming_order_info
    return render(request, "main/coming_order_info.html", {
        "order": order,
        "order_items": order_items,
    })
  File "C:\Users\mahmo\AppData\Roaming\Python\Python313\site-packages\django\shortcuts.py", line 24, in render
    content = loader.render_to_string(template_name, context, request, using=using)
  File "C:\Users\mahmo\AppData\Roaming\Python\Python313\site-packages\django\template\loader.py", line 62, in render_to_string
    return template.render(context, request)
           ~~~~~~~~~~~~~~~^^^^^^^^^^^^^^^^^^
  File "C:\Users\mahmo\AppData\Roaming\Python\Python313\site-packages\django\template\backends\django.py", line 61, in render
    return self.template.render(context)
           ~~~~~~~~~~~~~~~~~~~~^^^^^^^^^
  File "C:\Users\mahmo\AppData\Roaming\Python\Python313\site-packages\django\template\base.py", line 175, in render
    return self._render(context)
           ~~~~~~~~~~~~^^^^^^^^^
  File "C:\Users\mahmo\AppData\Roaming\Python\Python313\site-packages\django\template\base.py", line 167, in _render
    return self.nodelist.render(context)
           ~~~~~~~~~~~~~~~~~~~~^^^^^^^^^
  File "C:\Users\mahmo\AppData\Roaming\Python\Python313\site-packages\django\template\base.py", line 1005, in render
    return SafeString("".join([node.render_annotated(context) for node in self]))
                               ~~~~~~~~~~~~~~~~~~~~~^^^^^^^^^
  File "C:\Users\mahmo\AppData\Roaming\Python\Python313\site-packages\django\template\base.py", line 966, in render_annotated
    return self.render(context)
           ~~~~~~~~~~~^^^^^^^^^
  File "C:\Users\mahmo\AppData\Roaming\Python\Python313\site-packages\django\template\loader_tags.py", line 157, in render
    return compiled_parent._render(context)
           ~~~~~~~~~~~~~~~~~~~~~~~^^^^^^^^^
  File "C:\Users\mahmo\AppData\Roaming\Python\Python313\site-packages\django\template\base.py", line 167, in _render
    return self.nodelist.render(context)
           ~~~~~~~~~~~~~~~~~~~~^^^^^^^^^
  File "C:\Users\mahmo\AppData\Roaming\Python\Python313\site-packages\django\template\base.py", line 1005, in render
    return SafeString("".join([node.render_annotated(context) for node in self]))
                               ~~~~~~~~~~~~~~~~~~~~~^^^^^^^^^
  File "C:\Users\mahmo\AppData\Roaming\Python\Python313\site-packages\django\template\base.py", line 966, in render_annotated
    return self.render(context)
           ~~~~~~~~~~~^^^^^^^^^
  File "C:\Users\mahmo\AppData\Roaming\Python\Python313\site-packages\django\template\loader_tags.py", line 63, in render
    result = block.nodelist.render(context)
  File "C:\Users\mahmo\AppData\Roaming\Python\Python313\site-packages\django\template\base.py", line 1005, in render
    return SafeString("".join([node.render_annotated(context) for node in self]))
                               ~~~~~~~~~~~~~~~~~~~~~^^^^^^^^^
  File "C:\Users\mahmo\AppData\Roaming\Python\Python313\site-packages\django\template\base.py", line 966, in render_annotated
    return self.render(context)
           ~~~~~~~~~~~^^^^^^^^^
  File "C:\Users\mahmo\AppData\Roaming\Python\Python313\site-packages\django\template\defaulttags.py", line 321, in render
    return nodelist.render(context)
           ~~~~~~~~~~~~~~~^^^^^^^^^
  File "C:\Users\mahmo\AppData\Roaming\Python\Python313\site-packages\django\template\base.py", line 1005, in render
    return SafeString("".join([node.render_annotated(context) for node in self]))
                               ~~~~~~~~~~~~~~~~~~~~~^^^^^^^^^
  File "C:\Users\mahmo\AppData\Roaming\Python\Python313\site-packages\django\template\base.py", line 966, in render_annotated
    return self.render(context)
           ~~~~~~~~~~~^^^^^^^^^
  File "C:\Users\mahmo\AppData\Roaming\Python\Python313\site-packages\django\template\defaulttags.py", line 471, in render
    url = reverse(view_name, args=args, kwargs=kwargs, current_app=current_app)
  File "C:\Users\mahmo\AppData\Roaming\Python\Python313\site-packages\django\urls\base.py", line 88, in reverse
    return resolver._reverse_with_prefix(view, prefix, *args, **kwargs)
           ~~~~~~~~~~~~~~~~~~~~~~~~~~~~~^^^^^^^^^^^^^^^^^^^^^^^^^^^^^^^
  File "C:\Users\mahmo\AppData\Roaming\Python\Python313\site-packages\django\urls\resolvers.py", line 828, in _reverse_with_prefix
    raise NoReverseMatch(msg)
django.urls.exceptions.NoReverseMatch: Reverse for 'mass_edit_coming_order' not found. 'mass_edit_coming_order' is not a valid view function or pattern name.
ERROR 2025-12-25 20:10:12,399 basehttp 23708 28312 "GET /coming_order/52 HTTP/1.1" 500 190172
INFO 2025-12-25 20:10:12,739 autoreload 23708 27660 C:\D\Cooding\GENERAL\Al-Asel\main\urls.py changed, reloading.
INFO 2025-12-25 20:10:13,314 autoreload 24284 2816 Watching for file changes with StatReloader
INFO 2025-12-25 20:10:16,745 basehttp 24284 18176 "GET /coming_order/52 HTTP/1.1" 200 44105
INFO 2025-12-25 20:10:17,629 basehttp 24284 18176 "GET /coming_order/52 HTTP/1.1" 200 44105
INFO 2025-12-25 20:10:24,360 basehttp 24284 25720 "GET /coming_order/52 HTTP/1.1" 200 44105
INFO 2025-12-25 20:10:28,158 basehttp 24284 25720 "POST /coming_order/52/mass_edit HTTP/1.1" 302 0
INFO 2025-12-25 20:10:28,180 basehttp 24284 25720 "GET /coming_order/52 HTTP/1.1" 200 44363
INFO 2025-12-25 20:10:33,458 basehttp 24284 29384 "GET /users/ HTTP/1.1" 200 36768
INFO 2025-12-25 20:10:34,907 basehttp 24284 29384 "GET / HTTP/1.1" 200 51967
INFO 2025-12-25 20:10:35,090 basehttp 24284 29384 "GET /api/branch_stock/1 HTTP/1.1" 200 37
INFO 2025-12-25 20:10:42,845 basehttp 24284 30672 "GET /api/branch_stock/13 HTTP/1.1" 200 83
INFO 2025-12-25 20:11:02,246 autoreload 16868 24040 Watching for file changes with StatReloader
INFO 2025-12-25 20:11:08,967 basehttp 16868 7732 "GET / HTTP/1.1" 200 51967
INFO 2025-12-25 20:11:09,087 basehttp 16868 7732 "GET /api/branch_stock/1 HTTP/1.1" 200 37
INFO 2025-12-25 20:11:12,631 basehttp 16868 7732 "GET /api/branch_stock/13 HTTP/1.1" 200 83
INFO 2025-12-25 20:11:31,582 basehttp 16868 17572 "GET /admin/main/store_orderitem/ HTTP/1.1" 200 15250
INFO 2025-12-25 20:11:31,602 basehttp 16868 17572 "GET /admin/jsi18n/ HTTP/1.1" 200 14011
INFO 2025-12-25 20:11:56,776 basehttp 16868 3080 "POST /coming_order/52/mass_edit HTTP/1.1" 302 0
INFO 2025-12-25 20:11:56,802 basehttp 16868 3080 "GET /coming_order/52 HTTP/1.1" 200 44364
INFO 2025-12-25 20:11:59,457 basehttp 16868 12264 "GET /admin/main/store_orderitem/ HTTP/1.1" 200 15253
INFO 2025-12-25 20:11:59,476 basehttp 16868 12264 "GET /admin/jsi18n/ HTTP/1.1" 200 14011
INFO 2025-12-25 20:12:12,209 basehttp 16868 15324 "GET /delete_coming_order/52 HTTP/1.1" 200 33242
INFO 2025-12-25 20:12:13,823 basehttp 16868 15324 "POST /delete_coming_order/52 HTTP/1.1" 302 0
INFO 2025-12-25 20:12:13,842 basehttp 16868 15324 "GET /users/all_coming_orders HTTP/1.1" 200 35551
INFO 2025-12-25 20:12:15,944 basehttp 16868 15324 "GET /admin/main/store_orderitem/ HTTP/1.1" 200 14187
INFO 2025-12-25 20:12:15,958 basehttp 16868 15324 "GET /admin/jsi18n/ HTTP/1.1" 200 14011
INFO 2025-12-25 20:12:24,349 basehttp 16868 25828 "GET /users/ HTTP/1.1" 200 36768
INFO 2025-12-25 20:12:26,785 basehttp 16868 25828 "GET /users/1 HTTP/1.1" 200 33042
INFO 2025-12-25 20:12:29,006 basehttp 16868 8116 "GET /users/ HTTP/1.1" 200 36768
INFO 2025-12-25 20:12:30,961 basehttp 16868 8116 "GET /users/29 HTTP/1.1" 200 33070
INFO 2025-12-25 20:12:42,805 basehttp 16868 3328 "GET /users/all_coming_orders HTTP/1.1" 200 35288
INFO 2025-12-25 20:12:48,203 basehttp 16868 24300 "GET /coming_order/49 HTTP/1.1" 200 41241
INFO 2025-12-25 20:12:54,648 basehttp 16868 24300 "GET /total_orders HTTP/1.1" 200 37732
INFO 2025-12-25 20:12:56,075 basehttp 16868 24300 "GET /users/ HTTP/1.1" 200 36768
INFO 2025-12-25 20:12:57,801 basehttp 16868 29868 "GET /users/29 HTTP/1.1" 200 33070
INFO 2025-12-25 20:13:32,590 basehttp 16868 28052 "GET /total_orders HTTP/1.1" 200 37732
INFO 2025-12-25 20:13:33,875 basehttp 16868 28052 "GET / HTTP/1.1" 200 51967
INFO 2025-12-25 20:13:33,999 basehttp 16868 28052 "GET /api/branch_stock/1 HTTP/1.1" 200 37
INFO 2025-12-25 20:13:36,072 basehttp 16868 28052 "GET /users/ HTTP/1.1" 200 36768
INFO 2025-12-25 20:13:37,569 basehttp 16868 23348 "GET /users/13 HTTP/1.1" 200 33043
INFO 2025-12-25 20:17:12,327 autoreload 16868 24040 C:\D\Cooding\GENERAL\Al-Asel\main\views_cbv.py changed, reloading.
INFO 2025-12-25 20:17:12,900 autoreload 30212 12620 Watching for file changes with StatReloader
INFO 2025-12-25 20:17:46,662 autoreload 30212 12620 C:\D\Cooding\GENERAL\Al-Asel\main\views_cbv.py changed, reloading.
INFO 2025-12-25 20:17:47,227 autoreload 15548 6232 Watching for file changes with StatReloader
INFO 2025-12-25 20:18:21,611 basehttp 15548 22984 "GET / HTTP/1.1" 200 51967
INFO 2025-12-25 20:18:22,007 basehttp 15548 22984 "GET /api/branch_stock/1 HTTP/1.1" 200 37
INFO 2025-12-25 20:18:27,686 basehttp 15548 30532 "GET / HTTP/1.1" 200 51967
INFO 2025-12-25 20:18:27,803 basehttp 15548 30532 "GET /api/branch_stock/1 HTTP/1.1" 200 37
INFO 2025-12-25 20:18:30,359 basehttp 15548 30532 "GET /users/ HTTP/1.1" 200 36768
INFO 2025-12-25 20:18:31,485 basehttp 15548 30532 "GET /users/13 HTTP/1.1" 200 38581
INFO 2025-12-25 20:18:51,565 basehttp 15548 25028 "GET /users/29 HTTP/1.1" 200 38639
INFO 2025-12-25 20:19:08,139 basehttp 15548 16828 "GET /coming_order/49 HTTP/1.1" 200 41241
INFO 2025-12-25 20:19:19,184 basehttp 15548 16828 "GET /total_orders HTTP/1.1" 200 37732
INFO 2025-12-25 20:19:21,054 basehttp 15548 16828 "GET /users/ HTTP/1.1" 200 36768
INFO 2025-12-25 20:19:24,570 basehttp 15548 16828 "GET /users/29 HTTP/1.1" 200 38639
INFO 2025-12-25 20:19:29,433 basehttp 15548 16828 "GET /admin/main/store_order/ HTTP/1.1" 200 12060
INFO 2025-12-25 20:19:29,455 basehttp 15548 16828 "GET /admin/jsi18n/ HTTP/1.1" 200 14011
INFO 2025-12-25 20:19:30,997 basehttp 15548 16828 "GET /admin/main/store_order/49/change/ HTTP/1.1" 200 16803
INFO 2025-12-25 20:19:31,024 basehttp 15548 16828 "GET /admin/jsi18n/ HTTP/1.1" 200 14011
INFO 2025-12-25 20:19:36,338 basehttp 15548 27808 "POST /admin/main/store_order/49/change/ HTTP/1.1" 302 0
INFO 2025-12-25 20:19:36,361 basehttp 15548 27808 "GET /admin/main/store_order/ HTTP/1.1" 200 12316
INFO 2025-12-25 20:19:36,381 basehttp 15548 27808 "GET /admin/jsi18n/ HTTP/1.1" 200 14011
INFO 2025-12-25 20:19:38,704 basehttp 15548 27808 "GET /users/29 HTTP/1.1" 200 38639
INFO 2025-12-25 20:19:42,026 basehttp 15548 27808 "GET /coming_order/49 HTTP/1.1" 200 55654
INFO 2025-12-25 20:19:43,991 basehttp 15548 12688 "GET /coming_put_rest?order_id=49 HTTP/1.1" 200 34303
WARNING 2025-12-25 20:19:48,104 log 15548 12688 Not Found: /coming_put_rest
WARNING 2025-12-25 20:19:48,104 basehttp 15548 12688 "POST /coming_put_rest?order_id=49 HTTP/1.1" 404 6860
INFO 2025-12-25 20:21:19,589 basehttp 15548 30064 "GET /users/ HTTP/1.1" 200 36768
INFO 2025-12-25 20:21:21,164 basehttp 15548 30064 "GET / HTTP/1.1" 200 51967
INFO 2025-12-25 20:21:21,264 basehttp 15548 30064 "GET /api/branch_stock/1 HTTP/1.1" 200 37
INFO 2025-12-25 20:21:23,564 basehttp 15548 30064 "GET /total_orders HTTP/1.1" 200 37732
INFO 2025-12-25 20:21:33,087 basehttp 15548 17748 "GET /users/ HTTP/1.1" 200 36768
INFO 2025-12-25 20:21:34,465 basehttp 15548 17748 "GET / HTTP/1.1" 200 51967
INFO 2025-12-25 20:21:34,576 basehttp 15548 17748 "GET /api/branch_stock/1 HTTP/1.1" 200 37
INFO 2025-12-25 20:21:41,080 autoreload 15548 6232 C:\D\Cooding\GENERAL\Al-Asel\main\views_cbv.py changed, reloading.
INFO 2025-12-25 20:21:41,697 autoreload 14496 14252 Watching for file changes with StatReloader
INFO 2025-12-25 20:21:44,430 basehttp 14496 10652 "GET /users/all_coming_orders HTTP/1.1" 200 35288
INFO 2025-12-25 20:21:46,584 basehttp 14496 10652 "GET /coming_order HTTP/1.1" 200 48792
INFO 2025-12-25 20:21:48,054 basehttp 14496 10652 "GET /all_rest_orders HTTP/1.1" 200 32974
INFO 2025-12-25 20:21:49,505 basehttp 14496 10652 "GET /users/all_orders HTTP/1.1" 200 32753
INFO 2025-12-25 20:21:51,447 basehttp 14496 10652 "GET /transfer/make/ HTTP/1.1" 200 43541
INFO 2025-12-25 20:21:52,943 basehttp 14496 10652 "GET /transfer/history/ HTTP/1.1" 200 33304
INFO 2025-12-25 20:21:54,349 basehttp 14496 10652 "GET /transfer/stock/ HTTP/1.1" 200 33050
INFO 2025-12-25 20:21:57,561 basehttp 14496 10652 "GET /manage/items HTTP/1.1" 200 65474
INFO 2025-12-25 20:21:59,359 basehttp 14496 10652 "GET /manage/categories HTTP/1.1" 200 42543
INFO 2025-12-25 20:22:00,745 basehttp 14496 10652 "GET /create_customer HTTP/1.1" 200 34879
INFO 2025-12-25 20:22:02,238 basehttp 14496 10652 "GET /create_item HTTP/1.1" 200 37900
INFO 2025-12-25 20:22:04,847 basehttp 14496 27772 "GET /create_item HTTP/1.1" 200 37900
INFO 2025-12-25 20:22:24,280 autoreload 14496 14252 C:\D\Cooding\GENERAL\Al-Asel\main\views_cbv.py changed, reloading.
INFO 2025-12-25 20:22:24,879 autoreload 17724 19244 Watching for file changes with StatReloader
INFO 2025-12-25 20:24:14,156 basehttp 17724 16080 "GET /create_item HTTP/1.1" 200 37900
INFO 2025-12-25 20:24:15,348 basehttp 17724 16080 "GET /total_orders HTTP/1.1" 200 37732
INFO 2025-12-25 20:24:17,573 basehttp 17724 16080 "GET /users/ HTTP/1.1" 200 36768
INFO 2025-12-25 20:24:23,397 basehttp 17724 16080 "GET /users/all_coming_orders HTTP/1.1" 200 35288
INFO 2025-12-25 20:24:26,128 basehttp 17724 16080 "GET /coming_order/49 HTTP/1.1" 200 55654
INFO 2025-12-25 20:24:28,017 basehttp 17724 16080 "GET /coming_put_rest?order_id=49 HTTP/1.1" 200 34348
INFO 2025-12-25 20:24:32,485 basehttp 17724 16080 "POST /coming_put_rest HTTP/1.1" 302 0
INFO 2025-12-25 20:24:32,511 basehttp 17724 16080 "GET /coming_order/49 HTTP/1.1" 200 55654
INFO 2025-12-25 20:24:35,163 basehttp 17724 10152 "GET /done_coming_order/49 HTTP/1.1" 302 0
INFO 2025-12-25 20:24:35,188 basehttp 17724 10152 "GET /coming_order/49 HTTP/1.1" 200 41495
INFO 2025-12-25 20:24:45,974 basehttp 17724 10152 "GET /admin/main/store_order/49/change/ HTTP/1.1" 200 16803
INFO 2025-12-25 20:24:51,809 basehttp 17724 10152 "GET /admin/main/store_order/49/change/ HTTP/1.1" 200 16803
INFO 2025-12-25 20:24:51,831 basehttp 17724 10152 "GET /admin/jsi18n/ HTTP/1.1" 200 14011
INFO 2025-12-25 20:24:57,807 basehttp 17724 10152 "POST /admin/main/store_order/49/change/ HTTP/1.1" 302 0
INFO 2025-12-25 20:24:57,846 basehttp 17724 10152 "GET /admin/main/store_order/ HTTP/1.1" 200 12316
INFO 2025-12-25 20:24:57,862 basehttp 17724 10152 "GET /admin/jsi18n/ HTTP/1.1" 200 14011
INFO 2025-12-25 20:25:00,201 basehttp 17724 10152 "GET /coming_order/49 HTTP/1.1" 200 55654
INFO 2025-12-25 20:29:40,079 autoreload 27592 14492 Watching for file changes with StatReloader
INFO 2025-12-25 20:29:43,759 basehttp 27592 28704 "GET /coming_order/49 HTTP/1.1" 200 55810
INFO 2025-12-25 20:29:54,096 basehttp 27592 17612 "GET /done_coming_order/49 HTTP/1.1" 302 0
INFO 2025-12-25 20:29:54,123 basehttp 27592 17612 "GET /coming_order/49 HTTP/1.1" 200 41909
INFO 2025-12-25 20:29:55,338 basehttp 27592 17612 "GET /coming_change_rest?order_id=49 HTTP/1.1" 200 32332
INFO 2025-12-25 20:29:59,032 basehttp 27592 29756 "GET /coming_change_rest?order_id=49 HTTP/1.1" 200 32332
INFO 2025-12-25 20:30:03,649 basehttp 27592 29756 "GET /admin/main/store_order/49/change/ HTTP/1.1" 200 16803
INFO 2025-12-25 20:30:05,961 basehttp 27592 29756 "POST /admin/main/store_order/49/change/ HTTP/1.1" 302 0
INFO 2025-12-25 20:30:06,000 basehttp 27592 29756 "GET /admin/main/store_order/ HTTP/1.1" 200 12316
INFO 2025-12-25 20:30:06,021 basehttp 27592 29756 "GET /admin/jsi18n/ HTTP/1.1" 200 14011
INFO 2025-12-25 20:30:07,276 basehttp 27592 29756 "GET /coming_order/49 HTTP/1.1" 200 55810
INFO 2025-12-25 20:30:09,162 basehttp 27592 15728 "GET /coming_change_rest?order_id=49 HTTP/1.1" 200 32332
INFO 2025-12-25 20:32:53,404 autoreload 13576 12544 Watching for file changes with StatReloader
INFO 2025-12-25 20:32:54,345 basehttp 13576 3960 "GET /coming_order/49 HTTP/1.1" 200 55810
INFO 2025-12-25 20:32:55,451 basehttp 13576 3960 "GET /coming_change_rest?order_id=49 HTTP/1.1" 200 34576
INFO 2025-12-25 20:33:02,824 basehttp 13576 29108 "POST /coming_change_rest HTTP/1.1" 302 0
INFO 2025-12-25 20:33:02,855 basehttp 13576 29108 "GET /coming_order/49 HTTP/1.1" 200 56810
INFO 2025-12-25 20:33:09,547 basehttp 13576 24628 "GET /coming_put_rest?order_id=49 HTTP/1.1" 200 32697
INFO 2025-12-25 20:33:11,588 basehttp 13576 24628 "GET /coming_change_rest?order_id=49 HTTP/1.1" 200 34562
INFO 2025-12-25 20:33:22,157 basehttp 13576 21872 "POST /coming_change_rest HTTP/1.1" 302 0
INFO 2025-12-25 20:33:22,186 basehttp 13576 21872 "GET /coming_order/49 HTTP/1.1" 200 56810
INFO 2025-12-25 20:33:26,667 basehttp 13576 21872 "GET /coming_order/49 HTTP/1.1" 200 56550
INFO 2025-12-25 20:33:32,705 basehttp 13576 15328 "GET /coming_put_rest?order_id=49 HTTP/1.1" 200 32697
INFO 2025-12-25 20:33:36,231 basehttp 13576 15328 "GET /coming_change_rest?order_id=49 HTTP/1.1" 200 34562
INFO 2025-12-25 20:33:42,634 basehttp 13576 19448 "POST /coming_change_rest HTTP/1.1" 302 0
INFO 2025-12-25 20:33:42,666 basehttp 13576 19448 "GET /coming_order/49 HTTP/1.1" 200 56810
INFO 2025-12-25 20:33:43,941 basehttp 13576 19448 "GET /coming_order/49 HTTP/1.1" 200 56550
INFO 2025-12-25 20:33:46,760 basehttp 13576 19448 "GET /coming_change_rest?order_id=49 HTTP/1.1" 200 34562
INFO 2025-12-25 20:36:13,496 autoreload 13576 12544 C:\D\Cooding\GENERAL\Al-Asel\main\models.py changed, reloading.
INFO 2025-12-25 20:36:14,069 autoreload 12204 788 Watching for file changes with StatReloader
INFO 2025-12-25 20:36:44,802 autoreload 12204 788 C:\D\Cooding\GENERAL\Al-Asel\main\views_cbv.py changed, reloading.
INFO 2025-12-25 20:36:45,327 autoreload 16840 21188 Watching for file changes with StatReloader
INFO 2025-12-25 20:37:00,786 autoreload 16840 21188 C:\D\Cooding\GENERAL\Al-Asel\main\views_cbv.py changed, reloading.
INFO 2025-12-25 20:37:01,312 autoreload 13500 6788 Watching for file changes with StatReloader
INFO 2025-12-25 20:37:16,210 basehttp 13500 14264 "GET /coming_order/49 HTTP/1.1" 200 56597
INFO 2025-12-25 20:37:16,932 basehttp 13500 14264 "GET /coming_order/49 HTTP/1.1" 200 56597
INFO 2025-12-25 20:37:21,564 basehttp 13500 14264 "GET /admin/main/store_order/49/change/ HTTP/1.1" 200 16795
INFO 2025-12-25 20:37:30,434 basehttp 13500 25860 "POST /admin/main/store_order/49/change/ HTTP/1.1" 302 0
INFO 2025-12-25 20:37:30,475 basehttp 13500 25860 "GET /admin/main/store_order/ HTTP/1.1" 200 12313
INFO 2025-12-25 20:37:30,495 basehttp 13500 25860 "GET /admin/jsi18n/ HTTP/1.1" 200 14011
INFO 2025-12-25 20:37:33,378 basehttp 13500 25860 "GET /admin/main/store_order/49/change/ HTTP/1.1" 200 16803
INFO 2025-12-25 20:37:33,397 basehttp 13500 25860 "GET /admin/jsi18n/ HTTP/1.1" 200 14011
INFO 2025-12-25 20:37:37,321 basehttp 13500 25516 "POST /admin/main/store_order/49/change/ HTTP/1.1" 302 0
INFO 2025-12-25 20:37:37,345 basehttp 13500 25516 "GET /admin/main/store_order/ HTTP/1.1" 200 12316
INFO 2025-12-25 20:37:37,365 basehttp 13500 25516 "GET /admin/jsi18n/ HTTP/1.1" 200 14011
INFO 2025-12-25 20:37:38,534 basehttp 13500 25516 "GET /coming_order/49 HTTP/1.1" 200 55857
INFO 2025-12-25 20:37:40,914 basehttp 13500 25516 "GET /coming_change_rest?order_id=49 HTTP/1.1" 200 34576
INFO 2025-12-25 20:37:46,104 basehttp 13500 2464 "POST /coming_change_rest HTTP/1.1" 302 0
INFO 2025-12-25 20:37:46,131 basehttp 13500 2464 "GET /coming_order/49 HTTP/1.1" 200 56857
INFO 2025-12-25 20:37:52,594 basehttp 13500 2464 "GET /coming_put_rest?order_id=49 HTTP/1.1" 200 32697
INFO 2025-12-25 20:37:56,941 basehttp 13500 16456 "GET /coming_change_rest?order_id=49 HTTP/1.1" 200 34562
INFO 2025-12-25 20:38:10,409 basehttp 13500 15328 "POST /coming_change_rest HTTP/1.1" 302 0
INFO 2025-12-25 20:38:10,438 basehttp 13500 15328 "GET /coming_order/49 HTTP/1.1" 200 56857
INFO 2025-12-25 20:38:29,955 autoreload 29332 25864 Watching for file changes with StatReloader
INFO 2025-12-25 20:38:33,380 basehttp 29332 29604 "GET /coming_order/49 HTTP/1.1" 200 56597
INFO 2025-12-25 20:38:36,486 basehttp 29332 29692 "GET /coming_put_rest?order_id=49 HTTP/1.1" 200 32697
INFO 2025-12-25 20:38:38,344 basehttp 29332 29692 "GET /coming_change_rest?order_id=49 HTTP/1.1" 200 34562
INFO 2025-12-25 20:38:42,270 basehttp 29332 29692 "POST /coming_change_rest HTTP/1.1" 302 0
INFO 2025-12-25 20:38:42,293 basehttp 29332 29692 "GET /coming_order/49 HTTP/1.1" 200 56857
INFO 2025-12-25 20:39:27,327 autoreload 29332 25864 C:\D\Cooding\GENERAL\Al-Asel\main\views_cbv.py changed, reloading.
INFO 2025-12-25 20:39:27,885 autoreload 26820 22028 Watching for file changes with StatReloader
INFO 2025-12-25 20:39:45,372 autoreload 26252 11748 Watching for file changes with StatReloader
INFO 2025-12-25 20:39:48,612 basehttp 26252 1852 "GET /admin/main/store_order/49/change/ HTTP/1.1" 200 16795
INFO 2025-12-25 20:39:52,755 basehttp 26252 10112 "POST /admin/main/store_order/49/change/ HTTP/1.1" 302 0
INFO 2025-12-25 20:39:52,794 basehttp 26252 10112 "GET /admin/main/store_order/ HTTP/1.1" 200 12320
INFO 2025-12-25 20:39:52,813 basehttp 26252 10112 "GET /admin/jsi18n/ HTTP/1.1" 200 14011
INFO 2025-12-25 20:39:53,228 basehttp 26252 10112 "GET /admin/main/store_order/49/change/ HTTP/1.1" 200 16811
INFO 2025-12-25 20:39:56,834 basehttp 26252 10112 "POST /admin/main/store_order/49/change/ HTTP/1.1" 302 0
INFO 2025-12-25 20:39:56,857 basehttp 26252 10112 "GET /admin/main/store_order/ HTTP/1.1" 200 12313
INFO 2025-12-25 20:39:56,882 basehttp 26252 10112 "GET /admin/jsi18n/ HTTP/1.1" 200 14011
INFO 2025-12-25 20:39:57,890 basehttp 26252 10112 "GET /admin/main/store_order/49/change/ HTTP/1.1" 200 16803
INFO 2025-12-25 20:40:01,424 basehttp 26252 18732 "POST /admin/main/store_order/49/change/ HTTP/1.1" 302 0
INFO 2025-12-25 20:40:01,449 basehttp 26252 18732 "GET /admin/main/store_order/ HTTP/1.1" 200 12313
INFO 2025-12-25 20:40:01,468 basehttp 26252 18732 "GET /admin/jsi18n/ HTTP/1.1" 200 14011
INFO 2025-12-25 20:40:04,050 basehttp 26252 18732 "GET /admin/main/store_order/49/change/ HTTP/1.1" 200 16795
INFO 2025-12-25 20:40:04,068 basehttp 26252 18732 "GET /admin/jsi18n/ HTTP/1.1" 200 14011
INFO 2025-12-25 20:40:06,089 basehttp 26252 18732 "POST /admin/main/store_order/49/change/ HTTP/1.1" 302 0
INFO 2025-12-25 20:40:06,110 basehttp 26252 18732 "GET /admin/main/store_order/ HTTP/1.1" 200 12316
INFO 2025-12-25 20:40:06,125 basehttp 26252 18732 "GET /admin/jsi18n/ HTTP/1.1" 200 14011
INFO 2025-12-25 20:40:07,545 basehttp 26252 18732 "GET /coming_order/49 HTTP/1.1" 200 55857
INFO 2025-12-25 20:40:18,864 basehttp 26252 16068 "GET /coming_change_rest?order_id=49 HTTP/1.1" 200 34576
INFO 2025-12-25 20:40:22,841 basehttp 26252 13764 "POST /coming_change_rest HTTP/1.1" 302 0
INFO 2025-12-25 20:40:22,869 basehttp 26252 13764 "GET /coming_order/49 HTTP/1.1" 200 57871
ERROR 2025-12-25 20:40:27,794 log 26252 13764 Internal Server Error: /coming_order/49/mass_edit
Traceback (most recent call last):
  File "C:\Users\mahmo\AppData\Roaming\Python\Python313\site-packages\django\core\handlers\exception.py", line 55, in inner
    response = get_response(request)
  File "C:\Users\mahmo\AppData\Roaming\Python\Python313\site-packages\django\core\handlers\base.py", line 197, in _get_response
    response = wrapped_callback(request, *callback_args, **callback_kwargs)
  File "C:\Users\mahmo\AppData\Roaming\Python\Python313\site-packages\django\contrib\auth\decorators.py", line 23, in _wrapper_view
    return view_func(request, *args, **kwargs)
  File "C:\D\Cooding\GENERAL\Al-Asel\main\views_cbv.py", line 1146, in mass_edit_coming_order
    item.save()
    ~~~~~~~~~^^
  File "C:\D\Cooding\GENERAL\Al-Asel\main\models.py", line 334, in save
    old_instance.update_item_prices(reverse=True)
    ~~~~~~~~~~~~~~~~~~~~~~~~~~~~~~~^^^^^^^^^^^^^^
  File "C:\D\Cooding\GENERAL\Al-Asel\main\models.py", line 354, in update_item_prices
    self.item.gomla_gomla_price += factor * self.change_gomla_gomla_price
                                   ~~~~~~~^~~~~~~~~~~~~~~~~~~~~~~~~~~~~~~
TypeError: unsupported operand type(s) for *: 'int' and 'NoneType'
ERROR 2025-12-25 20:40:27,798 basehttp 26252 13764 "POST /coming_order/49/mass_edit HTTP/1.1" 500 91664
INFO 2025-12-25 20:40:42,134 basehttp 26252 16988 "GET /coming_change_rest?order_id=49 HTTP/1.1" 200 34562
INFO 2025-12-25 20:40:45,907 basehttp 26252 16988 "POST /coming_change_rest HTTP/1.1" 302 0
INFO 2025-12-25 20:40:45,933 basehttp 26252 16988 "GET /coming_order/49 HTTP/1.1" 200 58151
INFO 2025-12-25 20:40:48,372 basehttp 26252 16988 "GET /coming_order/49 HTTP/1.1" 200 57891
INFO 2025-12-25 20:40:50,556 basehttp 26252 18620 "GET /coming_put_rest?order_id=49 HTTP/1.1" 200 32697
INFO 2025-12-25 20:40:54,427 basehttp 26252 18620 "GET /coming_change_rest?order_id=49 HTTP/1.1" 200 34562
INFO 2025-12-25 20:41:00,254 basehttp 26252 28576 "POST /coming_change_rest HTTP/1.1" 302 0
INFO 2025-12-25 20:41:00,288 basehttp 26252 28576 "GET /coming_order/49 HTTP/1.1" 200 58431
INFO 2025-12-25 20:41:18,909 basehttp 26252 15044 "GET /coming_put_rest?order_id=49 HTTP/1.1" 200 32697
INFO 2025-12-25 20:41:20,245 basehttp 26252 29780 "GET /coming_change_rest?order_id=49 HTTP/1.1" 200 34562
INFO 2025-12-25 20:41:24,938 basehttp 26252 29780 "POST /coming_change_rest HTTP/1.1" 302 0
INFO 2025-12-25 20:41:24,968 basehttp 26252 29780 "GET /coming_order/49 HTTP/1.1" 200 58431
INFO 2025-12-25 20:41:34,767 basehttp 26252 3060 "GET /coming_put_rest?order_id=49 HTTP/1.1" 200 32697
INFO 2025-12-25 20:43:39,856 autoreload 23176 18772 Watching for file changes with StatReloader
INFO 2025-12-25 20:43:41,115 basehttp 23176 18820 "GET /coming_put_rest?order_id=49 HTTP/1.1" 200 32697
INFO 2025-12-25 20:43:42,683 basehttp 23176 18820 "GET /coming_order/49 HTTP/1.1" 200 59971
INFO 2025-12-25 20:43:48,808 basehttp 23176 18820 "POST /coming_put_rest HTTP/1.1" 302 0
INFO 2025-12-25 20:43:48,835 basehttp 23176 18820 "GET /coming_order/49 HTTP/1.1" 200 59742
INFO 2025-12-25 20:43:50,230 basehttp 23176 18820 "GET /coming_order/49 HTTP/1.1" 200 59490
INFO 2025-12-25 20:43:54,590 basehttp 23176 18820 "GET /coming_change_rest?order_id=49 HTTP/1.1" 200 34576
INFO 2025-12-25 20:43:59,111 basehttp 23176 18820 "POST /coming_change_rest HTTP/1.1" 302 0
INFO 2025-12-25 20:43:59,139 basehttp 23176 18820 "GET /coming_order/49 HTTP/1.1" 200 60796
INFO 2025-12-25 20:43:59,679 basehttp 23176 18820 "GET /coming_order/49 HTTP/1.1" 200 60536
INFO 2025-12-25 20:44:01,957 basehttp 23176 15068 "GET /coming_change_rest?order_id=49 HTTP/1.1" 200 34565
INFO 2025-12-25 20:44:06,538 basehttp 23176 15068 "POST /coming_change_rest HTTP/1.1" 302 0
INFO 2025-12-25 20:44:06,568 basehttp 23176 15068 "GET /coming_order/49 HTTP/1.1" 200 61073
INFO 2025-12-25 20:44:26,024 basehttp 23176 6656 "POST /coming_put_rest HTTP/1.1" 302 0
INFO 2025-12-25 20:44:26,053 basehttp 23176 6656 "GET /coming_order/49 HTTP/1.1" 200 61345
INFO 2025-12-25 20:44:35,850 basehttp 23176 6656 "GET /done_coming_order/49 HTTP/1.1" 302 0
INFO 2025-12-25 20:44:35,877 basehttp 23176 6656 "GET /coming_order/49 HTTP/1.1" 200 47192
INFO 2025-12-25 20:44:44,326 basehttp 23176 6656 "POST /coming_put_rest HTTP/1.1" 302 0
INFO 2025-12-25 20:44:44,356 basehttp 23176 6656 "GET /coming_order/49 HTTP/1.1" 200 47205
INFO 2025-12-25 20:44:50,823 basehttp 23176 6656 "POST /coming_put_rest HTTP/1.1" 302 0
INFO 2025-12-25 20:44:50,850 basehttp 23176 6656 "GET /coming_order/49 HTTP/1.1" 200 46709
INFO 2025-12-25 20:44:59,187 basehttp 23176 27220 "GET /coming_order/49 HTTP/1.1" 200 46457
INFO 2025-12-25 20:45:18,511 basehttp 23176 27220 "GET /users/ HTTP/1.1" 200 36768
INFO 2025-12-25 20:45:19,797 basehttp 23176 27220 "GET / HTTP/1.1" 200 51967
INFO 2025-12-25 20:45:19,999 basehttp 23176 27220 "GET /api/branch_stock/1 HTTP/1.1" 200 37
INFO 2025-12-25 20:46:37,993 autoreload 23176 18772 C:\D\Cooding\GENERAL\Al-Asel\main\models.py changed, reloading.
INFO 2025-12-25 20:46:38,584 autoreload 29552 17296 Watching for file changes with StatReloader
INFO 2025-12-25 20:47:19,447 autoreload 29552 17296 C:\D\Cooding\GENERAL\Al-Asel\main\views_cbv.py changed, reloading.
INFO 2025-12-25 20:47:19,988 autoreload 17944 29380 Watching for file changes with StatReloader
INFO 2025-12-25 20:47:58,824 autoreload 17944 29380 C:\D\Cooding\GENERAL\Al-Asel\main\admin.py changed, reloading.
INFO 2025-12-25 20:47:59,480 autoreload 22728 21612 Watching for file changes with StatReloader
INFO 2025-12-25 20:48:51,489 basehttp 22728 24680 "GET / HTTP/1.1" 200 51967
INFO 2025-12-25 20:48:51,642 basehttp 22728 24680 "GET /api/branch_stock/1 HTTP/1.1" 200 37
INFO 2025-12-25 20:48:58,327 basehttp 22728 24680 "GET /api/branch_stock/13 HTTP/1.1" 200 83
INFO 2025-12-25 20:49:07,901 basehttp 22728 24680 "GET /admin/main/store_order/ HTTP/1.1" 200 12708
INFO 2025-12-25 20:49:07,922 basehttp 22728 24680 "GET /admin/jsi18n/ HTTP/1.1" 200 14011
INFO 2025-12-25 20:49:13,953 basehttp 22728 24680 "GET /admin/main/store_orderitem/ HTTP/1.1" 200 14835
INFO 2025-12-25 20:49:13,971 basehttp 22728 24680 "GET /admin/jsi18n/ HTTP/1.1" 200 14011
INFO 2025-12-25 20:49:42,757 basehttp 22728 24680 "POST / HTTP/1.1" 302 0
INFO 2025-12-25 20:49:42,780 basehttp 22728 24680 "GET /order_info/9 HTTP/1.1" 200 41793
INFO 2025-12-25 20:49:46,578 basehttp 22728 7688 "GET / HTTP/1.1" 200 51967
INFO 2025-12-25 20:49:46,881 basehttp 22728 7688 "GET /api/branch_stock/1 HTTP/1.1" 200 37
INFO 2025-12-25 20:49:50,648 basehttp 22728 7688 "GET /api/branch_stock/13 HTTP/1.1" 200 83
INFO 2025-12-25 20:49:58,830 basehttp 22728 12928 "GET /put_rest?order_id=9 HTTP/1.1" 200 34004
INFO 2025-12-25 20:50:02,376 basehttp 22728 12928 "POST /put_rest?order_id=9 HTTP/1.1" 302 0
INFO 2025-12-25 20:50:02,398 basehttp 22728 12928 "GET /order_info/9 HTTP/1.1" 200 44030
INFO 2025-12-25 20:50:16,594 basehttp 22728 16268 "POST /change_rest HTTP/1.1" 302 0
INFO 2025-12-25 20:50:16,617 basehttp 22728 16268 "GET /order_info/9 HTTP/1.1" 200 44461
INFO 2025-12-25 20:50:26,612 basehttp 22728 28916 "POST /change_rest HTTP/1.1" 200 34327
INFO 2025-12-25 20:50:43,550 basehttp 22728 27900 "POST /change_rest HTTP/1.1" 302 0
INFO 2025-12-25 20:50:43,574 basehttp 22728 27900 "GET /order_info/9 HTTP/1.1" 200 44130
INFO 2025-12-25 20:52:06,367 basehttp 22728 28092 "GET /users/all_coming_orders HTTP/1.1" 200 35288
INFO 2025-12-25 20:52:08,111 basehttp 22728 28092 "GET /coming_order/49 HTTP/1.1" 200 46457
INFO 2025-12-25 20:52:47,078 basehttp 22728 29200 "GET /coming_change_rest?order_id=49 HTTP/1.1" 200 34576
INFO 2025-12-25 20:52:50,201 basehttp 22728 29200 "POST /coming_change_rest HTTP/1.1" 302 0
INFO 2025-12-25 20:52:50,228 basehttp 22728 29200 "GET /coming_order/49 HTTP/1.1" 200 47759
INFO 2025-12-25 20:55:10,881 basehttp 22728 27192 "GET /coming_order/49 HTTP/1.1" 200 49593
INFO 2025-12-25 20:55:27,650 basehttp 22728 3352 "GET /total_orders HTTP/1.1" 200 42447
INFO 2025-12-25 20:55:34,061 basehttp 22728 14628 "GET /users/ HTTP/1.1" 200 37532
INFO 2025-12-25 20:55:35,387 basehttp 22728 14628 "GET / HTTP/1.1" 200 51967
INFO 2025-12-25 20:55:35,579 basehttp 22728 14628 "GET /api/branch_stock/1 HTTP/1.1" 200 37
INFO 2025-12-25 20:55:37,063 basehttp 22728 14628 "GET /users/ HTTP/1.1" 200 37532
INFO 2025-12-25 20:55:38,444 basehttp 22728 14628 "GET /order_info/9 HTTP/1.1" 200 44270
INFO 2025-12-25 20:55:57,376 basehttp 22728 7112 "GET /change_rank/9 HTTP/1.1" 302 0
INFO 2025-12-25 20:55:57,393 basehttp 22728 7112 "GET /edit_order/9 HTTP/1.1" 200 44515
INFO 2025-12-25 20:55:59,719 basehttp 22728 7112 "GET /change_rank/9 HTTP/1.1" 302 0
INFO 2025-12-25 20:55:59,734 basehttp 22728 7112 "GET /edit_order/9 HTTP/1.1" 200 44526
INFO 2025-12-25 20:56:01,598 basehttp 22728 21680 "GET /change_rank/9 HTTP/1.1" 302 0
INFO 2025-12-25 20:56:01,624 basehttp 22728 21680 "GET /edit_order/9 HTTP/1.1" 200 44515
INFO 2025-12-25 20:56:07,403 basehttp 22728 21680 "GET /edit_order/9 HTTP/1.1" 200 44515
INFO 2025-12-25 20:56:13,449 basehttp 22728 12764 "GET /order_info/9 HTTP/1.1" 200 44259
INFO 2025-12-25 20:56:44,493 basehttp 22728 23760 "GET /change_rank/9 HTTP/1.1" 302 0
INFO 2025-12-25 20:56:44,516 basehttp 22728 23760 "GET /edit_order/9 HTTP/1.1" 200 44526
INFO 2025-12-25 20:58:23,459 autoreload 22728 21612 C:\D\Cooding\GENERAL\Al-Asel\main\views_cbv.py changed, reloading.
INFO 2025-12-25 20:58:24,124 autoreload 27868 20428 Watching for file changes with StatReloader
INFO 2025-12-25 20:59:15,058 basehttp 27868 24160 "GET /edit_order/9 HTTP/1.1" 200 46572
INFO 2025-12-25 20:59:19,136 basehttp 27868 24160 "GET /change_rank/9?rank=market HTTP/1.1" 302 0
INFO 2025-12-25 20:59:19,152 basehttp 27868 24160 "GET /edit_order/9 HTTP/1.1" 200 46577
INFO 2025-12-25 20:59:22,875 basehttp 27868 24148 "GET /change_rank/9?rank=gomla_gomla HTTP/1.1" 302 0
INFO 2025-12-25 20:59:22,891 basehttp 27868 24148 "GET /edit_order/9 HTTP/1.1" 200 46579
INFO 2025-12-25 20:59:27,409 basehttp 27868 24148 "GET /change_rank/9?rank=gomla HTTP/1.1" 302 0
INFO 2025-12-25 20:59:27,438 basehttp 27868 24148 "GET /edit_order/9 HTTP/1.1" 200 46572
INFO 2025-12-25 20:59:41,208 basehttp 27868 23824 "GET /users/ HTTP/1.1" 200 37532
INFO 2025-12-25 20:59:42,497 basehttp 27868 23824 "GET / HTTP/1.1" 200 51967
INFO 2025-12-25 20:59:42,605 basehttp 27868 23824 "GET /api/branch_stock/1 HTTP/1.1" 200 37
INFO 2025-12-25 20:59:43,659 basehttp 27868 23824 "GET /users/ HTTP/1.1" 200 37532
INFO 2025-12-25 20:59:44,708 basehttp 27868 23824 "GET /users/1 HTTP/1.1" 200 33050
INFO 2025-12-25 20:59:46,502 basehttp 27868 24508 "GET / HTTP/1.1" 200 51967
INFO 2025-12-25 20:59:46,690 basehttp 27868 24508 "GET /api/branch_stock/1 HTTP/1.1" 200 37
INFO 2025-12-25 20:59:48,248 basehttp 27868 24508 "GET /total_orders HTTP/1.1" 200 42447
INFO 2025-12-25 20:59:49,459 basehttp 27868 24508 "GET /users/ HTTP/1.1" 200 37532
INFO 2025-12-25 20:59:51,148 basehttp 27868 24508 "GET /users/29 HTTP/1.1" 200 38639
INFO 2025-12-25 20:59:53,742 basehttp 27868 24508 "GET /users/28 HTTP/1.1" 200 33055
INFO 2025-12-25 20:59:57,254 basehttp 27868 24340 "GET /users/28 HTTP/1.1" 200 33055
INFO 2025-12-25 20:59:58,829 basehttp 27868 24340 "GET /users/29 HTTP/1.1" 200 38639
INFO 2025-12-25 21:00:02,381 basehttp 27868 24340 "POST /users/29/delete HTTP/1.1" 302 0
INFO 2025-12-25 21:00:02,411 basehttp 27868 24340 "GET /users/29 HTTP/1.1" 200 38971
INFO 2025-12-25 21:01:21,539 basehttp 27868 29492 "GET / HTTP/1.1" 200 51967
INFO 2025-12-25 21:01:21,730 basehttp 27868 29492 "GET /api/branch_stock/1 HTTP/1.1" 200 37
INFO 2025-12-25 21:01:22,534 basehttp 27868 29492 "GET /total_orders HTTP/1.1" 200 42447
INFO 2025-12-25 21:01:26,642 basehttp 27868 29492 "GET /total_orders/month_sales?m=12&y=2025 HTTP/1.1" 200 41384
INFO 2025-12-25 21:01:35,188 basehttp 27868 29492 "GET /users/ HTTP/1.1" 200 37532
INFO 2025-12-25 21:01:36,394 basehttp 27868 29492 "GET / HTTP/1.1" 200 51967
INFO 2025-12-25 21:01:36,497 basehttp 27868 29492 "GET /api/branch_stock/1 HTTP/1.1" 200 37
INFO 2025-12-25 21:01:39,933 basehttp 27868 29492 "GET /transfer/make/ HTTP/1.1" 200 43541
INFO 2025-12-25 21:01:43,471 basehttp 27868 27944 "GET /transfer/make/?from_branch=13 HTTP/1.1" 200 43551
INFO 2025-12-25 21:01:47,048 basehttp 27868 27944 "GET /transfer/make/?from_branch=28 HTTP/1.1" 200 43541
INFO 2025-12-25 21:01:49,175 basehttp 27868 27944 "GET /transfer/make/?from_branch=1 HTTP/1.1" 200 43541
INFO 2025-12-25 21:01:54,998 basehttp 27868 11748 "GET /transfer/make/?from_branch=13 HTTP/1.1" 200 43551
INFO 2025-12-25 21:01:57,792 basehttp 27868 11748 "GET /transfer/make/?from_branch=28 HTTP/1.1" 200 43541
INFO 2025-12-25 21:01:59,834 basehttp 27868 11748 "GET /transfer/make/?from_branch=1 HTTP/1.1" 200 43541
INFO 2025-12-25 21:02:07,683 basehttp 27868 11748 "GET /transfer/stock/ HTTP/1.1" 200 33050
INFO 2025-12-25 21:02:10,032 basehttp 27868 11748 "GET /transfer/stock/?branch_id=1 HTTP/1.1" 200 34051
INFO 2025-12-25 21:02:12,885 basehttp 27868 11748 "GET /transfer/stock/?branch_id=13 HTTP/1.1" 200 38246
INFO 2025-12-25 21:02:16,927 basehttp 27868 11748 "GET /transfer/stock/?branch_id=28 HTTP/1.1" 200 34053
INFO 2025-12-25 21:02:19,047 basehttp 27868 11748 "GET /total_orders HTTP/1.1" 200 42447
INFO 2025-12-25 21:02:20,339 basehttp 27868 11748 "GET / HTTP/1.1" 200 51967
INFO 2025-12-25 21:02:20,470 basehttp 27868 11748 "GET /api/branch_stock/1 HTTP/1.1" 200 37
INFO 2025-12-25 21:02:21,575 basehttp 27868 11748 "GET /users/ HTTP/1.1" 200 37532
INFO 2025-12-25 21:02:22,808 basehttp 27868 11748 "GET /order_info/9 HTTP/1.1" 200 46316
INFO 2025-12-25 21:02:28,392 basehttp 27868 11748 "GET /delete_order/9 HTTP/1.1" 200 34674
INFO 2025-12-25 21:02:31,166 basehttp 27868 11748 "POST /delete_order/9 HTTP/1.1" 302 0
INFO 2025-12-25 21:02:31,204 basehttp 27868 11748 "GET /users/13 HTTP/1.1" 200 38583
INFO 2025-12-25 21:02:41,310 basehttp 27868 18520 "GET /users/all_coming_orders HTTP/1.1" 200 35288
INFO 2025-12-25 21:02:44,700 basehttp 27868 23508 "GET /users/ HTTP/1.1" 200 36768
INFO 2025-12-25 21:02:47,529 basehttp 27868 23508 "GET /admin/main/store_orderitem/ HTTP/1.1" 200 14845
INFO 2025-12-25 21:02:47,551 basehttp 27868 23508 "GET /admin/jsi18n/ HTTP/1.1" 200 14011
INFO 2025-12-25 21:02:59,348 basehttp 27868 23508 "GET /users/ HTTP/1.1" 200 36768
INFO 2025-12-25 21:03:00,312 basehttp 27868 23508 "GET / HTTP/1.1" 200 51967
INFO 2025-12-25 21:03:00,419 basehttp 27868 23508 "GET /api/branch_stock/1 HTTP/1.1" 200 37
INFO 2025-12-25 21:03:10,610 basehttp 27868 23508 "GET /api/branch_stock/13 HTTP/1.1" 200 83
INFO 2025-12-25 21:03:19,612 basehttp 27868 23508 "GET /admin/main/store_orderitem/204/change/ HTTP/1.1" 200 22874
INFO 2025-12-25 21:03:19,634 basehttp 27868 23508 "GET /admin/jsi18n/ HTTP/1.1" 200 14011
INFO 2025-12-25 21:03:22,384 basehttp 27868 23508 "GET /admin/main/store_orderitem/ HTTP/1.1" 200 14845
INFO 2025-12-25 21:03:27,169 basehttp 27868 23508 "GET /admin/main/item/ HTTP/1.1" 200 14216
INFO 2025-12-25 21:03:27,185 basehttp 27868 23508 "GET /admin/jsi18n/ HTTP/1.1" 200 14011
INFO 2025-12-25 21:03:31,379 basehttp 27868 23508 "GET /admin/main/item/56/change/ HTTP/1.1" 200 17600
INFO 2025-12-25 21:03:31,400 basehttp 27868 23508 "GET /admin/jsi18n/ HTTP/1.1" 200 14011
INFO 2025-12-25 21:03:36,586 basehttp 27868 23508 "POST /admin/main/item/56/change/ HTTP/1.1" 302 0
INFO 2025-12-25 21:03:36,609 basehttp 27868 23508 "GET /admin/main/item/ HTTP/1.1" 200 14423
INFO 2025-12-25 21:03:36,627 basehttp 27868 23508 "GET /admin/jsi18n/ HTTP/1.1" 200 14011
INFO 2025-12-25 21:03:38,453 basehttp 27868 23508 "GET / HTTP/1.1" 200 51967
INFO 2025-12-25 21:03:38,577 basehttp 27868 23508 "GET /api/branch_stock/1 HTTP/1.1" 200 37
INFO 2025-12-25 21:03:40,848 basehttp 27868 23508 "GET /api/branch_stock/13 HTTP/1.1" 200 83
INFO 2025-12-25 21:03:42,143 basehttp 27868 23508 "GET / HTTP/1.1" 200 51967
INFO 2025-12-25 21:03:42,254 basehttp 27868 23508 "GET /api/branch_stock/1 HTTP/1.1" 200 37
INFO 2025-12-25 21:03:49,297 autoreload 21680 12720 Watching for file changes with StatReloader
INFO 2025-12-25 21:03:50,232 basehttp 21680 23940 "GET / HTTP/1.1" 200 51967
INFO 2025-12-25 21:03:50,349 basehttp 21680 23940 "GET /api/branch_stock/1 HTTP/1.1" 200 37
INFO 2025-12-25 21:03:53,870 basehttp 21680 23940 "GET /api/branch_stock/13 HTTP/1.1" 200 83
INFO 2025-12-25 21:03:58,300 basehttp 21680 23940 "GET /admin/main/item/ HTTP/1.1" 200 14216
INFO 2025-12-25 21:03:58,318 basehttp 21680 23940 "GET /admin/jsi18n/ HTTP/1.1" 200 14011
INFO 2025-12-25 21:04:06,323 basehttp 21680 23940 "GET / HTTP/1.1" 200 51967
INFO 2025-12-25 21:04:06,434 basehttp 21680 23940 "GET /api/branch_stock/1 HTTP/1.1" 200 37
INFO 2025-12-25 21:04:08,534 basehttp 21680 23940 "GET /api/branch_stock/13 HTTP/1.1" 200 83
INFO 2025-12-25 21:04:17,480 basehttp 21680 23940 "GET /admin/main/supplytransaction/ HTTP/1.1" 200 16515
INFO 2025-12-25 21:04:17,499 basehttp 21680 28540 "GET /admin/jsi18n/ HTTP/1.1" 200 14011
INFO 2025-12-25 21:04:17,590 basehttp 21680 23940 "GET /static/admin/img/search.svg HTTP/1.1" 200 458
INFO 2025-12-25 21:04:32,630 basehttp 21680 23940 "GET /coming_order/49 HTTP/1.1" 200 49593
INFO 2025-12-25 21:04:40,273 basehttp 21680 23940 "POST /admin/main/supplytransaction/ HTTP/1.1" 200 11781
INFO 2025-12-25 21:04:41,395 basehttp 21680 23940 "POST /admin/main/supplytransaction/ HTTP/1.1" 302 0
INFO 2025-12-25 21:04:41,408 basehttp 21680 23940 "GET /admin/main/supplytransaction/ HTTP/1.1" 200 11629
INFO 2025-12-25 21:04:41,430 basehttp 21680 23940 "GET /admin/jsi18n/ HTTP/1.1" 200 14011
INFO 2025-12-25 21:04:42,269 basehttp 21680 23940 "GET /coming_order/49 HTTP/1.1" 200 44271
INFO 2025-12-25 21:04:42,925 basehttp 21680 23940 "GET /coming_order/49 HTTP/1.1" 200 44271
INFO 2025-12-25 21:04:52,723 basehttp 21680 23940 "POST /coming_put_rest HTTP/1.1" 302 0
INFO 2025-12-25 21:04:52,751 basehttp 21680 23940 "GET /coming_order/49 HTTP/1.1" 200 45260
INFO 2025-12-25 21:04:53,919 basehttp 21680 23940 "GET /coming_order/49 HTTP/1.1" 200 45008
INFO 2025-12-25 21:04:55,742 basehttp 21680 23940 "GET / HTTP/1.1" 200 51967
INFO 2025-12-25 21:04:55,848 basehttp 21680 23940 "GET /api/branch_stock/1 HTTP/1.1" 200 37
INFO 2025-12-25 21:04:56,858 basehttp 21680 23940 "GET /admin/main/supplytransaction/ HTTP/1.1" 200 13303
INFO 2025-12-25 21:04:56,871 basehttp 21680 23940 "GET /admin/jsi18n/ HTTP/1.1" 200 14011
INFO 2025-12-25 21:05:00,426 basehttp 21680 23940 "POST /admin/main/supplytransaction/ HTTP/1.1" 302 0
INFO 2025-12-25 21:05:00,450 basehttp 21680 23940 "GET /admin/main/supplytransaction/ HTTP/1.1" 200 13436
INFO 2025-12-25 21:05:00,467 basehttp 21680 23940 "GET /admin/jsi18n/ HTTP/1.1" 200 14011
INFO 2025-12-25 21:05:00,478 basehttp 21680 23940 "GET /static/admin/img/icon-alert.svg HTTP/1.1" 200 504
INFO 2025-12-25 21:05:05,502 basehttp 21680 23940 "POST /admin/main/supplytransaction/ HTTP/1.1" 200 10418
INFO 2025-12-25 21:05:06,373 basehttp 21680 23940 "POST /admin/main/supplytransaction/ HTTP/1.1" 302 0
INFO 2025-12-25 21:05:06,390 basehttp 21680 23940 "GET /admin/main/supplytransaction/ HTTP/1.1" 200 11628
INFO 2025-12-25 21:05:06,404 basehttp 21680 23940 "GET /admin/jsi18n/ HTTP/1.1" 200 14011
INFO 2025-12-25 21:05:08,293 basehttp 21680 23940 "GET /admin/main/orderitem/ HTTP/1.1" 200 10202
INFO 2025-12-25 21:05:08,310 basehttp 21680 23940 "GET /admin/jsi18n/ HTTP/1.1" 200 14011
INFO 2025-12-25 21:05:10,131 basehttp 21680 23940 "GET /admin/main/item/ HTTP/1.1" 200 14216
INFO 2025-12-25 21:05:10,146 basehttp 21680 23940 "GET /admin/jsi18n/ HTTP/1.1" 200 14011
INFO 2025-12-25 21:05:16,045 basehttp 21680 23940 "GET /admin/main/orderitem/ HTTP/1.1" 200 10202
INFO 2025-12-25 21:05:16,059 basehttp 21680 23940 "GET /admin/jsi18n/ HTTP/1.1" 200 14011
INFO 2025-12-25 21:05:19,081 basehttp 21680 23940 "GET /admin/main/store_order/ HTTP/1.1" 200 12708
INFO 2025-12-25 21:05:19,095 basehttp 21680 23940 "GET /admin/jsi18n/ HTTP/1.1" 200 14011
INFO 2025-12-25 21:05:20,554 basehttp 21680 23940 "GET /admin/main/store_orderitem/ HTTP/1.1" 200 14835
INFO 2025-12-25 21:05:20,573 basehttp 21680 23940 "GET /admin/jsi18n/ HTTP/1.1" 200 14011
INFO 2025-12-25 21:05:23,417 basehttp 21680 23940 "GET / HTTP/1.1" 200 51967
INFO 2025-12-25 21:05:23,517 basehttp 21680 23940 "GET /api/branch_stock/1 HTTP/1.1" 200 37
INFO 2025-12-25 21:05:29,069 basehttp 21680 23940 "GET /api/branch_stock/28 HTTP/1.1" 200 30
INFO 2025-12-25 21:05:30,929 basehttp 21680 23940 "GET /api/branch_stock/13 HTTP/1.1" 200 83
INFO 2025-12-25 21:05:38,104 basehttp 21680 23940 "GET /coming_order/49 HTTP/1.1" 200 43510
INFO 2025-12-25 21:05:47,850 basehttp 21680 23940 "GET /manage/items HTTP/1.1" 200 65474
INFO 2025-12-25 21:09:28,713 autoreload 21680 12720 C:\D\Cooding\GENERAL\Al-Asel\main\views_cbv.py changed, reloading.
INFO 2025-12-25 21:09:29,277 autoreload 16200 21732 Watching for file changes with StatReloader
INFO 2025-12-25 21:10:00,199 autoreload 16200 21732 C:\D\Cooding\GENERAL\Al-Asel\main\urls.py changed, reloading.
INFO 2025-12-25 21:10:00,712 autoreload 22652 3060 Watching for file changes with StatReloader
INFO 2025-12-25 21:10:03,002 basehttp 22652 21648 "GET /manage/items HTTP/1.1" 200 71784
INFO 2025-12-25 21:10:08,905 basehttp 22652 20060 "GET /manage/items HTTP/1.1" 200 71784
INFO 2025-12-25 21:10:32,043 basehttp 22652 28704 "GET /manage/items HTTP/1.1" 200 71794
INFO 2025-12-25 21:10:43,164 basehttp 22652 17156 "GET / HTTP/1.1" 200 51967
INFO 2025-12-25 21:10:43,400 basehttp 22652 17156 "GET /api/branch_stock/1 HTTP/1.1" 200 37
INFO 2025-12-25 21:10:46,865 basehttp 22652 17156 "GET /manage/items HTTP/1.1" 200 71794
INFO 2025-12-25 21:10:49,445 basehttp 22652 17156 "GET /manage/items/57/stock HTTP/1.1" 200 298
INFO 2025-12-25 21:10:55,109 basehttp 22652 22232 "GET /manage/items/56/stock HTTP/1.1" 200 347
INFO 2025-12-25 21:11:00,623 basehttp 22652 22232 "POST /manage/items/56/delete HTTP/1.1" 200 191
INFO 2025-12-25 21:11:02,161 basehttp 22652 22232 "GET /manage/items HTTP/1.1" 200 68240
INFO 2025-12-25 21:11:14,570 basehttp 22652 21872 "GET / HTTP/1.1" 200 50171
INFO 2025-12-25 21:11:14,728 basehttp 22652 21872 "GET /api/branch_stock/1 HTTP/1.1" 200 37
INFO 2025-12-25 21:11:28,380 basehttp 22652 23752 "GET /admin/main/store_orderitem/ HTTP/1.1" 200 14291
INFO 2025-12-25 21:11:28,424 basehttp 22652 23752 "GET /admin/jsi18n/ HTTP/1.1" 200 14011
INFO 2025-12-25 21:11:35,231 basehttp 22652 26432 "GET /admin/main/store_orderitem/add/ HTTP/1.1" 200 22308
INFO 2025-12-25 21:11:35,249 basehttp 22652 26432 "GET /admin/jsi18n/ HTTP/1.1" 200 14011
INFO 2025-12-25 21:11:42,676 basehttp 22652 27764 "GET /admin/main/store_orderitem/ HTTP/1.1" 200 14291
INFO 2025-12-25 21:11:42,709 basehttp 22652 27764 "GET /admin/jsi18n/ HTTP/1.1" 200 14011
INFO 2025-12-25 21:12:02,166 basehttp 22652 12700 "GET /admin/main/store_orderitem/203/change/ HTTP/1.1" 200 22786
INFO 2025-12-25 21:12:02,183 basehttp 22652 12700 "GET /admin/jsi18n/ HTTP/1.1" 200 14011
INFO 2025-12-25 21:12:18,548 basehttp 22652 20292 "GET /admin/main/item/ HTTP/1.1" 200 13819
INFO 2025-12-25 21:12:18,604 basehttp 22652 20292 "GET /admin/jsi18n/ HTTP/1.1" 200 14011
INFO 2025-12-25 21:12:27,595 basehttp 22652 20292 "GET /admin/main/item/55/change/ HTTP/1.1" 200 17546
INFO 2025-12-25 21:12:27,641 basehttp 22652 20292 "GET /admin/jsi18n/ HTTP/1.1" 200 14011
INFO 2025-12-25 21:12:30,072 basehttp 22652 20292 "GET /admin/main/item/add/ HTTP/1.1" 200 17268
INFO 2025-12-25 21:12:30,092 basehttp 22652 20292 "GET /admin/jsi18n/ HTTP/1.1" 200 14011
INFO 2025-12-25 21:15:04,509 basehttp 22652 22728 "POST /admin/main/item/add/ HTTP/1.1" 302 0
INFO 2025-12-25 21:15:04,533 basehttp 22652 22728 "GET /admin/main/item/ HTTP/1.1" 200 14419
INFO 2025-12-25 21:15:04,549 basehttp 22652 22728 "GET /admin/jsi18n/ HTTP/1.1" 200 14011
INFO 2025-12-25 21:15:20,206 basehttp 22652 22728 "GET /admin/main/store_orderitem/add/ HTTP/1.1" 200 22362
INFO 2025-12-25 21:15:20,224 basehttp 22652 22728 "GET /admin/jsi18n/ HTTP/1.1" 200 14011
INFO 2025-12-25 21:15:30,170 basehttp 22652 22728 "POST /admin/main/store_orderitem/add/ HTTP/1.1" 302 0
INFO 2025-12-25 21:15:30,194 basehttp 22652 22728 "GET /admin/main/store_orderitem/ HTTP/1.1" 200 15085
INFO 2025-12-25 21:15:30,209 basehttp 22652 22728 "GET /admin/jsi18n/ HTTP/1.1" 200 14011
INFO 2025-12-25 21:15:33,291 basehttp 22652 22728 "GET /admin/main/store_orderitem/208/change/ HTTP/1.1" 200 22890
INFO 2025-12-25 21:15:33,308 basehttp 22652 22728 "GET /admin/jsi18n/ HTTP/1.1" 200 14011
INFO 2025-12-25 21:16:21,533 basehttp 22652 22728 "GET /users/all_coming_orders HTTP/1.1" 200 35288
INFO 2025-12-25 21:16:23,506 basehttp 22652 22728 "GET /coming_order/49 HTTP/1.1" 200 43503
INFO 2025-12-25 21:16:30,736 basehttp 22652 22728 "GET /admin/main/store_order/ HTTP/1.1" 200 12708
INFO 2025-12-25 21:16:30,810 basehttp 22652 22728 "GET /admin/jsi18n/ HTTP/1.1" 200 14011
INFO 2025-12-25 21:16:34,334 basehttp 22652 22728 "GET /admin/main/store_order/49/change/ HTTP/1.1" 200 17451
INFO 2025-12-25 21:16:34,354 basehttp 22652 22728 "GET /admin/jsi18n/ HTTP/1.1" 200 14011
INFO 2025-12-25 21:16:37,361 basehttp 22652 22728 "POST /admin/main/store_order/49/change/ HTTP/1.1" 302 0
INFO 2025-12-25 21:16:37,381 basehttp 22652 22728 "GET /admin/main/store_order/ HTTP/1.1" 200 12964
INFO 2025-12-25 21:16:37,394 basehttp 22652 22728 "GET /admin/jsi18n/ HTTP/1.1" 200 14011
INFO 2025-12-25 21:16:40,345 basehttp 22652 22728 "GET /coming_order/49 HTTP/1.1" 200 57658
INFO 2025-12-25 21:16:49,525 basehttp 22652 22728 "POST /coming_order/49/mass_edit HTTP/1.1" 302 0
INFO 2025-12-25 21:16:49,543 basehttp 22652 22728 "GET /coming_order/49 HTTP/1.1" 200 57917
INFO 2025-12-25 21:16:55,074 basehttp 22652 22728 "POST /coming_order/49/mass_edit HTTP/1.1" 302 0
INFO 2025-12-25 21:16:55,094 basehttp 22652 22728 "GET /coming_order/49 HTTP/1.1" 200 57917
INFO 2025-12-25 21:17:56,691 basehttp 22652 9500 "POST /coming_order/49/mass_edit HTTP/1.1" 302 0
INFO 2025-12-25 21:17:56,712 basehttp 22652 9500 "GET /coming_order/49 HTTP/1.1" 200 57924
INFO 2025-12-25 21:18:03,033 basehttp 22652 23392 "GET /admin/main/item/ HTTP/1.1" 200 14216
INFO 2025-12-25 21:18:03,051 basehttp 22652 23392 "GET /admin/jsi18n/ HTTP/1.1" 200 14011
INFO 2025-12-25 21:18:07,380 basehttp 22652 23392 "GET /admin/main/store_orderitem/208/change/ HTTP/1.1" 200 22915
INFO 2025-12-25 21:18:07,395 basehttp 22652 23392 "GET /admin/jsi18n/ HTTP/1.1" 200 14011
INFO 2025-12-25 21:18:36,243 basehttp 22652 10312 "POST /admin/main/store_orderitem/208/change/ HTTP/1.1" 302 0
INFO 2025-12-25 21:18:36,267 basehttp 22652 10312 "GET /admin/main/store_orderitem/ HTTP/1.1" 200 15109
INFO 2025-12-25 21:18:36,286 basehttp 22652 10312 "GET /admin/jsi18n/ HTTP/1.1" 200 14011
INFO 2025-12-25 21:18:38,707 basehttp 22652 10312 "GET /admin/main/store_orderitem/203/change/ HTTP/1.1" 200 22882
INFO 2025-12-25 21:18:38,725 basehttp 22652 10312 "GET /admin/jsi18n/ HTTP/1.1" 200 14011
INFO 2025-12-25 21:18:42,799 basehttp 22652 10312 "GET /coming_order/49 HTTP/1.1" 200 57666
INFO 2025-12-25 21:18:44,495 basehttp 22652 10312 "GET /users/ HTTP/1.1" 200 36768
INFO 2025-12-25 21:18:46,259 basehttp 22652 10312 "GET / HTTP/1.1" 200 51967
INFO 2025-12-25 21:18:46,439 basehttp 22652 10312 "GET /api/branch_stock/1 HTTP/1.1" 200 37
INFO 2025-12-25 21:18:53,311 basehttp 22652 10312 "GET /api/branch_stock/13 HTTP/1.1" 200 83
INFO 2025-12-25 21:18:55,702 basehttp 22652 10312 "GET /api/branch_stock/28 HTTP/1.1" 200 30
INFO 2025-12-25 21:18:58,324 basehttp 22652 10312 "GET /api/branch_stock/13 HTTP/1.1" 200 83
INFO 2025-12-25 21:19:15,231 basehttp 22652 10312 "GET /manage/items HTTP/1.1" 200 71790
INFO 2025-12-25 21:20:13,550 basehttp 22652 28344 "GET /manage/items/57/stock HTTP/1.1" 200 298
INFO 2025-12-25 21:20:46,728 autoreload 22652 3060 C:\D\Cooding\GENERAL\Al-Asel\main\views_cbv.py changed, reloading.
INFO 2025-12-25 21:20:47,497 autoreload 2428 27096 Watching for file changes with StatReloader
INFO 2025-12-25 21:20:49,406 basehttp 2428 27864 "GET /manage/items/57/stock HTTP/1.1" 200 298
INFO 2025-12-25 21:20:54,294 basehttp 2428 27864 "GET /manage/items/58/stock HTTP/1.1" 200 347
INFO 2025-12-25 21:21:23,521 basehttp 2428 25436 "GET /manage/items HTTP/1.1" 200 71041
INFO 2025-12-25 21:21:26,712 basehttp 2428 25436 "GET /manage/items/57/delete HTTP/1.1" 200 33225
INFO 2025-12-25 21:21:54,202 basehttp 2428 12504 "GET /manage/items HTTP/1.1" 200 71041
INFO 2025-12-25 21:21:59,484 autoreload 26216 27488 Watching for file changes with StatReloader
INFO 2025-12-25 21:22:00,269 basehttp 26216 16116 "GET /manage/items HTTP/1.1" 200 71041
INFO 2025-12-25 21:22:40,889 autoreload 26216 27488 C:\D\Cooding\GENERAL\Al-Asel\main\views_cbv.py changed, reloading.
INFO 2025-12-25 21:22:43,452 autoreload 25972 16196 Watching for file changes with StatReloader
INFO 2025-12-25 21:23:02,210 basehttp 25972 12352 "GET /manage/items HTTP/1.1" 200 70438
INFO 2025-12-25 21:23:07,419 basehttp 25972 12352 "POST /manage/items/58/update HTTP/1.1" 200 203
INFO 2025-12-25 21:23:08,959 basehttp 25972 30448 "GET /manage/items HTTP/1.1" 200 70438
INFO 2025-12-25 21:23:13,292 basehttp 25972 30448 "GET /users/ HTTP/1.1" 200 36768
INFO 2025-12-25 21:23:15,121 basehttp 25972 30448 "GET / HTTP/1.1" 200 51967
INFO 2025-12-25 21:23:15,347 basehttp 25972 30448 "GET /api/branch_stock/1 HTTP/1.1" 200 37
INFO 2025-12-25 21:23:28,628 basehttp 25972 24380 "GET / HTTP/1.1" 200 51967
INFO 2025-12-25 21:23:28,751 basehttp 25972 24380 "GET /api/branch_stock/1 HTTP/1.1" 200 37
INFO 2025-12-25 21:23:37,064 basehttp 25972 24380 "GET /manage/categories HTTP/1.1" 200 42543
INFO 2025-12-25 21:23:46,343 basehttp 25972 7244 "GET /manage/items HTTP/1.1" 200 70438
INFO 2025-12-25 21:23:50,266 basehttp 25972 27772 "GET /manage/items/57/delete HTTP/1.1" 200 33225
INFO 2025-12-25 21:23:51,996 basehttp 25972 27772 "POST /manage/items/57/delete HTTP/1.1" 302 0
INFO 2025-12-25 21:23:52,023 basehttp 25972 27772 "GET /manage/items HTTP/1.1" 200 67615
INFO 2025-12-25 21:24:03,808 basehttp 25972 27772 "GET /manage/categories HTTP/1.1" 200 42556
INFO 2025-12-25 21:24:08,706 basehttp 25972 27772 "POST /manage/categories/15/delete HTTP/1.1" 200 143
INFO 2025-12-25 21:24:10,246 basehttp 25972 27772 "GET /manage/categories HTTP/1.1" 200 40794
INFO 2025-12-25 21:24:22,487 basehttp 25972 27772 "GET /help HTTP/1.1" 200 55785
INFO 2025-12-25 21:24:46,765 basehttp 25972 27772 "GET /total_orders HTTP/1.1" 200 37732
INFO 2025-12-25 21:24:48,740 basehttp 25972 27772 "GET /users/ HTTP/1.1" 200 36768
INFO 2025-12-25 21:24:50,565 basehttp 25972 27772 "GET / HTTP/1.1" 200 49336
INFO 2025-12-25 21:24:50,680 basehttp 25972 27772 "GET /api/branch_stock/1 HTTP/1.1" 200 30
INFO 2025-12-25 21:24:52,079 basehttp 25972 27772 "GET /total_orders HTTP/1.1" 200 37732
INFO 2025-12-25 21:24:53,105 basehttp 25972 27772 "GET /users/ HTTP/1.1" 200 36768
INFO 2025-12-25 21:25:19,316 basehttp 25972 28992 "GET /users/all_coming_orders HTTP/1.1" 200 35289
INFO 2025-12-25 21:25:32,807 basehttp 25972 22812 "GET /coming_order HTTP/1.1" 200 46615
INFO 2025-12-25 21:25:36,099 basehttp 25972 22812 "GET /users/all_coming_orders HTTP/1.1" 200 35289
INFO 2025-12-25 21:25:40,846 basehttp 25972 1648 "GET /all_rest_orders HTTP/1.1" 200 32974
INFO 2025-12-25 21:25:44,958 basehttp 25972 1648 "GET /users/all_orders HTTP/1.1" 200 32753
INFO 2025-12-25 21:25:48,855 basehttp 25972 25884 "GET /users/ HTTP/1.1" 200 36768
INFO 2025-12-25 21:25:56,376 autoreload 26220 9648 Watching for file changes with StatReloader
INFO 2025-12-25 21:26:03,384 basehttp 26220 13256 "GET /transfer/stock/ HTTP/1.1" 200 33050
INFO 2025-12-25 21:26:05,454 basehttp 26220 13256 "GET /help HTTP/1.1" 200 58141
INFO 2025-12-25 21:26:19,881 basehttp 26220 13256 "GET /total_orders HTTP/1.1" 200 37732
INFO 2025-12-25 21:26:22,180 basehttp 26220 13256 "GET /manage/categories HTTP/1.1" 200 40794
INFO 2025-12-25 21:26:23,899 basehttp 26220 13256 "GET / HTTP/1.1" 200 49336
INFO 2025-12-25 21:26:23,995 basehttp 26220 13256 "GET /api/branch_stock/1 HTTP/1.1" 200 30
INFO 2025-12-25 21:26:57,587 basehttp 26220 13256 "GET /users/ HTTP/1.1" 200 36768
INFO 2025-12-25 21:26:59,544 basehttp 26220 13256 "GET / HTTP/1.1" 200 49336
INFO 2025-12-25 21:26:59,643 basehttp 26220 13256 "GET /api/branch_stock/1 HTTP/1.1" 200 30
